2026-01-22 22:03:26,356 INFO  Logger.cs: 70 - 
--------------------------------------------------------------------------------
2026-01-22 22:03:26,386 INFO  Logger.cs: 71 - Logging commencing for SW2URDF exporter
2026-01-22 22:03:26,386 INFO  Logger.cs: 73 - Commit version 1.6.0-4-g7f85cfe
2026-01-22 22:03:26,386 INFO  Logger.cs: 74 - Build version 1.6.7995.38578
2026-01-22 22:03:26,400 INFO  SwAddin.cs: 192 - Attempting to connect to SW
2026-01-22 22:03:26,400 INFO  SwAddin.cs: 197 - Setting up callbacks
2026-01-22 22:03:26,400 INFO  SwAddin.cs: 201 - Setting up command manager
2026-01-22 22:03:26,400 INFO  SwAddin.cs: 204 - Adding command manager
2026-01-22 22:03:26,400 INFO  SwAddin.cs: 263 - Adding Assembly export to file menu
2026-01-22 22:03:26,406 INFO  SwAddin.cs: 272 - Adding Part export to file menu
2026-01-22 22:03:26,406 INFO  SwAddin.cs: 210 - Adding event handlers
2026-01-22 22:03:26,435 INFO  SwAddin.cs: 217 - Connecting plugin to SolidWorks
2026-01-22 22:50:01,273 INFO  SwAddin.cs: 294 - Assembly export called for file gövde Urdf Montajý
2026-01-22 22:50:01,292 INFO  SwAddin.cs: 299 - Save is required
2026-01-22 22:50:01,292 INFO  SwAddin.cs: 313 - Saving assembly
2026-01-22 22:50:04,616 INFO  SwAddin.cs: 316 - Opening property manager
2026-01-22 22:50:04,692 INFO  ExportHelperExtension.cs: 1125 - Retrieving features of type [CoordSys] from gövde Urdf Montajý
2026-01-22 22:50:04,713 INFO  ExportHelperExtension.cs: 1136 - Found 90 in gövde Urdf Montajý
2026-01-22 22:50:04,713 INFO  ExportHelperExtension.cs: 1145 - Found 0 features of type [CoordSys] in gövde Urdf Montajý
2026-01-22 22:50:04,713 INFO  ExportHelperExtension.cs: 1148 - Proceeding through assembly components
2026-01-22 22:50:04,713 INFO  ExportHelperExtension.cs: 1160 - 19 components to check
2026-01-22 22:50:04,721 INFO  ExportHelperExtension.cs: 1125 - Retrieving features of type [CoordSys] from tekerlek (2)-1
2026-01-22 22:50:04,721 INFO  ExportHelperExtension.cs: 1136 - Found 5 in tekerlek (2)-1
2026-01-22 22:50:04,722 INFO  ExportHelperExtension.cs: 1145 - Found 0 features of type [CoordSys] in tekerlek (2)-1
2026-01-22 22:50:04,722 INFO  ExportHelperExtension.cs: 1125 - Retrieving features of type [CoordSys] from Montaj6 (1).step-1
2026-01-22 22:50:04,722 INFO  ExportHelperExtension.cs: 1136 - Found 30 in Montaj6 (1).step-1
2026-01-22 22:50:04,722 INFO  ExportHelperExtension.cs: 1145 - Found 0 features of type [CoordSys] in Montaj6 (1).step-1
2026-01-22 22:50:04,722 INFO  ExportHelperExtension.cs: 1125 - Retrieving features of type [CoordSys] from Gövde Baðlantý Parçasý düzenlenmiþ-1
2026-01-22 22:50:04,722 INFO  ExportHelperExtension.cs: 1136 - Found 25 in Gövde Baðlantý Parçasý düzenlenmiþ-1
2026-01-22 22:50:04,722 INFO  ExportHelperExtension.cs: 1145 - Found 0 features of type [CoordSys] in Gövde Baðlantý Parçasý düzenlenmiþ-1
2026-01-22 22:50:04,724 INFO  ExportHelperExtension.cs: 1125 - Retrieving features of type [CoordSys] from þimdilik montaj gövde dýþ.step-1
2026-01-22 22:50:04,724 INFO  ExportHelperExtension.cs: 1136 - Found 24 in þimdilik montaj gövde dýþ.step-1
2026-01-22 22:50:04,724 INFO  ExportHelperExtension.cs: 1145 - Found 0 features of type [CoordSys] in þimdilik montaj gövde dýþ.step-1
2026-01-22 22:50:04,724 INFO  ExportHelperExtension.cs: 1125 - Retrieving features of type [CoordSys] from hazne-1
2026-01-22 22:50:04,724 INFO  ExportHelperExtension.cs: 1136 - Found 29 in hazne-1
2026-01-22 22:50:04,724 INFO  ExportHelperExtension.cs: 1145 - Found 0 features of type [CoordSys] in hazne-1
2026-01-22 22:50:04,724 INFO  ExportHelperExtension.cs: 1125 - Retrieving features of type [CoordSys] from 30 x 30 profil.step-1
2026-01-22 22:50:04,724 INFO  ExportHelperExtension.cs: 1136 - Found 36 in 30 x 30 profil.step-1
2026-01-22 22:50:04,724 INFO  ExportHelperExtension.cs: 1145 - Found 0 features of type [CoordSys] in 30 x 30 profil.step-1
2026-01-22 22:50:04,724 INFO  ExportHelperExtension.cs: 1125 - Retrieving features of type [CoordSys] from Gövde Baðlantý Parçasý düzenlenmiþ-2
2026-01-22 22:50:04,724 INFO  ExportHelperExtension.cs: 1136 - Found 25 in Gövde Baðlantý Parçasý düzenlenmiþ-2
2026-01-22 22:50:04,724 INFO  ExportHelperExtension.cs: 1145 - Found 0 features of type [CoordSys] in Gövde Baðlantý Parçasý düzenlenmiþ-2
2026-01-22 22:50:04,724 INFO  ExportHelperExtension.cs: 1125 - Retrieving features of type [CoordSys] from 30 x 30 profil.step-2
2026-01-22 22:50:04,724 INFO  ExportHelperExtension.cs: 1136 - Found 36 in 30 x 30 profil.step-2
2026-01-22 22:50:04,724 INFO  ExportHelperExtension.cs: 1145 - Found 0 features of type [CoordSys] in 30 x 30 profil.step-2
2026-01-22 22:50:04,724 INFO  ExportHelperExtension.cs: 1125 - Retrieving features of type [CoordSys] from þimdilik montaj gövde dýþ.step-2
2026-01-22 22:50:04,724 INFO  ExportHelperExtension.cs: 1136 - Found 24 in þimdilik montaj gövde dýþ.step-2
2026-01-22 22:50:04,724 INFO  ExportHelperExtension.cs: 1145 - Found 0 features of type [CoordSys] in þimdilik montaj gövde dýþ.step-2
2026-01-22 22:50:04,724 INFO  ExportHelperExtension.cs: 1125 - Retrieving features of type [CoordSys] from þimdilik montaj gövde dýþ.step-3
2026-01-22 22:50:04,724 INFO  ExportHelperExtension.cs: 1136 - Found 24 in þimdilik montaj gövde dýþ.step-3
2026-01-22 22:50:04,724 INFO  ExportHelperExtension.cs: 1145 - Found 0 features of type [CoordSys] in þimdilik montaj gövde dýþ.step-3
2026-01-22 22:50:04,731 INFO  ExportHelperExtension.cs: 1125 - Retrieving features of type [CoordSys] from 30 x 30 profil.step-3
2026-01-22 22:50:04,731 INFO  ExportHelperExtension.cs: 1136 - Found 36 in 30 x 30 profil.step-3
2026-01-22 22:50:04,731 INFO  ExportHelperExtension.cs: 1145 - Found 0 features of type [CoordSys] in 30 x 30 profil.step-3
2026-01-22 22:50:04,732 INFO  ExportHelperExtension.cs: 1125 - Retrieving features of type [CoordSys] from Montaj6 (1).step-3
2026-01-22 22:50:04,732 INFO  ExportHelperExtension.cs: 1136 - Found 30 in Montaj6 (1).step-3
2026-01-22 22:50:04,732 INFO  ExportHelperExtension.cs: 1145 - Found 0 features of type [CoordSys] in Montaj6 (1).step-3
2026-01-22 22:50:04,732 INFO  ExportHelperExtension.cs: 1125 - Retrieving features of type [CoordSys] from 30 x 30 profil.step-4
2026-01-22 22:50:04,732 INFO  ExportHelperExtension.cs: 1136 - Found 36 in 30 x 30 profil.step-4
2026-01-22 22:50:04,732 INFO  ExportHelperExtension.cs: 1145 - Found 0 features of type [CoordSys] in 30 x 30 profil.step-4
2026-01-22 22:50:04,732 INFO  ExportHelperExtension.cs: 1125 - Retrieving features of type [CoordSys] from þimdilik montaj gövde dýþ.step-4
2026-01-22 22:50:04,732 INFO  ExportHelperExtension.cs: 1136 - Found 24 in þimdilik montaj gövde dýþ.step-4
2026-01-22 22:50:04,732 INFO  ExportHelperExtension.cs: 1145 - Found 0 features of type [CoordSys] in þimdilik montaj gövde dýþ.step-4
2026-01-22 22:50:04,732 INFO  ExportHelperExtension.cs: 1125 - Retrieving features of type [CoordSys] from tekerlek (2)-2
2026-01-22 22:50:04,732 INFO  ExportHelperExtension.cs: 1136 - Found 5 in tekerlek (2)-2
2026-01-22 22:50:04,732 INFO  ExportHelperExtension.cs: 1145 - Found 0 features of type [CoordSys] in tekerlek (2)-2
2026-01-22 22:50:04,732 INFO  ExportHelperExtension.cs: 1125 - Retrieving features of type [CoordSys] from tekerlek (2)-4
2026-01-22 22:50:04,732 INFO  ExportHelperExtension.cs: 1136 - Found 5 in tekerlek (2)-4
2026-01-22 22:50:04,732 INFO  ExportHelperExtension.cs: 1145 - Found 0 features of type [CoordSys] in tekerlek (2)-4
2026-01-22 22:50:04,736 INFO  ExportHelperExtension.cs: 1125 - Retrieving features of type [CoordSys] from tekerlek (2)-3
2026-01-22 22:50:04,736 INFO  ExportHelperExtension.cs: 1136 - Found 5 in tekerlek (2)-3
2026-01-22 22:50:04,737 INFO  ExportHelperExtension.cs: 1145 - Found 0 features of type [CoordSys] in tekerlek (2)-3
2026-01-22 22:50:04,737 INFO  ExportHelperExtension.cs: 1125 - Retrieving features of type [CoordSys] from Montaj6 (1).step-2
2026-01-22 22:50:04,737 INFO  ExportHelperExtension.cs: 1136 - Found 30 in Montaj6 (1).step-2
2026-01-22 22:50:04,737 INFO  ExportHelperExtension.cs: 1145 - Found 0 features of type [CoordSys] in Montaj6 (1).step-2
2026-01-22 22:50:04,739 INFO  ExportHelperExtension.cs: 1125 - Retrieving features of type [CoordSys] from Montaj6 (1).step-4
2026-01-22 22:50:04,739 INFO  ExportHelperExtension.cs: 1136 - Found 30 in Montaj6 (1).step-4
2026-01-22 22:50:04,739 INFO  ExportHelperExtension.cs: 1145 - Found 0 features of type [CoordSys] in Montaj6 (1).step-4
2026-01-22 22:50:04,739 INFO  ExportHelperExtension.cs: 1125 - Retrieving features of type [RefAxis] from gövde Urdf Montajý
2026-01-22 22:50:04,739 INFO  ExportHelperExtension.cs: 1136 - Found 90 in gövde Urdf Montajý
2026-01-22 22:50:04,741 INFO  ExportHelperExtension.cs: 1145 - Found 0 features of type [RefAxis] in gövde Urdf Montajý
2026-01-22 22:50:04,741 INFO  ExportHelperExtension.cs: 1148 - Proceeding through assembly components
2026-01-22 22:50:04,741 INFO  ExportHelperExtension.cs: 1160 - 19 components to check
2026-01-22 22:50:04,742 INFO  ExportHelperExtension.cs: 1125 - Retrieving features of type [RefAxis] from tekerlek (2)-1
2026-01-22 22:50:04,742 INFO  ExportHelperExtension.cs: 1136 - Found 5 in tekerlek (2)-1
2026-01-22 22:50:04,742 INFO  ExportHelperExtension.cs: 1145 - Found 0 features of type [RefAxis] in tekerlek (2)-1
2026-01-22 22:50:04,742 INFO  ExportHelperExtension.cs: 1125 - Retrieving features of type [RefAxis] from Montaj6 (1).step-1
2026-01-22 22:50:04,742 INFO  ExportHelperExtension.cs: 1136 - Found 30 in Montaj6 (1).step-1
2026-01-22 22:50:04,742 INFO  ExportHelperExtension.cs: 1145 - Found 0 features of type [RefAxis] in Montaj6 (1).step-1
2026-01-22 22:50:04,742 INFO  ExportHelperExtension.cs: 1125 - Retrieving features of type [RefAxis] from Gövde Baðlantý Parçasý düzenlenmiþ-1
2026-01-22 22:50:04,744 INFO  ExportHelperExtension.cs: 1136 - Found 25 in Gövde Baðlantý Parçasý düzenlenmiþ-1
2026-01-22 22:50:04,744 INFO  ExportHelperExtension.cs: 1145 - Found 0 features of type [RefAxis] in Gövde Baðlantý Parçasý düzenlenmiþ-1
2026-01-22 22:50:04,744 INFO  ExportHelperExtension.cs: 1125 - Retrieving features of type [RefAxis] from þimdilik montaj gövde dýþ.step-1
2026-01-22 22:50:04,744 INFO  ExportHelperExtension.cs: 1136 - Found 24 in þimdilik montaj gövde dýþ.step-1
2026-01-22 22:50:04,744 INFO  ExportHelperExtension.cs: 1145 - Found 0 features of type [RefAxis] in þimdilik montaj gövde dýþ.step-1
2026-01-22 22:50:04,744 INFO  ExportHelperExtension.cs: 1125 - Retrieving features of type [RefAxis] from hazne-1
2026-01-22 22:50:04,744 INFO  ExportHelperExtension.cs: 1136 - Found 29 in hazne-1
2026-01-22 22:50:04,746 INFO  ExportHelperExtension.cs: 1145 - Found 0 features of type [RefAxis] in hazne-1
2026-01-22 22:50:04,746 INFO  ExportHelperExtension.cs: 1125 - Retrieving features of type [RefAxis] from 30 x 30 profil.step-1
2026-01-22 22:50:04,746 INFO  ExportHelperExtension.cs: 1136 - Found 36 in 30 x 30 profil.step-1
2026-01-22 22:50:04,746 INFO  ExportHelperExtension.cs: 1145 - Found 0 features of type [RefAxis] in 30 x 30 profil.step-1
2026-01-22 22:50:04,746 INFO  ExportHelperExtension.cs: 1125 - Retrieving features of type [RefAxis] from Gövde Baðlantý Parçasý düzenlenmiþ-2
2026-01-22 22:50:04,746 INFO  ExportHelperExtension.cs: 1136 - Found 25 in Gövde Baðlantý Parçasý düzenlenmiþ-2
2026-01-22 22:50:04,746 INFO  ExportHelperExtension.cs: 1145 - Found 0 features of type [RefAxis] in Gövde Baðlantý Parçasý düzenlenmiþ-2
2026-01-22 22:50:04,748 INFO  ExportHelperExtension.cs: 1125 - Retrieving features of type [RefAxis] from 30 x 30 profil.step-2
2026-01-22 22:50:04,748 INFO  ExportHelperExtension.cs: 1136 - Found 36 in 30 x 30 profil.step-2
2026-01-22 22:50:04,748 INFO  ExportHelperExtension.cs: 1145 - Found 0 features of type [RefAxis] in 30 x 30 profil.step-2
2026-01-22 22:50:04,748 INFO  ExportHelperExtension.cs: 1125 - Retrieving features of type [RefAxis] from þimdilik montaj gövde dýþ.step-2
2026-01-22 22:50:04,748 INFO  ExportHelperExtension.cs: 1136 - Found 24 in þimdilik montaj gövde dýþ.step-2
2026-01-22 22:50:04,748 INFO  ExportHelperExtension.cs: 1145 - Found 0 features of type [RefAxis] in þimdilik montaj gövde dýþ.step-2
2026-01-22 22:50:04,748 INFO  ExportHelperExtension.cs: 1125 - Retrieving features of type [RefAxis] from þimdilik montaj gövde dýþ.step-3
2026-01-22 22:50:04,748 INFO  ExportHelperExtension.cs: 1136 - Found 24 in þimdilik montaj gövde dýþ.step-3
2026-01-22 22:50:04,750 INFO  ExportHelperExtension.cs: 1145 - Found 0 features of type [RefAxis] in þimdilik montaj gövde dýþ.step-3
2026-01-22 22:50:04,750 INFO  ExportHelperExtension.cs: 1125 - Retrieving features of type [RefAxis] from 30 x 30 profil.step-3
2026-01-22 22:50:04,750 INFO  ExportHelperExtension.cs: 1136 - Found 36 in 30 x 30 profil.step-3
2026-01-22 22:50:04,751 INFO  ExportHelperExtension.cs: 1145 - Found 0 features of type [RefAxis] in 30 x 30 profil.step-3
2026-01-22 22:50:04,751 INFO  ExportHelperExtension.cs: 1125 - Retrieving features of type [RefAxis] from Montaj6 (1).step-3
2026-01-22 22:50:04,751 INFO  ExportHelperExtension.cs: 1136 - Found 30 in Montaj6 (1).step-3
2026-01-22 22:50:04,751 INFO  ExportHelperExtension.cs: 1145 - Found 0 features of type [RefAxis] in Montaj6 (1).step-3
2026-01-22 22:50:04,752 INFO  ExportHelperExtension.cs: 1125 - Retrieving features of type [RefAxis] from 30 x 30 profil.step-4
2026-01-22 22:50:04,752 INFO  ExportHelperExtension.cs: 1136 - Found 36 in 30 x 30 profil.step-4
2026-01-22 22:50:04,752 INFO  ExportHelperExtension.cs: 1145 - Found 0 features of type [RefAxis] in 30 x 30 profil.step-4
2026-01-22 22:50:04,752 INFO  ExportHelperExtension.cs: 1125 - Retrieving features of type [RefAxis] from þimdilik montaj gövde dýþ.step-4
2026-01-22 22:50:04,752 INFO  ExportHelperExtension.cs: 1136 - Found 24 in þimdilik montaj gövde dýþ.step-4
2026-01-22 22:50:04,752 INFO  ExportHelperExtension.cs: 1145 - Found 0 features of type [RefAxis] in þimdilik montaj gövde dýþ.step-4
2026-01-22 22:50:04,752 INFO  ExportHelperExtension.cs: 1125 - Retrieving features of type [RefAxis] from tekerlek (2)-2
2026-01-22 22:50:04,752 INFO  ExportHelperExtension.cs: 1136 - Found 5 in tekerlek (2)-2
2026-01-22 22:50:04,752 INFO  ExportHelperExtension.cs: 1145 - Found 0 features of type [RefAxis] in tekerlek (2)-2
2026-01-22 22:50:04,752 INFO  ExportHelperExtension.cs: 1125 - Retrieving features of type [RefAxis] from tekerlek (2)-4
2026-01-22 22:50:04,752 INFO  ExportHelperExtension.cs: 1136 - Found 5 in tekerlek (2)-4
2026-01-22 22:50:04,752 INFO  ExportHelperExtension.cs: 1145 - Found 0 features of type [RefAxis] in tekerlek (2)-4
2026-01-22 22:50:04,752 INFO  ExportHelperExtension.cs: 1125 - Retrieving features of type [RefAxis] from tekerlek (2)-3
2026-01-22 22:50:04,752 INFO  ExportHelperExtension.cs: 1136 - Found 5 in tekerlek (2)-3
2026-01-22 22:50:04,752 INFO  ExportHelperExtension.cs: 1145 - Found 0 features of type [RefAxis] in tekerlek (2)-3
2026-01-22 22:50:04,752 INFO  ExportHelperExtension.cs: 1125 - Retrieving features of type [RefAxis] from Montaj6 (1).step-2
2026-01-22 22:50:04,752 INFO  ExportHelperExtension.cs: 1136 - Found 30 in Montaj6 (1).step-2
2026-01-22 22:50:04,752 INFO  ExportHelperExtension.cs: 1145 - Found 0 features of type [RefAxis] in Montaj6 (1).step-2
2026-01-22 22:50:04,752 INFO  ExportHelperExtension.cs: 1125 - Retrieving features of type [RefAxis] from Montaj6 (1).step-4
2026-01-22 22:50:04,752 INFO  ExportHelperExtension.cs: 1136 - Found 30 in Montaj6 (1).step-4
2026-01-22 22:50:04,752 INFO  ExportHelperExtension.cs: 1145 - Found 0 features of type [RefAxis] in Montaj6 (1).step-4
2026-01-22 22:50:05,552 INFO  SwAddin.cs: 339 - Loading config tree
2026-01-22 22:50:05,556 INFO  ExportPropertyManagerExtension.cs: 520 - Starting new configuration
2026-01-22 22:50:05,561 INFO  SwAddin.cs: 344 - Showing property manager
2026-01-22 22:50:14,843 INFO  ExportPropertyManager.cs: 416 - Configuration canceled
2026-01-22 22:50:14,873 INFO  ExportPropertyManager.cs: 1142 - AfterClose called. This method no longer throws an Exception. It just silently does nothing. Ok, except for this logging message
2026-01-23 00:11:49,728 INFO  SwAddin.cs: 294 - Assembly export called for file gövde Urdf Montajý
2026-01-23 00:11:49,744 INFO  SwAddin.cs: 299 - Save is required
2026-01-23 00:11:49,744 INFO  SwAddin.cs: 313 - Saving assembly
2026-01-23 00:11:52,462 INFO  SwAddin.cs: 316 - Opening property manager
2026-01-23 00:11:52,462 INFO  ExportHelperExtension.cs: 1125 - Retrieving features of type [CoordSys] from gövde Urdf Montajý
2026-01-23 00:11:52,478 INFO  ExportHelperExtension.cs: 1136 - Found 102 in gövde Urdf Montajý
2026-01-23 00:11:52,481 INFO  ExportHelperExtension.cs: 1145 - Found 0 features of type [CoordSys] in gövde Urdf Montajý
2026-01-23 00:11:52,481 INFO  ExportHelperExtension.cs: 1148 - Proceeding through assembly components
2026-01-23 00:11:52,481 INFO  ExportHelperExtension.cs: 1160 - 19 components to check
2026-01-23 00:11:52,481 INFO  ExportHelperExtension.cs: 1125 - Retrieving features of type [CoordSys] from tekerlek (2)-1
2026-01-23 00:11:52,481 INFO  ExportHelperExtension.cs: 1136 - Found 5 in tekerlek (2)-1
2026-01-23 00:11:52,481 INFO  ExportHelperExtension.cs: 1145 - Found 0 features of type [CoordSys] in tekerlek (2)-1
2026-01-23 00:11:52,481 INFO  ExportHelperExtension.cs: 1125 - Retrieving features of type [CoordSys] from Montaj6 (1).step-1
2026-01-23 00:11:52,481 INFO  ExportHelperExtension.cs: 1136 - Found 30 in Montaj6 (1).step-1
2026-01-23 00:11:52,481 INFO  ExportHelperExtension.cs: 1145 - Found 0 features of type [CoordSys] in Montaj6 (1).step-1
2026-01-23 00:11:52,481 INFO  ExportHelperExtension.cs: 1125 - Retrieving features of type [CoordSys] from Gövde Baðlantý Parçasý düzenlenmiþ-1
2026-01-23 00:11:52,481 INFO  ExportHelperExtension.cs: 1136 - Found 25 in Gövde Baðlantý Parçasý düzenlenmiþ-1
2026-01-23 00:11:52,481 INFO  ExportHelperExtension.cs: 1145 - Found 0 features of type [CoordSys] in Gövde Baðlantý Parçasý düzenlenmiþ-1
2026-01-23 00:11:52,481 INFO  ExportHelperExtension.cs: 1125 - Retrieving features of type [CoordSys] from þimdilik montaj gövde dýþ.step-1
2026-01-23 00:11:52,481 INFO  ExportHelperExtension.cs: 1136 - Found 24 in þimdilik montaj gövde dýþ.step-1
2026-01-23 00:11:52,481 INFO  ExportHelperExtension.cs: 1145 - Found 0 features of type [CoordSys] in þimdilik montaj gövde dýþ.step-1
2026-01-23 00:11:52,481 INFO  ExportHelperExtension.cs: 1125 - Retrieving features of type [CoordSys] from hazne-1
2026-01-23 00:11:52,481 INFO  ExportHelperExtension.cs: 1136 - Found 29 in hazne-1
2026-01-23 00:11:52,481 INFO  ExportHelperExtension.cs: 1145 - Found 0 features of type [CoordSys] in hazne-1
2026-01-23 00:11:52,481 INFO  ExportHelperExtension.cs: 1125 - Retrieving features of type [CoordSys] from 30 x 30 profil.step-1
2026-01-23 00:11:52,481 INFO  ExportHelperExtension.cs: 1136 - Found 36 in 30 x 30 profil.step-1
2026-01-23 00:11:52,489 INFO  ExportHelperExtension.cs: 1145 - Found 0 features of type [CoordSys] in 30 x 30 profil.step-1
2026-01-23 00:11:52,489 INFO  ExportHelperExtension.cs: 1125 - Retrieving features of type [CoordSys] from Gövde Baðlantý Parçasý düzenlenmiþ-2
2026-01-23 00:11:52,489 INFO  ExportHelperExtension.cs: 1136 - Found 25 in Gövde Baðlantý Parçasý düzenlenmiþ-2
2026-01-23 00:11:52,489 INFO  ExportHelperExtension.cs: 1145 - Found 0 features of type [CoordSys] in Gövde Baðlantý Parçasý düzenlenmiþ-2
2026-01-23 00:11:52,489 INFO  ExportHelperExtension.cs: 1125 - Retrieving features of type [CoordSys] from 30 x 30 profil.step-2
2026-01-23 00:11:52,489 INFO  ExportHelperExtension.cs: 1136 - Found 36 in 30 x 30 profil.step-2
2026-01-23 00:11:52,491 INFO  ExportHelperExtension.cs: 1145 - Found 0 features of type [CoordSys] in 30 x 30 profil.step-2
2026-01-23 00:11:52,491 INFO  ExportHelperExtension.cs: 1125 - Retrieving features of type [CoordSys] from þimdilik montaj gövde dýþ.step-2
2026-01-23 00:11:52,491 INFO  ExportHelperExtension.cs: 1136 - Found 24 in þimdilik montaj gövde dýþ.step-2
2026-01-23 00:11:52,491 INFO  ExportHelperExtension.cs: 1145 - Found 0 features of type [CoordSys] in þimdilik montaj gövde dýþ.step-2
2026-01-23 00:11:52,491 INFO  ExportHelperExtension.cs: 1125 - Retrieving features of type [CoordSys] from þimdilik montaj gövde dýþ.step-3
2026-01-23 00:11:52,491 INFO  ExportHelperExtension.cs: 1136 - Found 24 in þimdilik montaj gövde dýþ.step-3
2026-01-23 00:11:52,491 INFO  ExportHelperExtension.cs: 1145 - Found 0 features of type [CoordSys] in þimdilik montaj gövde dýþ.step-3
2026-01-23 00:11:52,493 INFO  ExportHelperExtension.cs: 1125 - Retrieving features of type [CoordSys] from 30 x 30 profil.step-3
2026-01-23 00:11:52,493 INFO  ExportHelperExtension.cs: 1136 - Found 36 in 30 x 30 profil.step-3
2026-01-23 00:11:52,493 INFO  ExportHelperExtension.cs: 1145 - Found 0 features of type [CoordSys] in 30 x 30 profil.step-3
2026-01-23 00:11:52,494 INFO  ExportHelperExtension.cs: 1125 - Retrieving features of type [CoordSys] from Montaj6 (1).step-3
2026-01-23 00:11:52,494 INFO  ExportHelperExtension.cs: 1136 - Found 30 in Montaj6 (1).step-3
2026-01-23 00:11:52,496 INFO  ExportHelperExtension.cs: 1145 - Found 0 features of type [CoordSys] in Montaj6 (1).step-3
2026-01-23 00:11:52,496 INFO  ExportHelperExtension.cs: 1125 - Retrieving features of type [CoordSys] from 30 x 30 profil.step-4
2026-01-23 00:11:52,496 INFO  ExportHelperExtension.cs: 1136 - Found 36 in 30 x 30 profil.step-4
2026-01-23 00:11:52,496 INFO  ExportHelperExtension.cs: 1145 - Found 0 features of type [CoordSys] in 30 x 30 profil.step-4
2026-01-23 00:11:52,498 INFO  ExportHelperExtension.cs: 1125 - Retrieving features of type [CoordSys] from þimdilik montaj gövde dýþ.step-4
2026-01-23 00:11:52,498 INFO  ExportHelperExtension.cs: 1136 - Found 24 in þimdilik montaj gövde dýþ.step-4
2026-01-23 00:11:52,498 INFO  ExportHelperExtension.cs: 1145 - Found 0 features of type [CoordSys] in þimdilik montaj gövde dýþ.step-4
2026-01-23 00:11:52,498 INFO  ExportHelperExtension.cs: 1125 - Retrieving features of type [CoordSys] from tekerlek (2)-2
2026-01-23 00:11:52,498 INFO  ExportHelperExtension.cs: 1136 - Found 5 in tekerlek (2)-2
2026-01-23 00:11:52,498 INFO  ExportHelperExtension.cs: 1145 - Found 0 features of type [CoordSys] in tekerlek (2)-2
2026-01-23 00:11:52,498 INFO  ExportHelperExtension.cs: 1125 - Retrieving features of type [CoordSys] from tekerlek (2)-4
2026-01-23 00:11:52,500 INFO  ExportHelperExtension.cs: 1136 - Found 5 in tekerlek (2)-4
2026-01-23 00:11:52,500 INFO  ExportHelperExtension.cs: 1145 - Found 0 features of type [CoordSys] in tekerlek (2)-4
2026-01-23 00:11:52,500 INFO  ExportHelperExtension.cs: 1125 - Retrieving features of type [CoordSys] from tekerlek (2)-3
2026-01-23 00:11:52,500 INFO  ExportHelperExtension.cs: 1136 - Found 5 in tekerlek (2)-3
2026-01-23 00:11:52,500 INFO  ExportHelperExtension.cs: 1145 - Found 0 features of type [CoordSys] in tekerlek (2)-3
2026-01-23 00:11:52,500 INFO  ExportHelperExtension.cs: 1125 - Retrieving features of type [CoordSys] from Montaj6 (1).step-2
2026-01-23 00:11:52,500 INFO  ExportHelperExtension.cs: 1136 - Found 30 in Montaj6 (1).step-2
2026-01-23 00:11:52,502 INFO  ExportHelperExtension.cs: 1145 - Found 0 features of type [CoordSys] in Montaj6 (1).step-2
2026-01-23 00:11:52,502 INFO  ExportHelperExtension.cs: 1125 - Retrieving features of type [CoordSys] from Montaj6 (1).step-4
2026-01-23 00:11:52,502 INFO  ExportHelperExtension.cs: 1136 - Found 30 in Montaj6 (1).step-4
2026-01-23 00:11:52,502 INFO  ExportHelperExtension.cs: 1145 - Found 0 features of type [CoordSys] in Montaj6 (1).step-4
2026-01-23 00:11:52,502 INFO  ExportHelperExtension.cs: 1125 - Retrieving features of type [RefAxis] from gövde Urdf Montajý
2026-01-23 00:11:52,502 INFO  ExportHelperExtension.cs: 1136 - Found 102 in gövde Urdf Montajý
2026-01-23 00:11:52,504 INFO  ExportHelperExtension.cs: 1145 - Found 6 features of type [RefAxis] in gövde Urdf Montajý
2026-01-23 00:11:52,504 INFO  ExportHelperExtension.cs: 1148 - Proceeding through assembly components
2026-01-23 00:11:52,504 INFO  ExportHelperExtension.cs: 1160 - 19 components to check
2026-01-23 00:11:52,504 INFO  ExportHelperExtension.cs: 1125 - Retrieving features of type [RefAxis] from tekerlek (2)-1
2026-01-23 00:11:52,504 INFO  ExportHelperExtension.cs: 1136 - Found 5 in tekerlek (2)-1
2026-01-23 00:11:52,504 INFO  ExportHelperExtension.cs: 1145 - Found 0 features of type [RefAxis] in tekerlek (2)-1
2026-01-23 00:11:52,506 INFO  ExportHelperExtension.cs: 1125 - Retrieving features of type [RefAxis] from Montaj6 (1).step-1
2026-01-23 00:11:52,506 INFO  ExportHelperExtension.cs: 1136 - Found 30 in Montaj6 (1).step-1
2026-01-23 00:11:52,506 INFO  ExportHelperExtension.cs: 1145 - Found 0 features of type [RefAxis] in Montaj6 (1).step-1
2026-01-23 00:11:52,506 INFO  ExportHelperExtension.cs: 1125 - Retrieving features of type [RefAxis] from Gövde Baðlantý Parçasý düzenlenmiþ-1
2026-01-23 00:11:52,506 INFO  ExportHelperExtension.cs: 1136 - Found 25 in Gövde Baðlantý Parçasý düzenlenmiþ-1
2026-01-23 00:11:52,506 INFO  ExportHelperExtension.cs: 1145 - Found 0 features of type [RefAxis] in Gövde Baðlantý Parçasý düzenlenmiþ-1
2026-01-23 00:11:52,508 INFO  ExportHelperExtension.cs: 1125 - Retrieving features of type [RefAxis] from þimdilik montaj gövde dýþ.step-1
2026-01-23 00:11:52,508 INFO  ExportHelperExtension.cs: 1136 - Found 24 in þimdilik montaj gövde dýþ.step-1
2026-01-23 00:11:52,508 INFO  ExportHelperExtension.cs: 1145 - Found 0 features of type [RefAxis] in þimdilik montaj gövde dýþ.step-1
2026-01-23 00:11:52,508 INFO  ExportHelperExtension.cs: 1125 - Retrieving features of type [RefAxis] from hazne-1
2026-01-23 00:11:52,508 INFO  ExportHelperExtension.cs: 1136 - Found 29 in hazne-1
2026-01-23 00:11:52,508 INFO  ExportHelperExtension.cs: 1145 - Found 0 features of type [RefAxis] in hazne-1
2026-01-23 00:11:52,510 INFO  ExportHelperExtension.cs: 1125 - Retrieving features of type [RefAxis] from 30 x 30 profil.step-1
2026-01-23 00:11:52,510 INFO  ExportHelperExtension.cs: 1136 - Found 36 in 30 x 30 profil.step-1
2026-01-23 00:11:52,510 INFO  ExportHelperExtension.cs: 1145 - Found 0 features of type [RefAxis] in 30 x 30 profil.step-1
2026-01-23 00:11:52,510 INFO  ExportHelperExtension.cs: 1125 - Retrieving features of type [RefAxis] from Gövde Baðlantý Parçasý düzenlenmiþ-2
2026-01-23 00:11:52,510 INFO  ExportHelperExtension.cs: 1136 - Found 25 in Gövde Baðlantý Parçasý düzenlenmiþ-2
2026-01-23 00:11:52,510 INFO  ExportHelperExtension.cs: 1145 - Found 0 features of type [RefAxis] in Gövde Baðlantý Parçasý düzenlenmiþ-2
2026-01-23 00:11:52,510 INFO  ExportHelperExtension.cs: 1125 - Retrieving features of type [RefAxis] from 30 x 30 profil.step-2
2026-01-23 00:11:52,510 INFO  ExportHelperExtension.cs: 1136 - Found 36 in 30 x 30 profil.step-2
2026-01-23 00:11:52,510 INFO  ExportHelperExtension.cs: 1145 - Found 0 features of type [RefAxis] in 30 x 30 profil.step-2
2026-01-23 00:11:52,510 INFO  ExportHelperExtension.cs: 1125 - Retrieving features of type [RefAxis] from þimdilik montaj gövde dýþ.step-2
2026-01-23 00:11:52,510 INFO  ExportHelperExtension.cs: 1136 - Found 24 in þimdilik montaj gövde dýþ.step-2
2026-01-23 00:11:52,510 INFO  ExportHelperExtension.cs: 1145 - Found 0 features of type [RefAxis] in þimdilik montaj gövde dýþ.step-2
2026-01-23 00:11:52,510 INFO  ExportHelperExtension.cs: 1125 - Retrieving features of type [RefAxis] from þimdilik montaj gövde dýþ.step-3
2026-01-23 00:11:52,510 INFO  ExportHelperExtension.cs: 1136 - Found 24 in þimdilik montaj gövde dýþ.step-3
2026-01-23 00:11:52,510 INFO  ExportHelperExtension.cs: 1145 - Found 0 features of type [RefAxis] in þimdilik montaj gövde dýþ.step-3
2026-01-23 00:11:52,510 INFO  ExportHelperExtension.cs: 1125 - Retrieving features of type [RefAxis] from 30 x 30 profil.step-3
2026-01-23 00:11:52,510 INFO  ExportHelperExtension.cs: 1136 - Found 36 in 30 x 30 profil.step-3
2026-01-23 00:11:52,510 INFO  ExportHelperExtension.cs: 1145 - Found 0 features of type [RefAxis] in 30 x 30 profil.step-3
2026-01-23 00:11:52,510 INFO  ExportHelperExtension.cs: 1125 - Retrieving features of type [RefAxis] from Montaj6 (1).step-3
2026-01-23 00:11:52,510 INFO  ExportHelperExtension.cs: 1136 - Found 30 in Montaj6 (1).step-3
2026-01-23 00:11:52,510 INFO  ExportHelperExtension.cs: 1145 - Found 0 features of type [RefAxis] in Montaj6 (1).step-3
2026-01-23 00:11:52,510 INFO  ExportHelperExtension.cs: 1125 - Retrieving features of type [RefAxis] from 30 x 30 profil.step-4
2026-01-23 00:11:52,510 INFO  ExportHelperExtension.cs: 1136 - Found 36 in 30 x 30 profil.step-4
2026-01-23 00:11:52,510 INFO  ExportHelperExtension.cs: 1145 - Found 0 features of type [RefAxis] in 30 x 30 profil.step-4
2026-01-23 00:11:52,510 INFO  ExportHelperExtension.cs: 1125 - Retrieving features of type [RefAxis] from þimdilik montaj gövde dýþ.step-4
2026-01-23 00:11:52,510 INFO  ExportHelperExtension.cs: 1136 - Found 24 in þimdilik montaj gövde dýþ.step-4
2026-01-23 00:11:52,510 INFO  ExportHelperExtension.cs: 1145 - Found 0 features of type [RefAxis] in þimdilik montaj gövde dýþ.step-4
2026-01-23 00:11:52,510 INFO  ExportHelperExtension.cs: 1125 - Retrieving features of type [RefAxis] from tekerlek (2)-2
2026-01-23 00:11:52,510 INFO  ExportHelperExtension.cs: 1136 - Found 5 in tekerlek (2)-2
2026-01-23 00:11:52,510 INFO  ExportHelperExtension.cs: 1145 - Found 0 features of type [RefAxis] in tekerlek (2)-2
2026-01-23 00:11:52,510 INFO  ExportHelperExtension.cs: 1125 - Retrieving features of type [RefAxis] from tekerlek (2)-4
2026-01-23 00:11:52,510 INFO  ExportHelperExtension.cs: 1136 - Found 5 in tekerlek (2)-4
2026-01-23 00:11:52,510 INFO  ExportHelperExtension.cs: 1145 - Found 0 features of type [RefAxis] in tekerlek (2)-4
2026-01-23 00:11:52,510 INFO  ExportHelperExtension.cs: 1125 - Retrieving features of type [RefAxis] from tekerlek (2)-3
2026-01-23 00:11:52,510 INFO  ExportHelperExtension.cs: 1136 - Found 5 in tekerlek (2)-3
2026-01-23 00:11:52,510 INFO  ExportHelperExtension.cs: 1145 - Found 0 features of type [RefAxis] in tekerlek (2)-3
2026-01-23 00:11:52,510 INFO  ExportHelperExtension.cs: 1125 - Retrieving features of type [RefAxis] from Montaj6 (1).step-2
2026-01-23 00:11:52,510 INFO  ExportHelperExtension.cs: 1136 - Found 30 in Montaj6 (1).step-2
2026-01-23 00:11:52,510 INFO  ExportHelperExtension.cs: 1145 - Found 0 features of type [RefAxis] in Montaj6 (1).step-2
2026-01-23 00:11:52,510 INFO  ExportHelperExtension.cs: 1125 - Retrieving features of type [RefAxis] from Montaj6 (1).step-4
2026-01-23 00:11:52,510 INFO  ExportHelperExtension.cs: 1136 - Found 30 in Montaj6 (1).step-4
2026-01-23 00:11:52,510 INFO  ExportHelperExtension.cs: 1145 - Found 0 features of type [RefAxis] in Montaj6 (1).step-4
2026-01-23 00:11:53,208 INFO  SwAddin.cs: 339 - Loading config tree
2026-01-23 00:11:53,208 INFO  ExportPropertyManagerExtension.cs: 520 - Starting new configuration
2026-01-23 00:11:53,210 INFO  SwAddin.cs: 344 - Showing property manager
2026-01-23 00:12:34,469 INFO  ExportPropertyManager.cs: 416 - Configuration canceled
2026-01-23 00:12:34,495 INFO  ExportPropertyManager.cs: 1142 - AfterClose called. This method no longer throws an Exception. It just silently does nothing. Ok, except for this logging message
2026-01-23 00:20:24,621 INFO  SwAddin.cs: 294 - Assembly export called for file gövde Urdf Montajý
2026-01-23 00:20:24,621 INFO  SwAddin.cs: 299 - Save is required
2026-01-23 00:20:24,626 INFO  SwAddin.cs: 313 - Saving assembly
2026-01-23 00:20:27,141 INFO  SwAddin.cs: 316 - Opening property manager
2026-01-23 00:20:27,143 INFO  ExportHelperExtension.cs: 1125 - Retrieving features of type [CoordSys] from gövde Urdf Montajý
2026-01-23 00:20:27,143 INFO  ExportHelperExtension.cs: 1136 - Found 108 in gövde Urdf Montajý
2026-01-23 00:20:27,143 INFO  ExportHelperExtension.cs: 1145 - Found 6 features of type [CoordSys] in gövde Urdf Montajý
2026-01-23 00:20:27,143 INFO  ExportHelperExtension.cs: 1148 - Proceeding through assembly components
2026-01-23 00:20:27,145 INFO  ExportHelperExtension.cs: 1160 - 19 components to check
2026-01-23 00:20:27,145 INFO  ExportHelperExtension.cs: 1125 - Retrieving features of type [CoordSys] from tekerlek (2)-1
2026-01-23 00:20:27,145 INFO  ExportHelperExtension.cs: 1136 - Found 5 in tekerlek (2)-1
2026-01-23 00:20:27,145 INFO  ExportHelperExtension.cs: 1145 - Found 0 features of type [CoordSys] in tekerlek (2)-1
2026-01-23 00:20:27,145 INFO  ExportHelperExtension.cs: 1125 - Retrieving features of type [CoordSys] from Montaj6 (1).step-1
2026-01-23 00:20:27,145 INFO  ExportHelperExtension.cs: 1136 - Found 30 in Montaj6 (1).step-1
2026-01-23 00:20:27,145 INFO  ExportHelperExtension.cs: 1145 - Found 0 features of type [CoordSys] in Montaj6 (1).step-1
2026-01-23 00:20:27,145 INFO  ExportHelperExtension.cs: 1125 - Retrieving features of type [CoordSys] from Gövde Baðlantý Parçasý düzenlenmiþ-1
2026-01-23 00:20:27,145 INFO  ExportHelperExtension.cs: 1136 - Found 25 in Gövde Baðlantý Parçasý düzenlenmiþ-1
2026-01-23 00:20:27,145 INFO  ExportHelperExtension.cs: 1145 - Found 0 features of type [CoordSys] in Gövde Baðlantý Parçasý düzenlenmiþ-1
2026-01-23 00:20:27,145 INFO  ExportHelperExtension.cs: 1125 - Retrieving features of type [CoordSys] from þimdilik montaj gövde dýþ.step-1
2026-01-23 00:20:27,145 INFO  ExportHelperExtension.cs: 1136 - Found 24 in þimdilik montaj gövde dýþ.step-1
2026-01-23 00:20:27,145 INFO  ExportHelperExtension.cs: 1145 - Found 0 features of type [CoordSys] in þimdilik montaj gövde dýþ.step-1
2026-01-23 00:20:27,145 INFO  ExportHelperExtension.cs: 1125 - Retrieving features of type [CoordSys] from hazne-1
2026-01-23 00:20:27,145 INFO  ExportHelperExtension.cs: 1136 - Found 29 in hazne-1
2026-01-23 00:20:27,151 INFO  ExportHelperExtension.cs: 1145 - Found 0 features of type [CoordSys] in hazne-1
2026-01-23 00:20:27,151 INFO  ExportHelperExtension.cs: 1125 - Retrieving features of type [CoordSys] from 30 x 30 profil.step-1
2026-01-23 00:20:27,151 INFO  ExportHelperExtension.cs: 1136 - Found 36 in 30 x 30 profil.step-1
2026-01-23 00:20:27,151 INFO  ExportHelperExtension.cs: 1145 - Found 0 features of type [CoordSys] in 30 x 30 profil.step-1
2026-01-23 00:20:27,151 INFO  ExportHelperExtension.cs: 1125 - Retrieving features of type [CoordSys] from Gövde Baðlantý Parçasý düzenlenmiþ-2
2026-01-23 00:20:27,151 INFO  ExportHelperExtension.cs: 1136 - Found 25 in Gövde Baðlantý Parçasý düzenlenmiþ-2
2026-01-23 00:20:27,151 INFO  ExportHelperExtension.cs: 1145 - Found 0 features of type [CoordSys] in Gövde Baðlantý Parçasý düzenlenmiþ-2
2026-01-23 00:20:27,151 INFO  ExportHelperExtension.cs: 1125 - Retrieving features of type [CoordSys] from 30 x 30 profil.step-2
2026-01-23 00:20:27,151 INFO  ExportHelperExtension.cs: 1136 - Found 36 in 30 x 30 profil.step-2
2026-01-23 00:20:27,151 INFO  ExportHelperExtension.cs: 1145 - Found 0 features of type [CoordSys] in 30 x 30 profil.step-2
2026-01-23 00:20:27,151 INFO  ExportHelperExtension.cs: 1125 - Retrieving features of type [CoordSys] from þimdilik montaj gövde dýþ.step-2
2026-01-23 00:20:27,151 INFO  ExportHelperExtension.cs: 1136 - Found 24 in þimdilik montaj gövde dýþ.step-2
2026-01-23 00:20:27,151 INFO  ExportHelperExtension.cs: 1145 - Found 0 features of type [CoordSys] in þimdilik montaj gövde dýþ.step-2
2026-01-23 00:20:27,151 INFO  ExportHelperExtension.cs: 1125 - Retrieving features of type [CoordSys] from þimdilik montaj gövde dýþ.step-3
2026-01-23 00:20:27,155 INFO  ExportHelperExtension.cs: 1136 - Found 24 in þimdilik montaj gövde dýþ.step-3
2026-01-23 00:20:27,155 INFO  ExportHelperExtension.cs: 1145 - Found 0 features of type [CoordSys] in þimdilik montaj gövde dýþ.step-3
2026-01-23 00:20:27,155 INFO  ExportHelperExtension.cs: 1125 - Retrieving features of type [CoordSys] from 30 x 30 profil.step-3
2026-01-23 00:20:27,155 INFO  ExportHelperExtension.cs: 1136 - Found 36 in 30 x 30 profil.step-3
2026-01-23 00:20:27,155 INFO  ExportHelperExtension.cs: 1145 - Found 0 features of type [CoordSys] in 30 x 30 profil.step-3
2026-01-23 00:20:27,155 INFO  ExportHelperExtension.cs: 1125 - Retrieving features of type [CoordSys] from Montaj6 (1).step-3
2026-01-23 00:20:27,155 INFO  ExportHelperExtension.cs: 1136 - Found 30 in Montaj6 (1).step-3
2026-01-23 00:20:27,157 INFO  ExportHelperExtension.cs: 1145 - Found 0 features of type [CoordSys] in Montaj6 (1).step-3
2026-01-23 00:20:27,157 INFO  ExportHelperExtension.cs: 1125 - Retrieving features of type [CoordSys] from 30 x 30 profil.step-4
2026-01-23 00:20:27,157 INFO  ExportHelperExtension.cs: 1136 - Found 36 in 30 x 30 profil.step-4
2026-01-23 00:20:27,157 INFO  ExportHelperExtension.cs: 1145 - Found 0 features of type [CoordSys] in 30 x 30 profil.step-4
2026-01-23 00:20:27,157 INFO  ExportHelperExtension.cs: 1125 - Retrieving features of type [CoordSys] from þimdilik montaj gövde dýþ.step-4
2026-01-23 00:20:27,157 INFO  ExportHelperExtension.cs: 1136 - Found 24 in þimdilik montaj gövde dýþ.step-4
2026-01-23 00:20:27,159 INFO  ExportHelperExtension.cs: 1145 - Found 0 features of type [CoordSys] in þimdilik montaj gövde dýþ.step-4
2026-01-23 00:20:27,159 INFO  ExportHelperExtension.cs: 1125 - Retrieving features of type [CoordSys] from tekerlek (2)-2
2026-01-23 00:20:27,159 INFO  ExportHelperExtension.cs: 1136 - Found 5 in tekerlek (2)-2
2026-01-23 00:20:27,159 INFO  ExportHelperExtension.cs: 1145 - Found 0 features of type [CoordSys] in tekerlek (2)-2
2026-01-23 00:20:27,159 INFO  ExportHelperExtension.cs: 1125 - Retrieving features of type [CoordSys] from tekerlek (2)-4
2026-01-23 00:20:27,161 INFO  ExportHelperExtension.cs: 1136 - Found 5 in tekerlek (2)-4
2026-01-23 00:20:27,161 INFO  ExportHelperExtension.cs: 1145 - Found 0 features of type [CoordSys] in tekerlek (2)-4
2026-01-23 00:20:27,161 INFO  ExportHelperExtension.cs: 1125 - Retrieving features of type [CoordSys] from tekerlek (2)-3
2026-01-23 00:20:27,161 INFO  ExportHelperExtension.cs: 1136 - Found 5 in tekerlek (2)-3
2026-01-23 00:20:27,161 INFO  ExportHelperExtension.cs: 1145 - Found 0 features of type [CoordSys] in tekerlek (2)-3
2026-01-23 00:20:27,161 INFO  ExportHelperExtension.cs: 1125 - Retrieving features of type [CoordSys] from Montaj6 (1).step-2
2026-01-23 00:20:27,163 INFO  ExportHelperExtension.cs: 1136 - Found 30 in Montaj6 (1).step-2
2026-01-23 00:20:27,163 INFO  ExportHelperExtension.cs: 1145 - Found 0 features of type [CoordSys] in Montaj6 (1).step-2
2026-01-23 00:20:27,163 INFO  ExportHelperExtension.cs: 1125 - Retrieving features of type [CoordSys] from Montaj6 (1).step-4
2026-01-23 00:20:27,163 INFO  ExportHelperExtension.cs: 1136 - Found 30 in Montaj6 (1).step-4
2026-01-23 00:20:27,163 INFO  ExportHelperExtension.cs: 1145 - Found 0 features of type [CoordSys] in Montaj6 (1).step-4
2026-01-23 00:20:27,163 INFO  ExportHelperExtension.cs: 1125 - Retrieving features of type [RefAxis] from gövde Urdf Montajý
2026-01-23 00:20:27,163 INFO  ExportHelperExtension.cs: 1136 - Found 108 in gövde Urdf Montajý
2026-01-23 00:20:27,165 INFO  ExportHelperExtension.cs: 1145 - Found 6 features of type [RefAxis] in gövde Urdf Montajý
2026-01-23 00:20:27,165 INFO  ExportHelperExtension.cs: 1148 - Proceeding through assembly components
2026-01-23 00:20:27,165 INFO  ExportHelperExtension.cs: 1160 - 19 components to check
2026-01-23 00:20:27,165 INFO  ExportHelperExtension.cs: 1125 - Retrieving features of type [RefAxis] from tekerlek (2)-1
2026-01-23 00:20:27,165 INFO  ExportHelperExtension.cs: 1136 - Found 5 in tekerlek (2)-1
2026-01-23 00:20:27,167 INFO  ExportHelperExtension.cs: 1145 - Found 0 features of type [RefAxis] in tekerlek (2)-1
2026-01-23 00:20:27,167 INFO  ExportHelperExtension.cs: 1125 - Retrieving features of type [RefAxis] from Montaj6 (1).step-1
2026-01-23 00:20:27,167 INFO  ExportHelperExtension.cs: 1136 - Found 30 in Montaj6 (1).step-1
2026-01-23 00:20:27,167 INFO  ExportHelperExtension.cs: 1145 - Found 0 features of type [RefAxis] in Montaj6 (1).step-1
2026-01-23 00:20:27,167 INFO  ExportHelperExtension.cs: 1125 - Retrieving features of type [RefAxis] from Gövde Baðlantý Parçasý düzenlenmiþ-1
2026-01-23 00:20:27,167 INFO  ExportHelperExtension.cs: 1136 - Found 25 in Gövde Baðlantý Parçasý düzenlenmiþ-1
2026-01-23 00:20:27,169 INFO  ExportHelperExtension.cs: 1145 - Found 0 features of type [RefAxis] in Gövde Baðlantý Parçasý düzenlenmiþ-1
2026-01-23 00:20:27,169 INFO  ExportHelperExtension.cs: 1125 - Retrieving features of type [RefAxis] from þimdilik montaj gövde dýþ.step-1
2026-01-23 00:20:27,169 INFO  ExportHelperExtension.cs: 1136 - Found 24 in þimdilik montaj gövde dýþ.step-1
2026-01-23 00:20:27,169 INFO  ExportHelperExtension.cs: 1145 - Found 0 features of type [RefAxis] in þimdilik montaj gövde dýþ.step-1
2026-01-23 00:20:27,169 INFO  ExportHelperExtension.cs: 1125 - Retrieving features of type [RefAxis] from hazne-1
2026-01-23 00:20:27,171 INFO  ExportHelperExtension.cs: 1136 - Found 29 in hazne-1
2026-01-23 00:20:27,171 INFO  ExportHelperExtension.cs: 1145 - Found 0 features of type [RefAxis] in hazne-1
2026-01-23 00:20:27,171 INFO  ExportHelperExtension.cs: 1125 - Retrieving features of type [RefAxis] from 30 x 30 profil.step-1
2026-01-23 00:20:27,171 INFO  ExportHelperExtension.cs: 1136 - Found 36 in 30 x 30 profil.step-1
2026-01-23 00:20:27,171 INFO  ExportHelperExtension.cs: 1145 - Found 0 features of type [RefAxis] in 30 x 30 profil.step-1
2026-01-23 00:20:27,171 INFO  ExportHelperExtension.cs: 1125 - Retrieving features of type [RefAxis] from Gövde Baðlantý Parçasý düzenlenmiþ-2
2026-01-23 00:20:27,173 INFO  ExportHelperExtension.cs: 1136 - Found 25 in Gövde Baðlantý Parçasý düzenlenmiþ-2
2026-01-23 00:20:27,173 INFO  ExportHelperExtension.cs: 1145 - Found 0 features of type [RefAxis] in Gövde Baðlantý Parçasý düzenlenmiþ-2
2026-01-23 00:20:27,173 INFO  ExportHelperExtension.cs: 1125 - Retrieving features of type [RefAxis] from 30 x 30 profil.step-2
2026-01-23 00:20:27,173 INFO  ExportHelperExtension.cs: 1136 - Found 36 in 30 x 30 profil.step-2
2026-01-23 00:20:27,173 INFO  ExportHelperExtension.cs: 1145 - Found 0 features of type [RefAxis] in 30 x 30 profil.step-2
2026-01-23 00:20:27,173 INFO  ExportHelperExtension.cs: 1125 - Retrieving features of type [RefAxis] from þimdilik montaj gövde dýþ.step-2
2026-01-23 00:20:27,173 INFO  ExportHelperExtension.cs: 1136 - Found 24 in þimdilik montaj gövde dýþ.step-2
2026-01-23 00:20:27,175 INFO  ExportHelperExtension.cs: 1145 - Found 0 features of type [RefAxis] in þimdilik montaj gövde dýþ.step-2
2026-01-23 00:20:27,175 INFO  ExportHelperExtension.cs: 1125 - Retrieving features of type [RefAxis] from þimdilik montaj gövde dýþ.step-3
2026-01-23 00:20:27,175 INFO  ExportHelperExtension.cs: 1136 - Found 24 in þimdilik montaj gövde dýþ.step-3
2026-01-23 00:20:27,175 INFO  ExportHelperExtension.cs: 1145 - Found 0 features of type [RefAxis] in þimdilik montaj gövde dýþ.step-3
2026-01-23 00:20:27,175 INFO  ExportHelperExtension.cs: 1125 - Retrieving features of type [RefAxis] from 30 x 30 profil.step-3
2026-01-23 00:20:27,175 INFO  ExportHelperExtension.cs: 1136 - Found 36 in 30 x 30 profil.step-3
2026-01-23 00:20:27,177 INFO  ExportHelperExtension.cs: 1145 - Found 0 features of type [RefAxis] in 30 x 30 profil.step-3
2026-01-23 00:20:27,177 INFO  ExportHelperExtension.cs: 1125 - Retrieving features of type [RefAxis] from Montaj6 (1).step-3
2026-01-23 00:20:27,177 INFO  ExportHelperExtension.cs: 1136 - Found 30 in Montaj6 (1).step-3
2026-01-23 00:20:27,177 INFO  ExportHelperExtension.cs: 1145 - Found 0 features of type [RefAxis] in Montaj6 (1).step-3
2026-01-23 00:20:27,179 INFO  ExportHelperExtension.cs: 1125 - Retrieving features of type [RefAxis] from 30 x 30 profil.step-4
2026-01-23 00:20:27,179 INFO  ExportHelperExtension.cs: 1136 - Found 36 in 30 x 30 profil.step-4
2026-01-23 00:20:27,179 INFO  ExportHelperExtension.cs: 1145 - Found 0 features of type [RefAxis] in 30 x 30 profil.step-4
2026-01-23 00:20:27,179 INFO  ExportHelperExtension.cs: 1125 - Retrieving features of type [RefAxis] from þimdilik montaj gövde dýþ.step-4
2026-01-23 00:20:27,179 INFO  ExportHelperExtension.cs: 1136 - Found 24 in þimdilik montaj gövde dýþ.step-4
2026-01-23 00:20:27,181 INFO  ExportHelperExtension.cs: 1145 - Found 0 features of type [RefAxis] in þimdilik montaj gövde dýþ.step-4
2026-01-23 00:20:27,181 INFO  ExportHelperExtension.cs: 1125 - Retrieving features of type [RefAxis] from tekerlek (2)-2
2026-01-23 00:20:27,181 INFO  ExportHelperExtension.cs: 1136 - Found 5 in tekerlek (2)-2
2026-01-23 00:20:27,181 INFO  ExportHelperExtension.cs: 1145 - Found 0 features of type [RefAxis] in tekerlek (2)-2
2026-01-23 00:20:27,181 INFO  ExportHelperExtension.cs: 1125 - Retrieving features of type [RefAxis] from tekerlek (2)-4
2026-01-23 00:20:27,181 INFO  ExportHelperExtension.cs: 1136 - Found 5 in tekerlek (2)-4
2026-01-23 00:20:27,183 INFO  ExportHelperExtension.cs: 1145 - Found 0 features of type [RefAxis] in tekerlek (2)-4
2026-01-23 00:20:27,183 INFO  ExportHelperExtension.cs: 1125 - Retrieving features of type [RefAxis] from tekerlek (2)-3
2026-01-23 00:20:27,183 INFO  ExportHelperExtension.cs: 1136 - Found 5 in tekerlek (2)-3
2026-01-23 00:20:27,183 INFO  ExportHelperExtension.cs: 1145 - Found 0 features of type [RefAxis] in tekerlek (2)-3
2026-01-23 00:20:27,183 INFO  ExportHelperExtension.cs: 1125 - Retrieving features of type [RefAxis] from Montaj6 (1).step-2
2026-01-23 00:20:27,183 INFO  ExportHelperExtension.cs: 1136 - Found 30 in Montaj6 (1).step-2
2026-01-23 00:20:27,185 INFO  ExportHelperExtension.cs: 1145 - Found 0 features of type [RefAxis] in Montaj6 (1).step-2
2026-01-23 00:20:27,185 INFO  ExportHelperExtension.cs: 1125 - Retrieving features of type [RefAxis] from Montaj6 (1).step-4
2026-01-23 00:20:27,185 INFO  ExportHelperExtension.cs: 1136 - Found 30 in Montaj6 (1).step-4
2026-01-23 00:20:27,185 INFO  ExportHelperExtension.cs: 1145 - Found 0 features of type [RefAxis] in Montaj6 (1).step-4
2026-01-23 00:20:27,926 INFO  SwAddin.cs: 339 - Loading config tree
2026-01-23 00:20:27,931 INFO  ExportPropertyManagerExtension.cs: 520 - Starting new configuration
2026-01-23 00:20:27,933 INFO  SwAddin.cs: 344 - Showing property manager
2026-01-23 00:20:34,535 INFO  ExportPropertyManager.cs: 1136 - OnNumberBoxTrackingCompleted called. This method no longer throws an Exception. It just silently does nothing. Ok, except for this logging message
2026-01-23 00:20:37,232 INFO  ExportPropertyManager.cs: 1136 - OnNumberBoxTrackingCompleted called. This method no longer throws an Exception. It just silently does nothing. Ok, except for this logging message
2026-01-23 00:20:45,921 INFO  ExportPropertyManager.cs: 416 - Configuration canceled
2026-01-23 00:20:45,951 INFO  ExportPropertyManager.cs: 1142 - AfterClose called. This method no longer throws an Exception. It just silently does nothing. Ok, except for this logging message
2026-01-23 00:22:02,071 INFO  SwAddin.cs: 294 - Assembly export called for file gövde Urdf Montajý
2026-01-23 00:22:02,071 INFO  SwAddin.cs: 299 - Save is required
2026-01-23 00:22:02,071 INFO  SwAddin.cs: 313 - Saving assembly
2026-01-23 00:22:04,521 INFO  SwAddin.cs: 316 - Opening property manager
2026-01-23 00:22:04,531 INFO  ExportHelperExtension.cs: 1125 - Retrieving features of type [CoordSys] from gövde Urdf Montajý
2026-01-23 00:22:04,531 INFO  ExportHelperExtension.cs: 1136 - Found 110 in gövde Urdf Montajý
2026-01-23 00:22:04,531 INFO  ExportHelperExtension.cs: 1145 - Found 7 features of type [CoordSys] in gövde Urdf Montajý
2026-01-23 00:22:04,531 INFO  ExportHelperExtension.cs: 1148 - Proceeding through assembly components
2026-01-23 00:22:04,531 INFO  ExportHelperExtension.cs: 1160 - 19 components to check
2026-01-23 00:22:04,531 INFO  ExportHelperExtension.cs: 1125 - Retrieving features of type [CoordSys] from tekerlek (2)-1
2026-01-23 00:22:04,531 INFO  ExportHelperExtension.cs: 1136 - Found 5 in tekerlek (2)-1
2026-01-23 00:22:04,531 INFO  ExportHelperExtension.cs: 1145 - Found 0 features of type [CoordSys] in tekerlek (2)-1
2026-01-23 00:22:04,531 INFO  ExportHelperExtension.cs: 1125 - Retrieving features of type [CoordSys] from Montaj6 (1).step-1
2026-01-23 00:22:04,531 INFO  ExportHelperExtension.cs: 1136 - Found 30 in Montaj6 (1).step-1
2026-01-23 00:22:04,531 INFO  ExportHelperExtension.cs: 1145 - Found 0 features of type [CoordSys] in Montaj6 (1).step-1
2026-01-23 00:22:04,531 INFO  ExportHelperExtension.cs: 1125 - Retrieving features of type [CoordSys] from Gövde Baðlantý Parçasý düzenlenmiþ-1
2026-01-23 00:22:04,531 INFO  ExportHelperExtension.cs: 1136 - Found 25 in Gövde Baðlantý Parçasý düzenlenmiþ-1
2026-01-23 00:22:04,531 INFO  ExportHelperExtension.cs: 1145 - Found 0 features of type [CoordSys] in Gövde Baðlantý Parçasý düzenlenmiþ-1
2026-01-23 00:22:04,531 INFO  ExportHelperExtension.cs: 1125 - Retrieving features of type [CoordSys] from þimdilik montaj gövde dýþ.step-1
2026-01-23 00:22:04,531 INFO  ExportHelperExtension.cs: 1136 - Found 24 in þimdilik montaj gövde dýþ.step-1
2026-01-23 00:22:04,531 INFO  ExportHelperExtension.cs: 1145 - Found 0 features of type [CoordSys] in þimdilik montaj gövde dýþ.step-1
2026-01-23 00:22:04,531 INFO  ExportHelperExtension.cs: 1125 - Retrieving features of type [CoordSys] from hazne-1
2026-01-23 00:22:04,537 INFO  ExportHelperExtension.cs: 1136 - Found 29 in hazne-1
2026-01-23 00:22:04,537 INFO  ExportHelperExtension.cs: 1145 - Found 0 features of type [CoordSys] in hazne-1
2026-01-23 00:22:04,537 INFO  ExportHelperExtension.cs: 1125 - Retrieving features of type [CoordSys] from 30 x 30 profil.step-1
2026-01-23 00:22:04,537 INFO  ExportHelperExtension.cs: 1136 - Found 36 in 30 x 30 profil.step-1
2026-01-23 00:22:04,537 INFO  ExportHelperExtension.cs: 1145 - Found 0 features of type [CoordSys] in 30 x 30 profil.step-1
2026-01-23 00:22:04,537 INFO  ExportHelperExtension.cs: 1125 - Retrieving features of type [CoordSys] from Gövde Baðlantý Parçasý düzenlenmiþ-2
2026-01-23 00:22:04,553 INFO  ExportHelperExtension.cs: 1136 - Found 25 in Gövde Baðlantý Parçasý düzenlenmiþ-2
2026-01-23 00:22:04,553 INFO  ExportHelperExtension.cs: 1145 - Found 0 features of type [CoordSys] in Gövde Baðlantý Parçasý düzenlenmiþ-2
2026-01-23 00:22:04,553 INFO  ExportHelperExtension.cs: 1125 - Retrieving features of type [CoordSys] from 30 x 30 profil.step-2
2026-01-23 00:22:04,553 INFO  ExportHelperExtension.cs: 1136 - Found 36 in 30 x 30 profil.step-2
2026-01-23 00:22:04,553 INFO  ExportHelperExtension.cs: 1145 - Found 0 features of type [CoordSys] in 30 x 30 profil.step-2
2026-01-23 00:22:04,553 INFO  ExportHelperExtension.cs: 1125 - Retrieving features of type [CoordSys] from þimdilik montaj gövde dýþ.step-2
2026-01-23 00:22:04,553 INFO  ExportHelperExtension.cs: 1136 - Found 24 in þimdilik montaj gövde dýþ.step-2
2026-01-23 00:22:04,553 INFO  ExportHelperExtension.cs: 1145 - Found 0 features of type [CoordSys] in þimdilik montaj gövde dýþ.step-2
2026-01-23 00:22:04,553 INFO  ExportHelperExtension.cs: 1125 - Retrieving features of type [CoordSys] from þimdilik montaj gövde dýþ.step-3
2026-01-23 00:22:04,553 INFO  ExportHelperExtension.cs: 1136 - Found 24 in þimdilik montaj gövde dýþ.step-3
2026-01-23 00:22:04,553 INFO  ExportHelperExtension.cs: 1145 - Found 0 features of type [CoordSys] in þimdilik montaj gövde dýþ.step-3
2026-01-23 00:22:04,553 INFO  ExportHelperExtension.cs: 1125 - Retrieving features of type [CoordSys] from 30 x 30 profil.step-3
2026-01-23 00:22:04,553 INFO  ExportHelperExtension.cs: 1136 - Found 36 in 30 x 30 profil.step-3
2026-01-23 00:22:04,553 INFO  ExportHelperExtension.cs: 1145 - Found 0 features of type [CoordSys] in 30 x 30 profil.step-3
2026-01-23 00:22:04,553 INFO  ExportHelperExtension.cs: 1125 - Retrieving features of type [CoordSys] from Montaj6 (1).step-3
2026-01-23 00:22:04,553 INFO  ExportHelperExtension.cs: 1136 - Found 30 in Montaj6 (1).step-3
2026-01-23 00:22:04,553 INFO  ExportHelperExtension.cs: 1145 - Found 0 features of type [CoordSys] in Montaj6 (1).step-3
2026-01-23 00:22:04,553 INFO  ExportHelperExtension.cs: 1125 - Retrieving features of type [CoordSys] from 30 x 30 profil.step-4
2026-01-23 00:22:04,553 INFO  ExportHelperExtension.cs: 1136 - Found 36 in 30 x 30 profil.step-4
2026-01-23 00:22:04,553 INFO  ExportHelperExtension.cs: 1145 - Found 0 features of type [CoordSys] in 30 x 30 profil.step-4
2026-01-23 00:22:04,553 INFO  ExportHelperExtension.cs: 1125 - Retrieving features of type [CoordSys] from þimdilik montaj gövde dýþ.step-4
2026-01-23 00:22:04,553 INFO  ExportHelperExtension.cs: 1136 - Found 24 in þimdilik montaj gövde dýþ.step-4
2026-01-23 00:22:04,553 INFO  ExportHelperExtension.cs: 1145 - Found 0 features of type [CoordSys] in þimdilik montaj gövde dýþ.step-4
2026-01-23 00:22:04,553 INFO  ExportHelperExtension.cs: 1125 - Retrieving features of type [CoordSys] from tekerlek (2)-2
2026-01-23 00:22:04,553 INFO  ExportHelperExtension.cs: 1136 - Found 5 in tekerlek (2)-2
2026-01-23 00:22:04,561 INFO  ExportHelperExtension.cs: 1145 - Found 0 features of type [CoordSys] in tekerlek (2)-2
2026-01-23 00:22:04,561 INFO  ExportHelperExtension.cs: 1125 - Retrieving features of type [CoordSys] from tekerlek (2)-4
2026-01-23 00:22:04,561 INFO  ExportHelperExtension.cs: 1136 - Found 5 in tekerlek (2)-4
2026-01-23 00:22:04,561 INFO  ExportHelperExtension.cs: 1145 - Found 0 features of type [CoordSys] in tekerlek (2)-4
2026-01-23 00:22:04,561 INFO  ExportHelperExtension.cs: 1125 - Retrieving features of type [CoordSys] from tekerlek (2)-3
2026-01-23 00:22:04,561 INFO  ExportHelperExtension.cs: 1136 - Found 5 in tekerlek (2)-3
2026-01-23 00:22:04,561 INFO  ExportHelperExtension.cs: 1145 - Found 0 features of type [CoordSys] in tekerlek (2)-3
2026-01-23 00:22:04,561 INFO  ExportHelperExtension.cs: 1125 - Retrieving features of type [CoordSys] from Montaj6 (1).step-2
2026-01-23 00:22:04,561 INFO  ExportHelperExtension.cs: 1136 - Found 30 in Montaj6 (1).step-2
2026-01-23 00:22:04,561 INFO  ExportHelperExtension.cs: 1145 - Found 0 features of type [CoordSys] in Montaj6 (1).step-2
2026-01-23 00:22:04,561 INFO  ExportHelperExtension.cs: 1125 - Retrieving features of type [CoordSys] from Montaj6 (1).step-4
2026-01-23 00:22:04,561 INFO  ExportHelperExtension.cs: 1136 - Found 30 in Montaj6 (1).step-4
2026-01-23 00:22:04,561 INFO  ExportHelperExtension.cs: 1145 - Found 0 features of type [CoordSys] in Montaj6 (1).step-4
2026-01-23 00:22:04,561 INFO  ExportHelperExtension.cs: 1125 - Retrieving features of type [RefAxis] from gövde Urdf Montajý
2026-01-23 00:22:04,561 INFO  ExportHelperExtension.cs: 1136 - Found 110 in gövde Urdf Montajý
2026-01-23 00:22:04,561 INFO  ExportHelperExtension.cs: 1145 - Found 6 features of type [RefAxis] in gövde Urdf Montajý
2026-01-23 00:22:04,561 INFO  ExportHelperExtension.cs: 1148 - Proceeding through assembly components
2026-01-23 00:22:04,561 INFO  ExportHelperExtension.cs: 1160 - 19 components to check
2026-01-23 00:22:04,561 INFO  ExportHelperExtension.cs: 1125 - Retrieving features of type [RefAxis] from tekerlek (2)-1
2026-01-23 00:22:04,561 INFO  ExportHelperExtension.cs: 1136 - Found 5 in tekerlek (2)-1
2026-01-23 00:22:04,561 INFO  ExportHelperExtension.cs: 1145 - Found 0 features of type [RefAxis] in tekerlek (2)-1
2026-01-23 00:22:04,561 INFO  ExportHelperExtension.cs: 1125 - Retrieving features of type [RefAxis] from Montaj6 (1).step-1
2026-01-23 00:22:04,561 INFO  ExportHelperExtension.cs: 1136 - Found 30 in Montaj6 (1).step-1
2026-01-23 00:22:04,561 INFO  ExportHelperExtension.cs: 1145 - Found 0 features of type [RefAxis] in Montaj6 (1).step-1
2026-01-23 00:22:04,561 INFO  ExportHelperExtension.cs: 1125 - Retrieving features of type [RefAxis] from Gövde Baðlantý Parçasý düzenlenmiþ-1
2026-01-23 00:22:04,569 INFO  ExportHelperExtension.cs: 1136 - Found 25 in Gövde Baðlantý Parçasý düzenlenmiþ-1
2026-01-23 00:22:04,569 INFO  ExportHelperExtension.cs: 1145 - Found 0 features of type [RefAxis] in Gövde Baðlantý Parçasý düzenlenmiþ-1
2026-01-23 00:22:04,569 INFO  ExportHelperExtension.cs: 1125 - Retrieving features of type [RefAxis] from þimdilik montaj gövde dýþ.step-1
2026-01-23 00:22:04,569 INFO  ExportHelperExtension.cs: 1136 - Found 24 in þimdilik montaj gövde dýþ.step-1
2026-01-23 00:22:04,569 INFO  ExportHelperExtension.cs: 1145 - Found 0 features of type [RefAxis] in þimdilik montaj gövde dýþ.step-1
2026-01-23 00:22:04,569 INFO  ExportHelperExtension.cs: 1125 - Retrieving features of type [RefAxis] from hazne-1
2026-01-23 00:22:04,571 INFO  ExportHelperExtension.cs: 1136 - Found 29 in hazne-1
2026-01-23 00:22:04,571 INFO  ExportHelperExtension.cs: 1145 - Found 0 features of type [RefAxis] in hazne-1
2026-01-23 00:22:04,571 INFO  ExportHelperExtension.cs: 1125 - Retrieving features of type [RefAxis] from 30 x 30 profil.step-1
2026-01-23 00:22:04,571 INFO  ExportHelperExtension.cs: 1136 - Found 36 in 30 x 30 profil.step-1
2026-01-23 00:22:04,571 INFO  ExportHelperExtension.cs: 1145 - Found 0 features of type [RefAxis] in 30 x 30 profil.step-1
2026-01-23 00:22:04,571 INFO  ExportHelperExtension.cs: 1125 - Retrieving features of type [RefAxis] from Gövde Baðlantý Parçasý düzenlenmiþ-2
2026-01-23 00:22:04,571 INFO  ExportHelperExtension.cs: 1136 - Found 25 in Gövde Baðlantý Parçasý düzenlenmiþ-2
2026-01-23 00:22:04,571 INFO  ExportHelperExtension.cs: 1145 - Found 0 features of type [RefAxis] in Gövde Baðlantý Parçasý düzenlenmiþ-2
2026-01-23 00:22:04,571 INFO  ExportHelperExtension.cs: 1125 - Retrieving features of type [RefAxis] from 30 x 30 profil.step-2
2026-01-23 00:22:04,571 INFO  ExportHelperExtension.cs: 1136 - Found 36 in 30 x 30 profil.step-2
2026-01-23 00:22:04,571 INFO  ExportHelperExtension.cs: 1145 - Found 0 features of type [RefAxis] in 30 x 30 profil.step-2
2026-01-23 00:22:04,571 INFO  ExportHelperExtension.cs: 1125 - Retrieving features of type [RefAxis] from þimdilik montaj gövde dýþ.step-2
2026-01-23 00:22:04,571 INFO  ExportHelperExtension.cs: 1136 - Found 24 in þimdilik montaj gövde dýþ.step-2
2026-01-23 00:22:04,571 INFO  ExportHelperExtension.cs: 1145 - Found 0 features of type [RefAxis] in þimdilik montaj gövde dýþ.step-2
2026-01-23 00:22:04,571 INFO  ExportHelperExtension.cs: 1125 - Retrieving features of type [RefAxis] from þimdilik montaj gövde dýþ.step-3
2026-01-23 00:22:04,571 INFO  ExportHelperExtension.cs: 1136 - Found 24 in þimdilik montaj gövde dýþ.step-3
2026-01-23 00:22:04,576 INFO  ExportHelperExtension.cs: 1145 - Found 0 features of type [RefAxis] in þimdilik montaj gövde dýþ.step-3
2026-01-23 00:22:04,576 INFO  ExportHelperExtension.cs: 1125 - Retrieving features of type [RefAxis] from 30 x 30 profil.step-3
2026-01-23 00:22:04,576 INFO  ExportHelperExtension.cs: 1136 - Found 36 in 30 x 30 profil.step-3
2026-01-23 00:22:04,576 INFO  ExportHelperExtension.cs: 1145 - Found 0 features of type [RefAxis] in 30 x 30 profil.step-3
2026-01-23 00:22:04,576 INFO  ExportHelperExtension.cs: 1125 - Retrieving features of type [RefAxis] from Montaj6 (1).step-3
2026-01-23 00:22:04,576 INFO  ExportHelperExtension.cs: 1136 - Found 30 in Montaj6 (1).step-3
2026-01-23 00:22:04,576 INFO  ExportHelperExtension.cs: 1145 - Found 0 features of type [RefAxis] in Montaj6 (1).step-3
2026-01-23 00:22:04,576 INFO  ExportHelperExtension.cs: 1125 - Retrieving features of type [RefAxis] from 30 x 30 profil.step-4
2026-01-23 00:22:04,576 INFO  ExportHelperExtension.cs: 1136 - Found 36 in 30 x 30 profil.step-4
2026-01-23 00:22:04,576 INFO  ExportHelperExtension.cs: 1145 - Found 0 features of type [RefAxis] in 30 x 30 profil.step-4
2026-01-23 00:22:04,576 INFO  ExportHelperExtension.cs: 1125 - Retrieving features of type [RefAxis] from þimdilik montaj gövde dýþ.step-4
2026-01-23 00:22:04,576 INFO  ExportHelperExtension.cs: 1136 - Found 24 in þimdilik montaj gövde dýþ.step-4
2026-01-23 00:22:04,576 INFO  ExportHelperExtension.cs: 1145 - Found 0 features of type [RefAxis] in þimdilik montaj gövde dýþ.step-4
2026-01-23 00:22:04,576 INFO  ExportHelperExtension.cs: 1125 - Retrieving features of type [RefAxis] from tekerlek (2)-2
2026-01-23 00:22:04,576 INFO  ExportHelperExtension.cs: 1136 - Found 5 in tekerlek (2)-2
2026-01-23 00:22:04,576 INFO  ExportHelperExtension.cs: 1145 - Found 0 features of type [RefAxis] in tekerlek (2)-2
2026-01-23 00:22:04,576 INFO  ExportHelperExtension.cs: 1125 - Retrieving features of type [RefAxis] from tekerlek (2)-4
2026-01-23 00:22:04,581 INFO  ExportHelperExtension.cs: 1136 - Found 5 in tekerlek (2)-4
2026-01-23 00:22:04,581 INFO  ExportHelperExtension.cs: 1145 - Found 0 features of type [RefAxis] in tekerlek (2)-4
2026-01-23 00:22:04,581 INFO  ExportHelperExtension.cs: 1125 - Retrieving features of type [RefAxis] from tekerlek (2)-3
2026-01-23 00:22:04,581 INFO  ExportHelperExtension.cs: 1136 - Found 5 in tekerlek (2)-3
2026-01-23 00:22:04,581 INFO  ExportHelperExtension.cs: 1145 - Found 0 features of type [RefAxis] in tekerlek (2)-3
2026-01-23 00:22:04,581 INFO  ExportHelperExtension.cs: 1125 - Retrieving features of type [RefAxis] from Montaj6 (1).step-2
2026-01-23 00:22:04,581 INFO  ExportHelperExtension.cs: 1136 - Found 30 in Montaj6 (1).step-2
2026-01-23 00:22:04,581 INFO  ExportHelperExtension.cs: 1145 - Found 0 features of type [RefAxis] in Montaj6 (1).step-2
2026-01-23 00:22:04,581 INFO  ExportHelperExtension.cs: 1125 - Retrieving features of type [RefAxis] from Montaj6 (1).step-4
2026-01-23 00:22:04,581 INFO  ExportHelperExtension.cs: 1136 - Found 30 in Montaj6 (1).step-4
2026-01-23 00:22:04,581 INFO  ExportHelperExtension.cs: 1145 - Found 0 features of type [RefAxis] in Montaj6 (1).step-4
2026-01-23 00:22:05,285 INFO  SwAddin.cs: 339 - Loading config tree
2026-01-23 00:22:05,285 INFO  ExportPropertyManagerExtension.cs: 520 - Starting new configuration
2026-01-23 00:22:05,287 INFO  SwAddin.cs: 344 - Showing property manager
2026-01-23 00:22:09,543 INFO  ExportPropertyManager.cs: 1136 - OnNumberBoxTrackingCompleted called. This method no longer throws an Exception. It just silently does nothing. Ok, except for this logging message
2026-01-23 00:22:09,721 INFO  ExportPropertyManager.cs: 1136 - OnNumberBoxTrackingCompleted called. This method no longer throws an Exception. It just silently does nothing. Ok, except for this logging message
2026-01-23 00:22:23,879 INFO  ExportPropertyManager.cs: 1018 - OnComboboxSelectionChanged called. This method no longer throws an Exception. It just silently does nothing. Ok, except for this logging message
2026-01-23 00:24:09,851 INFO  ExportPropertyManager.cs: 1136 - OnNumberBoxTrackingCompleted called. This method no longer throws an Exception. It just silently does nothing. Ok, except for this logging message
2026-01-23 00:24:12,833 INFO  ExportPropertyManager.cs: 1136 - OnNumberBoxTrackingCompleted called. This method no longer throws an Exception. It just silently does nothing. Ok, except for this logging message
2026-01-23 00:24:40,993 INFO  ExportPropertyManager.cs: 1018 - OnComboboxSelectionChanged called. This method no longer throws an Exception. It just silently does nothing. Ok, except for this logging message
2026-01-23 00:24:55,741 INFO  ExportPropertyManager.cs: 1018 - OnComboboxSelectionChanged called. This method no longer throws an Exception. It just silently does nothing. Ok, except for this logging message
2026-01-23 00:25:00,691 INFO  ExportPropertyManager.cs: 1018 - OnComboboxSelectionChanged called. This method no longer throws an Exception. It just silently does nothing. Ok, except for this logging message
2026-01-23 00:25:42,541 INFO  ExportPropertyManager.cs: 1018 - OnComboboxSelectionChanged called. This method no longer throws an Exception. It just silently does nothing. Ok, except for this logging message
2026-01-23 00:25:54,573 INFO  ExportPropertyManager.cs: 1018 - OnComboboxSelectionChanged called. This method no longer throws an Exception. It just silently does nothing. Ok, except for this logging message
2026-01-23 00:25:59,151 INFO  ExportPropertyManager.cs: 1018 - OnComboboxSelectionChanged called. This method no longer throws an Exception. It just silently does nothing. Ok, except for this logging message
2026-01-23 00:26:22,941 INFO  ExportPropertyManager.cs: 1018 - OnComboboxSelectionChanged called. This method no longer throws an Exception. It just silently does nothing. Ok, except for this logging message
2026-01-23 00:29:02,164 INFO  ExportPropertyManager.cs: 1136 - OnNumberBoxTrackingCompleted called. This method no longer throws an Exception. It just silently does nothing. Ok, except for this logging message
2026-01-23 00:29:02,351 INFO  ExportPropertyManager.cs: 1136 - OnNumberBoxTrackingCompleted called. This method no longer throws an Exception. It just silently does nothing. Ok, except for this logging message
2026-01-23 00:29:11,495 INFO  ExportPropertyManager.cs: 1018 - OnComboboxSelectionChanged called. This method no longer throws an Exception. It just silently does nothing. Ok, except for this logging message
2026-01-23 00:29:17,521 INFO  ExportPropertyManager.cs: 1018 - OnComboboxSelectionChanged called. This method no longer throws an Exception. It just silently does nothing. Ok, except for this logging message
2026-01-23 00:29:23,291 INFO  ExportPropertyManager.cs: 1018 - OnComboboxSelectionChanged called. This method no longer throws an Exception. It just silently does nothing. Ok, except for this logging message
2026-01-23 00:30:21,061 INFO  ExportPropertyManager.cs: 1018 - OnComboboxSelectionChanged called. This method no longer throws an Exception. It just silently does nothing. Ok, except for this logging message
2026-01-23 00:30:30,141 INFO  ExportPropertyManager.cs: 1018 - OnComboboxSelectionChanged called. This method no longer throws an Exception. It just silently does nothing. Ok, except for this logging message
2026-01-23 00:31:01,391 INFO  ExportPropertyManager.cs: 1018 - OnComboboxSelectionChanged called. This method no longer throws an Exception. It just silently does nothing. Ok, except for this logging message
2026-01-23 00:31:04,605 INFO  ExportPropertyManager.cs: 1018 - OnComboboxSelectionChanged called. This method no longer throws an Exception. It just silently does nothing. Ok, except for this logging message
2026-01-23 00:31:42,411 INFO  ExportPropertyManager.cs: 1018 - OnComboboxSelectionChanged called. This method no longer throws an Exception. It just silently does nothing. Ok, except for this logging message
2026-01-23 00:31:50,031 INFO  ExportPropertyManager.cs: 1018 - OnComboboxSelectionChanged called. This method no longer throws an Exception. It just silently does nothing. Ok, except for this logging message
2026-01-23 00:31:58,121 INFO  ExportPropertyManager.cs: 1018 - OnComboboxSelectionChanged called. This method no longer throws an Exception. It just silently does nothing. Ok, except for this logging message
2026-01-23 00:32:06,901 INFO  ExportPropertyManager.cs: 1018 - OnComboboxSelectionChanged called. This method no longer throws an Exception. It just silently does nothing. Ok, except for this logging message
2026-01-23 00:34:33,001 INFO  ExportPropertyManager.cs: 422 - Configuration saved
2026-01-23 00:34:33,351 INFO  ExportHelperExtension.cs: 347 - Creating joint Sag suspansiyon merkezi
2026-01-23 00:34:34,182 WARN  ExportHelperExtension.cs: 351 - Creating joint from parent base_link to child Sag suspansiyon merkezi failed
2026-01-23 00:34:35,419 INFO  ExportHelperExtension.cs: 347 - Creating joint Sag On
2026-01-23 00:34:35,501 WARN  ExportHelperExtension.cs: 351 - Creating joint from parent Sag suspansiyon merkezi to child Sag On failed
2026-01-23 00:34:35,641 INFO  ExportHelperExtension.cs: 347 - Creating joint Sag Arka
2026-01-23 00:34:35,713 WARN  ExportHelperExtension.cs: 351 - Creating joint from parent Sag suspansiyon merkezi to child Sag Arka failed
2026-01-23 00:34:35,834 INFO  ExportHelperExtension.cs: 347 - Creating joint Sol Suspensiyon merkezi
2026-01-23 00:34:35,841 INFO  ExportHelperExtension.cs: 1397 - Fixing components for base_link
2026-01-23 00:34:35,841 INFO  ExportHelperExtension.cs: 1402 - Fixing 24
2026-01-23 00:34:35,841 INFO  ExportHelperExtension.cs: 1409 - Component 24 is already fixed
2026-01-23 00:34:36,296 INFO  : 0 - R1: 1, System.__ComObject, 1, System.Double[]
2026-01-23 00:34:36,306 INFO  ExportHelperExtension.cs: 841 - R2: 0, 0
2026-01-23 00:34:36,306 INFO  ExportHelperExtension.cs: 849 - L1: 0
2026-01-23 00:34:36,306 INFO  ExportHelperExtension.cs: 857 - L2: 0
2026-01-23 00:34:37,963 WARN  ExportHelperExtension.cs: 351 - Creating joint from parent base_link to child Sol Suspensiyon merkezi failed
2026-01-23 00:34:39,092 INFO  ExportHelperExtension.cs: 347 - Creating joint Sol On
2026-01-23 00:34:39,241 WARN  ExportHelperExtension.cs: 351 - Creating joint from parent Sol Suspensiyon merkezi to child Sol On failed
2026-01-23 00:34:39,358 INFO  ExportHelperExtension.cs: 347 - Creating joint Sol Arka
2026-01-23 00:34:39,471 WARN  ExportHelperExtension.cs: 351 - Creating joint from parent Sol Suspensiyon merkezi to child Sol Arka failed
2026-01-23 00:34:39,723 INFO  ExportHelperExtension.cs: 1125 - Retrieving features of type [CoordSys] from gövde Urdf Montajý
2026-01-23 00:34:39,731 INFO  ExportHelperExtension.cs: 1136 - Found 113 in gövde Urdf Montajý
2026-01-23 00:34:39,731 INFO  ExportHelperExtension.cs: 1145 - Found 7 features of type [CoordSys] in gövde Urdf Montajý
2026-01-23 00:34:39,734 INFO  ExportHelperExtension.cs: 1148 - Proceeding through assembly components
2026-01-23 00:34:39,734 INFO  ExportHelperExtension.cs: 1160 - 19 components to check
2026-01-23 00:34:39,734 INFO  ExportHelperExtension.cs: 1125 - Retrieving features of type [CoordSys] from tekerlek (2)-1
2026-01-23 00:34:39,734 INFO  ExportHelperExtension.cs: 1136 - Found 5 in tekerlek (2)-1
2026-01-23 00:34:39,734 INFO  ExportHelperExtension.cs: 1145 - Found 0 features of type [CoordSys] in tekerlek (2)-1
2026-01-23 00:34:39,734 INFO  ExportHelperExtension.cs: 1125 - Retrieving features of type [CoordSys] from Montaj6 (1).step-1
2026-01-23 00:34:39,734 INFO  ExportHelperExtension.cs: 1136 - Found 30 in Montaj6 (1).step-1
2026-01-23 00:34:39,734 INFO  ExportHelperExtension.cs: 1145 - Found 0 features of type [CoordSys] in Montaj6 (1).step-1
2026-01-23 00:34:39,734 INFO  ExportHelperExtension.cs: 1125 - Retrieving features of type [CoordSys] from Gövde Baðlantý Parçasý düzenlenmiþ-1
2026-01-23 00:34:39,734 INFO  ExportHelperExtension.cs: 1136 - Found 25 in Gövde Baðlantý Parçasý düzenlenmiþ-1
2026-01-23 00:34:39,734 INFO  ExportHelperExtension.cs: 1145 - Found 0 features of type [CoordSys] in Gövde Baðlantý Parçasý düzenlenmiþ-1
2026-01-23 00:34:39,739 INFO  ExportHelperExtension.cs: 1125 - Retrieving features of type [CoordSys] from þimdilik montaj gövde dýþ.step-1
2026-01-23 00:34:39,739 INFO  ExportHelperExtension.cs: 1136 - Found 24 in þimdilik montaj gövde dýþ.step-1
2026-01-23 00:34:39,739 INFO  ExportHelperExtension.cs: 1145 - Found 0 features of type [CoordSys] in þimdilik montaj gövde dýþ.step-1
2026-01-23 00:34:39,739 INFO  ExportHelperExtension.cs: 1125 - Retrieving features of type [CoordSys] from hazne-1
2026-01-23 00:34:39,739 INFO  ExportHelperExtension.cs: 1136 - Found 29 in hazne-1
2026-01-23 00:34:39,739 INFO  ExportHelperExtension.cs: 1145 - Found 0 features of type [CoordSys] in hazne-1
2026-01-23 00:34:39,742 INFO  ExportHelperExtension.cs: 1125 - Retrieving features of type [CoordSys] from 30 x 30 profil.step-1
2026-01-23 00:34:39,742 INFO  ExportHelperExtension.cs: 1136 - Found 36 in 30 x 30 profil.step-1
2026-01-23 00:34:39,742 INFO  ExportHelperExtension.cs: 1145 - Found 0 features of type [CoordSys] in 30 x 30 profil.step-1
2026-01-23 00:34:39,742 INFO  ExportHelperExtension.cs: 1125 - Retrieving features of type [CoordSys] from Gövde Baðlantý Parçasý düzenlenmiþ-2
2026-01-23 00:34:39,742 INFO  ExportHelperExtension.cs: 1136 - Found 25 in Gövde Baðlantý Parçasý düzenlenmiþ-2
2026-01-23 00:34:39,742 INFO  ExportHelperExtension.cs: 1145 - Found 0 features of type [CoordSys] in Gövde Baðlantý Parçasý düzenlenmiþ-2
2026-01-23 00:34:39,742 INFO  ExportHelperExtension.cs: 1125 - Retrieving features of type [CoordSys] from 30 x 30 profil.step-2
2026-01-23 00:34:39,742 INFO  ExportHelperExtension.cs: 1136 - Found 36 in 30 x 30 profil.step-2
2026-01-23 00:34:39,742 INFO  ExportHelperExtension.cs: 1145 - Found 0 features of type [CoordSys] in 30 x 30 profil.step-2
2026-01-23 00:34:39,742 INFO  ExportHelperExtension.cs: 1125 - Retrieving features of type [CoordSys] from þimdilik montaj gövde dýþ.step-2
2026-01-23 00:34:39,742 INFO  ExportHelperExtension.cs: 1136 - Found 24 in þimdilik montaj gövde dýþ.step-2
2026-01-23 00:34:39,742 INFO  ExportHelperExtension.cs: 1145 - Found 0 features of type [CoordSys] in þimdilik montaj gövde dýþ.step-2
2026-01-23 00:34:39,742 INFO  ExportHelperExtension.cs: 1125 - Retrieving features of type [CoordSys] from þimdilik montaj gövde dýþ.step-3
2026-01-23 00:34:39,747 INFO  ExportHelperExtension.cs: 1136 - Found 24 in þimdilik montaj gövde dýþ.step-3
2026-01-23 00:34:39,747 INFO  ExportHelperExtension.cs: 1145 - Found 0 features of type [CoordSys] in þimdilik montaj gövde dýþ.step-3
2026-01-23 00:34:39,747 INFO  ExportHelperExtension.cs: 1125 - Retrieving features of type [CoordSys] from 30 x 30 profil.step-3
2026-01-23 00:34:39,747 INFO  ExportHelperExtension.cs: 1136 - Found 36 in 30 x 30 profil.step-3
2026-01-23 00:34:39,747 INFO  ExportHelperExtension.cs: 1145 - Found 0 features of type [CoordSys] in 30 x 30 profil.step-3
2026-01-23 00:34:39,747 INFO  ExportHelperExtension.cs: 1125 - Retrieving features of type [CoordSys] from Montaj6 (1).step-3
2026-01-23 00:34:39,747 INFO  ExportHelperExtension.cs: 1136 - Found 30 in Montaj6 (1).step-3
2026-01-23 00:34:39,747 INFO  ExportHelperExtension.cs: 1145 - Found 0 features of type [CoordSys] in Montaj6 (1).step-3
2026-01-23 00:34:39,747 INFO  ExportHelperExtension.cs: 1125 - Retrieving features of type [CoordSys] from 30 x 30 profil.step-4
2026-01-23 00:34:39,747 INFO  ExportHelperExtension.cs: 1136 - Found 36 in 30 x 30 profil.step-4
2026-01-23 00:34:39,747 INFO  ExportHelperExtension.cs: 1145 - Found 0 features of type [CoordSys] in 30 x 30 profil.step-4
2026-01-23 00:34:39,747 INFO  ExportHelperExtension.cs: 1125 - Retrieving features of type [CoordSys] from þimdilik montaj gövde dýþ.step-4
2026-01-23 00:34:39,747 INFO  ExportHelperExtension.cs: 1136 - Found 24 in þimdilik montaj gövde dýþ.step-4
2026-01-23 00:34:39,752 INFO  ExportHelperExtension.cs: 1145 - Found 0 features of type [CoordSys] in þimdilik montaj gövde dýþ.step-4
2026-01-23 00:34:39,752 INFO  ExportHelperExtension.cs: 1125 - Retrieving features of type [CoordSys] from tekerlek (2)-2
2026-01-23 00:34:39,752 INFO  ExportHelperExtension.cs: 1136 - Found 5 in tekerlek (2)-2
2026-01-23 00:34:39,752 INFO  ExportHelperExtension.cs: 1145 - Found 0 features of type [CoordSys] in tekerlek (2)-2
2026-01-23 00:34:39,752 INFO  ExportHelperExtension.cs: 1125 - Retrieving features of type [CoordSys] from tekerlek (2)-4
2026-01-23 00:34:39,752 INFO  ExportHelperExtension.cs: 1136 - Found 5 in tekerlek (2)-4
2026-01-23 00:34:39,752 INFO  ExportHelperExtension.cs: 1145 - Found 0 features of type [CoordSys] in tekerlek (2)-4
2026-01-23 00:34:39,752 INFO  ExportHelperExtension.cs: 1125 - Retrieving features of type [CoordSys] from tekerlek (2)-3
2026-01-23 00:34:39,752 INFO  ExportHelperExtension.cs: 1136 - Found 5 in tekerlek (2)-3
2026-01-23 00:34:39,752 INFO  ExportHelperExtension.cs: 1145 - Found 0 features of type [CoordSys] in tekerlek (2)-3
2026-01-23 00:34:39,755 INFO  ExportHelperExtension.cs: 1125 - Retrieving features of type [CoordSys] from Montaj6 (1).step-2
2026-01-23 00:34:39,755 INFO  ExportHelperExtension.cs: 1136 - Found 30 in Montaj6 (1).step-2
2026-01-23 00:34:39,755 INFO  ExportHelperExtension.cs: 1145 - Found 0 features of type [CoordSys] in Montaj6 (1).step-2
2026-01-23 00:34:39,755 INFO  ExportHelperExtension.cs: 1125 - Retrieving features of type [CoordSys] from Montaj6 (1).step-4
2026-01-23 00:34:39,755 INFO  ExportHelperExtension.cs: 1136 - Found 30 in Montaj6 (1).step-4
2026-01-23 00:34:39,755 INFO  ExportHelperExtension.cs: 1145 - Found 0 features of type [CoordSys] in Montaj6 (1).step-4
2026-01-23 00:34:39,755 INFO  ExportHelperExtension.cs: 1125 - Retrieving features of type [RefAxis] from gövde Urdf Montajý
2026-01-23 00:34:39,755 INFO  ExportHelperExtension.cs: 1136 - Found 113 in gövde Urdf Montajý
2026-01-23 00:34:39,755 INFO  ExportHelperExtension.cs: 1145 - Found 7 features of type [RefAxis] in gövde Urdf Montajý
2026-01-23 00:34:39,755 INFO  ExportHelperExtension.cs: 1148 - Proceeding through assembly components
2026-01-23 00:34:39,755 INFO  ExportHelperExtension.cs: 1160 - 19 components to check
2026-01-23 00:34:39,755 INFO  ExportHelperExtension.cs: 1125 - Retrieving features of type [RefAxis] from tekerlek (2)-1
2026-01-23 00:34:39,755 INFO  ExportHelperExtension.cs: 1136 - Found 5 in tekerlek (2)-1
2026-01-23 00:34:39,755 INFO  ExportHelperExtension.cs: 1145 - Found 0 features of type [RefAxis] in tekerlek (2)-1
2026-01-23 00:34:39,761 INFO  ExportHelperExtension.cs: 1125 - Retrieving features of type [RefAxis] from Montaj6 (1).step-1
2026-01-23 00:34:39,761 INFO  ExportHelperExtension.cs: 1136 - Found 30 in Montaj6 (1).step-1
2026-01-23 00:34:39,761 INFO  ExportHelperExtension.cs: 1145 - Found 0 features of type [RefAxis] in Montaj6 (1).step-1
2026-01-23 00:34:39,761 INFO  ExportHelperExtension.cs: 1125 - Retrieving features of type [RefAxis] from Gövde Baðlantý Parçasý düzenlenmiþ-1
2026-01-23 00:34:39,761 INFO  ExportHelperExtension.cs: 1136 - Found 25 in Gövde Baðlantý Parçasý düzenlenmiþ-1
2026-01-23 00:34:39,761 INFO  ExportHelperExtension.cs: 1145 - Found 0 features of type [RefAxis] in Gövde Baðlantý Parçasý düzenlenmiþ-1
2026-01-23 00:34:39,761 INFO  ExportHelperExtension.cs: 1125 - Retrieving features of type [RefAxis] from þimdilik montaj gövde dýþ.step-1
2026-01-23 00:34:39,761 INFO  ExportHelperExtension.cs: 1136 - Found 24 in þimdilik montaj gövde dýþ.step-1
2026-01-23 00:34:39,761 INFO  ExportHelperExtension.cs: 1145 - Found 0 features of type [RefAxis] in þimdilik montaj gövde dýþ.step-1
2026-01-23 00:34:39,761 INFO  ExportHelperExtension.cs: 1125 - Retrieving features of type [RefAxis] from hazne-1
2026-01-23 00:34:39,761 INFO  ExportHelperExtension.cs: 1136 - Found 29 in hazne-1
2026-01-23 00:34:39,761 INFO  ExportHelperExtension.cs: 1145 - Found 0 features of type [RefAxis] in hazne-1
2026-01-23 00:34:39,766 INFO  ExportHelperExtension.cs: 1125 - Retrieving features of type [RefAxis] from 30 x 30 profil.step-1
2026-01-23 00:34:39,766 INFO  ExportHelperExtension.cs: 1136 - Found 36 in 30 x 30 profil.step-1
2026-01-23 00:34:39,766 INFO  ExportHelperExtension.cs: 1145 - Found 0 features of type [RefAxis] in 30 x 30 profil.step-1
2026-01-23 00:34:39,766 INFO  ExportHelperExtension.cs: 1125 - Retrieving features of type [RefAxis] from Gövde Baðlantý Parçasý düzenlenmiþ-2
2026-01-23 00:34:39,766 INFO  ExportHelperExtension.cs: 1136 - Found 25 in Gövde Baðlantý Parçasý düzenlenmiþ-2
2026-01-23 00:34:39,766 INFO  ExportHelperExtension.cs: 1145 - Found 0 features of type [RefAxis] in Gövde Baðlantý Parçasý düzenlenmiþ-2
2026-01-23 00:34:39,766 INFO  ExportHelperExtension.cs: 1125 - Retrieving features of type [RefAxis] from 30 x 30 profil.step-2
2026-01-23 00:34:39,766 INFO  ExportHelperExtension.cs: 1136 - Found 36 in 30 x 30 profil.step-2
2026-01-23 00:34:39,766 INFO  ExportHelperExtension.cs: 1145 - Found 0 features of type [RefAxis] in 30 x 30 profil.step-2
2026-01-23 00:34:39,766 INFO  ExportHelperExtension.cs: 1125 - Retrieving features of type [RefAxis] from þimdilik montaj gövde dýþ.step-2
2026-01-23 00:34:39,766 INFO  ExportHelperExtension.cs: 1136 - Found 24 in þimdilik montaj gövde dýþ.step-2
2026-01-23 00:34:39,766 INFO  ExportHelperExtension.cs: 1145 - Found 0 features of type [RefAxis] in þimdilik montaj gövde dýþ.step-2
2026-01-23 00:34:39,771 INFO  ExportHelperExtension.cs: 1125 - Retrieving features of type [RefAxis] from þimdilik montaj gövde dýþ.step-3
2026-01-23 00:34:39,771 INFO  ExportHelperExtension.cs: 1136 - Found 24 in þimdilik montaj gövde dýþ.step-3
2026-01-23 00:34:39,771 INFO  ExportHelperExtension.cs: 1145 - Found 0 features of type [RefAxis] in þimdilik montaj gövde dýþ.step-3
2026-01-23 00:34:39,781 INFO  ExportHelperExtension.cs: 1125 - Retrieving features of type [RefAxis] from 30 x 30 profil.step-3
2026-01-23 00:34:39,787 INFO  ExportHelperExtension.cs: 1136 - Found 36 in 30 x 30 profil.step-3
2026-01-23 00:34:39,787 INFO  ExportHelperExtension.cs: 1145 - Found 0 features of type [RefAxis] in 30 x 30 profil.step-3
2026-01-23 00:34:39,787 INFO  ExportHelperExtension.cs: 1125 - Retrieving features of type [RefAxis] from Montaj6 (1).step-3
2026-01-23 00:34:39,787 INFO  ExportHelperExtension.cs: 1136 - Found 30 in Montaj6 (1).step-3
2026-01-23 00:34:39,787 INFO  ExportHelperExtension.cs: 1145 - Found 0 features of type [RefAxis] in Montaj6 (1).step-3
2026-01-23 00:34:39,787 INFO  ExportHelperExtension.cs: 1125 - Retrieving features of type [RefAxis] from 30 x 30 profil.step-4
2026-01-23 00:34:39,791 INFO  ExportHelperExtension.cs: 1136 - Found 36 in 30 x 30 profil.step-4
2026-01-23 00:34:39,791 INFO  ExportHelperExtension.cs: 1145 - Found 0 features of type [RefAxis] in 30 x 30 profil.step-4
2026-01-23 00:34:39,791 INFO  ExportHelperExtension.cs: 1125 - Retrieving features of type [RefAxis] from þimdilik montaj gövde dýþ.step-4
2026-01-23 00:34:39,791 INFO  ExportHelperExtension.cs: 1136 - Found 24 in þimdilik montaj gövde dýþ.step-4
2026-01-23 00:34:39,791 INFO  ExportHelperExtension.cs: 1145 - Found 0 features of type [RefAxis] in þimdilik montaj gövde dýþ.step-4
2026-01-23 00:34:39,791 INFO  ExportHelperExtension.cs: 1125 - Retrieving features of type [RefAxis] from tekerlek (2)-2
2026-01-23 00:34:39,791 INFO  ExportHelperExtension.cs: 1136 - Found 5 in tekerlek (2)-2
2026-01-23 00:34:39,791 INFO  ExportHelperExtension.cs: 1145 - Found 0 features of type [RefAxis] in tekerlek (2)-2
2026-01-23 00:34:39,791 INFO  ExportHelperExtension.cs: 1125 - Retrieving features of type [RefAxis] from tekerlek (2)-4
2026-01-23 00:34:39,791 INFO  ExportHelperExtension.cs: 1136 - Found 5 in tekerlek (2)-4
2026-01-23 00:34:39,791 INFO  ExportHelperExtension.cs: 1145 - Found 0 features of type [RefAxis] in tekerlek (2)-4
2026-01-23 00:34:39,791 INFO  ExportHelperExtension.cs: 1125 - Retrieving features of type [RefAxis] from tekerlek (2)-3
2026-01-23 00:34:39,791 INFO  ExportHelperExtension.cs: 1136 - Found 5 in tekerlek (2)-3
2026-01-23 00:34:39,791 INFO  ExportHelperExtension.cs: 1145 - Found 0 features of type [RefAxis] in tekerlek (2)-3
2026-01-23 00:34:39,791 INFO  ExportHelperExtension.cs: 1125 - Retrieving features of type [RefAxis] from Montaj6 (1).step-2
2026-01-23 00:34:39,797 INFO  ExportHelperExtension.cs: 1136 - Found 30 in Montaj6 (1).step-2
2026-01-23 00:34:39,797 INFO  ExportHelperExtension.cs: 1145 - Found 0 features of type [RefAxis] in Montaj6 (1).step-2
2026-01-23 00:34:39,797 INFO  ExportHelperExtension.cs: 1125 - Retrieving features of type [RefAxis] from Montaj6 (1).step-4
2026-01-23 00:34:39,797 INFO  ExportHelperExtension.cs: 1136 - Found 30 in Montaj6 (1).step-4
2026-01-23 00:34:39,797 INFO  ExportHelperExtension.cs: 1145 - Found 0 features of type [RefAxis] in Montaj6 (1).step-4
2026-01-23 00:34:39,834 INFO  ExportPropertyManager.cs: 1142 - AfterClose called. This method no longer throws an Exception. It just silently does nothing. Ok, except for this logging message
2026-01-23 01:00:59,617 INFO  SwAddin.cs: 294 - Assembly export called for file gövde Urdf Montajý
2026-01-23 01:00:59,617 INFO  SwAddin.cs: 299 - Save is required
2026-01-23 01:00:59,617 INFO  SwAddin.cs: 313 - Saving assembly
2026-01-23 01:01:02,514 INFO  SwAddin.cs: 316 - Opening property manager
2026-01-23 01:01:02,514 INFO  ExportHelperExtension.cs: 1125 - Retrieving features of type [CoordSys] from gövde Urdf Montajý
2026-01-23 01:01:02,517 INFO  ExportHelperExtension.cs: 1136 - Found 113 in gövde Urdf Montajý
2026-01-23 01:01:02,517 INFO  ExportHelperExtension.cs: 1145 - Found 7 features of type [CoordSys] in gövde Urdf Montajý
2026-01-23 01:01:02,517 INFO  ExportHelperExtension.cs: 1148 - Proceeding through assembly components
2026-01-23 01:01:02,517 INFO  ExportHelperExtension.cs: 1160 - 19 components to check
2026-01-23 01:01:02,517 INFO  ExportHelperExtension.cs: 1125 - Retrieving features of type [CoordSys] from tekerlek (2)-1
2026-01-23 01:01:02,517 INFO  ExportHelperExtension.cs: 1136 - Found 5 in tekerlek (2)-1
2026-01-23 01:01:02,517 INFO  ExportHelperExtension.cs: 1145 - Found 0 features of type [CoordSys] in tekerlek (2)-1
2026-01-23 01:01:02,517 INFO  ExportHelperExtension.cs: 1125 - Retrieving features of type [CoordSys] from Montaj6 (1).step-1
2026-01-23 01:01:02,517 INFO  ExportHelperExtension.cs: 1136 - Found 30 in Montaj6 (1).step-1
2026-01-23 01:01:02,517 INFO  ExportHelperExtension.cs: 1145 - Found 0 features of type [CoordSys] in Montaj6 (1).step-1
2026-01-23 01:01:02,517 INFO  ExportHelperExtension.cs: 1125 - Retrieving features of type [CoordSys] from Gövde Baðlantý Parçasý düzenlenmiþ-1
2026-01-23 01:01:02,517 INFO  ExportHelperExtension.cs: 1136 - Found 25 in Gövde Baðlantý Parçasý düzenlenmiþ-1
2026-01-23 01:01:02,517 INFO  ExportHelperExtension.cs: 1145 - Found 0 features of type [CoordSys] in Gövde Baðlantý Parçasý düzenlenmiþ-1
2026-01-23 01:01:02,517 INFO  ExportHelperExtension.cs: 1125 - Retrieving features of type [CoordSys] from þimdilik montaj gövde dýþ.step-1
2026-01-23 01:01:02,517 INFO  ExportHelperExtension.cs: 1136 - Found 24 in þimdilik montaj gövde dýþ.step-1
2026-01-23 01:01:02,517 INFO  ExportHelperExtension.cs: 1145 - Found 0 features of type [CoordSys] in þimdilik montaj gövde dýþ.step-1
2026-01-23 01:01:02,517 INFO  ExportHelperExtension.cs: 1125 - Retrieving features of type [CoordSys] from hazne-1
2026-01-23 01:01:02,517 INFO  ExportHelperExtension.cs: 1136 - Found 29 in hazne-1
2026-01-23 01:01:02,517 INFO  ExportHelperExtension.cs: 1145 - Found 0 features of type [CoordSys] in hazne-1
2026-01-23 01:01:02,517 INFO  ExportHelperExtension.cs: 1125 - Retrieving features of type [CoordSys] from 30 x 30 profil.step-1
2026-01-23 01:01:02,517 INFO  ExportHelperExtension.cs: 1136 - Found 36 in 30 x 30 profil.step-1
2026-01-23 01:01:02,517 INFO  ExportHelperExtension.cs: 1145 - Found 0 features of type [CoordSys] in 30 x 30 profil.step-1
2026-01-23 01:01:02,517 INFO  ExportHelperExtension.cs: 1125 - Retrieving features of type [CoordSys] from Gövde Baðlantý Parçasý düzenlenmiþ-2
2026-01-23 01:01:02,517 INFO  ExportHelperExtension.cs: 1136 - Found 25 in Gövde Baðlantý Parçasý düzenlenmiþ-2
2026-01-23 01:01:02,517 INFO  ExportHelperExtension.cs: 1145 - Found 0 features of type [CoordSys] in Gövde Baðlantý Parçasý düzenlenmiþ-2
2026-01-23 01:01:02,517 INFO  ExportHelperExtension.cs: 1125 - Retrieving features of type [CoordSys] from 30 x 30 profil.step-2
2026-01-23 01:01:02,517 INFO  ExportHelperExtension.cs: 1136 - Found 36 in 30 x 30 profil.step-2
2026-01-23 01:01:02,527 INFO  ExportHelperExtension.cs: 1145 - Found 0 features of type [CoordSys] in 30 x 30 profil.step-2
2026-01-23 01:01:02,527 INFO  ExportHelperExtension.cs: 1125 - Retrieving features of type [CoordSys] from þimdilik montaj gövde dýþ.step-2
2026-01-23 01:01:02,527 INFO  ExportHelperExtension.cs: 1136 - Found 24 in þimdilik montaj gövde dýþ.step-2
2026-01-23 01:01:02,527 INFO  ExportHelperExtension.cs: 1145 - Found 0 features of type [CoordSys] in þimdilik montaj gövde dýþ.step-2
2026-01-23 01:01:02,527 INFO  ExportHelperExtension.cs: 1125 - Retrieving features of type [CoordSys] from þimdilik montaj gövde dýþ.step-3
2026-01-23 01:01:02,529 INFO  ExportHelperExtension.cs: 1136 - Found 24 in þimdilik montaj gövde dýþ.step-3
2026-01-23 01:01:02,529 INFO  ExportHelperExtension.cs: 1145 - Found 0 features of type [CoordSys] in þimdilik montaj gövde dýþ.step-3
2026-01-23 01:01:02,529 INFO  ExportHelperExtension.cs: 1125 - Retrieving features of type [CoordSys] from 30 x 30 profil.step-3
2026-01-23 01:01:02,529 INFO  ExportHelperExtension.cs: 1136 - Found 36 in 30 x 30 profil.step-3
2026-01-23 01:01:02,529 INFO  ExportHelperExtension.cs: 1145 - Found 0 features of type [CoordSys] in 30 x 30 profil.step-3
2026-01-23 01:01:02,529 INFO  ExportHelperExtension.cs: 1125 - Retrieving features of type [CoordSys] from Montaj6 (1).step-3
2026-01-23 01:01:02,529 INFO  ExportHelperExtension.cs: 1136 - Found 30 in Montaj6 (1).step-3
2026-01-23 01:01:02,529 INFO  ExportHelperExtension.cs: 1145 - Found 0 features of type [CoordSys] in Montaj6 (1).step-3
2026-01-23 01:01:02,529 INFO  ExportHelperExtension.cs: 1125 - Retrieving features of type [CoordSys] from 30 x 30 profil.step-4
2026-01-23 01:01:02,529 INFO  ExportHelperExtension.cs: 1136 - Found 36 in 30 x 30 profil.step-4
2026-01-23 01:01:02,529 INFO  ExportHelperExtension.cs: 1145 - Found 0 features of type [CoordSys] in 30 x 30 profil.step-4
2026-01-23 01:01:02,529 INFO  ExportHelperExtension.cs: 1125 - Retrieving features of type [CoordSys] from þimdilik montaj gövde dýþ.step-4
2026-01-23 01:01:02,529 INFO  ExportHelperExtension.cs: 1136 - Found 24 in þimdilik montaj gövde dýþ.step-4
2026-01-23 01:01:02,529 INFO  ExportHelperExtension.cs: 1145 - Found 0 features of type [CoordSys] in þimdilik montaj gövde dýþ.step-4
2026-01-23 01:01:02,529 INFO  ExportHelperExtension.cs: 1125 - Retrieving features of type [CoordSys] from tekerlek (2)-2
2026-01-23 01:01:02,529 INFO  ExportHelperExtension.cs: 1136 - Found 5 in tekerlek (2)-2
2026-01-23 01:01:02,529 INFO  ExportHelperExtension.cs: 1145 - Found 0 features of type [CoordSys] in tekerlek (2)-2
2026-01-23 01:01:02,529 INFO  ExportHelperExtension.cs: 1125 - Retrieving features of type [CoordSys] from tekerlek (2)-4
2026-01-23 01:01:02,529 INFO  ExportHelperExtension.cs: 1136 - Found 5 in tekerlek (2)-4
2026-01-23 01:01:02,529 INFO  ExportHelperExtension.cs: 1145 - Found 0 features of type [CoordSys] in tekerlek (2)-4
2026-01-23 01:01:02,529 INFO  ExportHelperExtension.cs: 1125 - Retrieving features of type [CoordSys] from tekerlek (2)-3
2026-01-23 01:01:02,529 INFO  ExportHelperExtension.cs: 1136 - Found 5 in tekerlek (2)-3
2026-01-23 01:01:02,529 INFO  ExportHelperExtension.cs: 1145 - Found 0 features of type [CoordSys] in tekerlek (2)-3
2026-01-23 01:01:02,529 INFO  ExportHelperExtension.cs: 1125 - Retrieving features of type [CoordSys] from Montaj6 (1).step-2
2026-01-23 01:01:02,537 INFO  ExportHelperExtension.cs: 1136 - Found 30 in Montaj6 (1).step-2
2026-01-23 01:01:02,537 INFO  ExportHelperExtension.cs: 1145 - Found 0 features of type [CoordSys] in Montaj6 (1).step-2
2026-01-23 01:01:02,537 INFO  ExportHelperExtension.cs: 1125 - Retrieving features of type [CoordSys] from Montaj6 (1).step-4
2026-01-23 01:01:02,537 INFO  ExportHelperExtension.cs: 1136 - Found 30 in Montaj6 (1).step-4
2026-01-23 01:01:02,537 INFO  ExportHelperExtension.cs: 1145 - Found 0 features of type [CoordSys] in Montaj6 (1).step-4
2026-01-23 01:01:02,537 INFO  ExportHelperExtension.cs: 1125 - Retrieving features of type [RefAxis] from gövde Urdf Montajý
2026-01-23 01:01:02,537 INFO  ExportHelperExtension.cs: 1136 - Found 113 in gövde Urdf Montajý
2026-01-23 01:01:02,537 INFO  ExportHelperExtension.cs: 1145 - Found 7 features of type [RefAxis] in gövde Urdf Montajý
2026-01-23 01:01:02,537 INFO  ExportHelperExtension.cs: 1148 - Proceeding through assembly components
2026-01-23 01:01:02,537 INFO  ExportHelperExtension.cs: 1160 - 19 components to check
2026-01-23 01:01:02,537 INFO  ExportHelperExtension.cs: 1125 - Retrieving features of type [RefAxis] from tekerlek (2)-1
2026-01-23 01:01:02,537 INFO  ExportHelperExtension.cs: 1136 - Found 5 in tekerlek (2)-1
2026-01-23 01:01:02,545 INFO  ExportHelperExtension.cs: 1145 - Found 0 features of type [RefAxis] in tekerlek (2)-1
2026-01-23 01:01:02,545 INFO  ExportHelperExtension.cs: 1125 - Retrieving features of type [RefAxis] from Montaj6 (1).step-1
2026-01-23 01:01:02,561 INFO  ExportHelperExtension.cs: 1136 - Found 30 in Montaj6 (1).step-1
2026-01-23 01:01:02,561 INFO  ExportHelperExtension.cs: 1145 - Found 0 features of type [RefAxis] in Montaj6 (1).step-1
2026-01-23 01:01:02,561 INFO  ExportHelperExtension.cs: 1125 - Retrieving features of type [RefAxis] from Gövde Baðlantý Parçasý düzenlenmiþ-1
2026-01-23 01:01:02,561 INFO  ExportHelperExtension.cs: 1136 - Found 25 in Gövde Baðlantý Parçasý düzenlenmiþ-1
2026-01-23 01:01:02,563 INFO  ExportHelperExtension.cs: 1145 - Found 0 features of type [RefAxis] in Gövde Baðlantý Parçasý düzenlenmiþ-1
2026-01-23 01:01:02,563 INFO  ExportHelperExtension.cs: 1125 - Retrieving features of type [RefAxis] from þimdilik montaj gövde dýþ.step-1
2026-01-23 01:01:02,563 INFO  ExportHelperExtension.cs: 1136 - Found 24 in þimdilik montaj gövde dýþ.step-1
2026-01-23 01:01:02,563 INFO  ExportHelperExtension.cs: 1145 - Found 0 features of type [RefAxis] in þimdilik montaj gövde dýþ.step-1
2026-01-23 01:01:02,563 INFO  ExportHelperExtension.cs: 1125 - Retrieving features of type [RefAxis] from hazne-1
2026-01-23 01:01:02,563 INFO  ExportHelperExtension.cs: 1136 - Found 29 in hazne-1
2026-01-23 01:01:02,563 INFO  ExportHelperExtension.cs: 1145 - Found 0 features of type [RefAxis] in hazne-1
2026-01-23 01:01:02,565 INFO  ExportHelperExtension.cs: 1125 - Retrieving features of type [RefAxis] from 30 x 30 profil.step-1
2026-01-23 01:01:02,565 INFO  ExportHelperExtension.cs: 1136 - Found 36 in 30 x 30 profil.step-1
2026-01-23 01:01:02,565 INFO  ExportHelperExtension.cs: 1145 - Found 0 features of type [RefAxis] in 30 x 30 profil.step-1
2026-01-23 01:01:02,565 INFO  ExportHelperExtension.cs: 1125 - Retrieving features of type [RefAxis] from Gövde Baðlantý Parçasý düzenlenmiþ-2
2026-01-23 01:01:02,565 INFO  ExportHelperExtension.cs: 1136 - Found 25 in Gövde Baðlantý Parçasý düzenlenmiþ-2
2026-01-23 01:01:02,565 INFO  ExportHelperExtension.cs: 1145 - Found 0 features of type [RefAxis] in Gövde Baðlantý Parçasý düzenlenmiþ-2
2026-01-23 01:01:02,565 INFO  ExportHelperExtension.cs: 1125 - Retrieving features of type [RefAxis] from 30 x 30 profil.step-2
2026-01-23 01:01:02,565 INFO  ExportHelperExtension.cs: 1136 - Found 36 in 30 x 30 profil.step-2
2026-01-23 01:01:02,567 INFO  ExportHelperExtension.cs: 1145 - Found 0 features of type [RefAxis] in 30 x 30 profil.step-2
2026-01-23 01:01:02,567 INFO  ExportHelperExtension.cs: 1125 - Retrieving features of type [RefAxis] from þimdilik montaj gövde dýþ.step-2
2026-01-23 01:01:02,567 INFO  ExportHelperExtension.cs: 1136 - Found 24 in þimdilik montaj gövde dýþ.step-2
2026-01-23 01:01:02,567 INFO  ExportHelperExtension.cs: 1145 - Found 0 features of type [RefAxis] in þimdilik montaj gövde dýþ.step-2
2026-01-23 01:01:02,567 INFO  ExportHelperExtension.cs: 1125 - Retrieving features of type [RefAxis] from þimdilik montaj gövde dýþ.step-3
2026-01-23 01:01:02,567 INFO  ExportHelperExtension.cs: 1136 - Found 24 in þimdilik montaj gövde dýþ.step-3
2026-01-23 01:01:02,567 INFO  ExportHelperExtension.cs: 1145 - Found 0 features of type [RefAxis] in þimdilik montaj gövde dýþ.step-3
2026-01-23 01:01:02,567 INFO  ExportHelperExtension.cs: 1125 - Retrieving features of type [RefAxis] from 30 x 30 profil.step-3
2026-01-23 01:01:02,567 INFO  ExportHelperExtension.cs: 1136 - Found 36 in 30 x 30 profil.step-3
2026-01-23 01:01:02,567 INFO  ExportHelperExtension.cs: 1145 - Found 0 features of type [RefAxis] in 30 x 30 profil.step-3
2026-01-23 01:01:02,567 INFO  ExportHelperExtension.cs: 1125 - Retrieving features of type [RefAxis] from Montaj6 (1).step-3
2026-01-23 01:01:02,567 INFO  ExportHelperExtension.cs: 1136 - Found 30 in Montaj6 (1).step-3
2026-01-23 01:01:02,567 INFO  ExportHelperExtension.cs: 1145 - Found 0 features of type [RefAxis] in Montaj6 (1).step-3
2026-01-23 01:01:02,567 INFO  ExportHelperExtension.cs: 1125 - Retrieving features of type [RefAxis] from 30 x 30 profil.step-4
2026-01-23 01:01:02,567 INFO  ExportHelperExtension.cs: 1136 - Found 36 in 30 x 30 profil.step-4
2026-01-23 01:01:02,567 INFO  ExportHelperExtension.cs: 1145 - Found 0 features of type [RefAxis] in 30 x 30 profil.step-4
2026-01-23 01:01:02,567 INFO  ExportHelperExtension.cs: 1125 - Retrieving features of type [RefAxis] from þimdilik montaj gövde dýþ.step-4
2026-01-23 01:01:02,567 INFO  ExportHelperExtension.cs: 1136 - Found 24 in þimdilik montaj gövde dýþ.step-4
2026-01-23 01:01:02,567 INFO  ExportHelperExtension.cs: 1145 - Found 0 features of type [RefAxis] in þimdilik montaj gövde dýþ.step-4
2026-01-23 01:01:02,567 INFO  ExportHelperExtension.cs: 1125 - Retrieving features of type [RefAxis] from tekerlek (2)-2
2026-01-23 01:01:02,567 INFO  ExportHelperExtension.cs: 1136 - Found 5 in tekerlek (2)-2
2026-01-23 01:01:02,567 INFO  ExportHelperExtension.cs: 1145 - Found 0 features of type [RefAxis] in tekerlek (2)-2
2026-01-23 01:01:02,567 INFO  ExportHelperExtension.cs: 1125 - Retrieving features of type [RefAxis] from tekerlek (2)-4
2026-01-23 01:01:02,567 INFO  ExportHelperExtension.cs: 1136 - Found 5 in tekerlek (2)-4
2026-01-23 01:01:02,567 INFO  ExportHelperExtension.cs: 1145 - Found 0 features of type [RefAxis] in tekerlek (2)-4
2026-01-23 01:01:02,567 INFO  ExportHelperExtension.cs: 1125 - Retrieving features of type [RefAxis] from tekerlek (2)-3
2026-01-23 01:01:02,567 INFO  ExportHelperExtension.cs: 1136 - Found 5 in tekerlek (2)-3
2026-01-23 01:01:02,567 INFO  ExportHelperExtension.cs: 1145 - Found 0 features of type [RefAxis] in tekerlek (2)-3
2026-01-23 01:01:02,567 INFO  ExportHelperExtension.cs: 1125 - Retrieving features of type [RefAxis] from Montaj6 (1).step-2
2026-01-23 01:01:02,567 INFO  ExportHelperExtension.cs: 1136 - Found 30 in Montaj6 (1).step-2
2026-01-23 01:01:02,567 INFO  ExportHelperExtension.cs: 1145 - Found 0 features of type [RefAxis] in Montaj6 (1).step-2
2026-01-23 01:01:02,567 INFO  ExportHelperExtension.cs: 1125 - Retrieving features of type [RefAxis] from Montaj6 (1).step-4
2026-01-23 01:01:02,567 INFO  ExportHelperExtension.cs: 1136 - Found 30 in Montaj6 (1).step-4
2026-01-23 01:01:02,567 INFO  ExportHelperExtension.cs: 1145 - Found 0 features of type [RefAxis] in Montaj6 (1).step-4
2026-01-23 01:01:03,101 INFO  SwAddin.cs: 339 - Loading config tree
2026-01-23 01:01:03,107 INFO  ConfigurationSerialization.cs: 276 - URDF Configuration found
<Link z:Id="i1" xmlns="http://schemas.datacontract.org/2004/07/SW2URDF" xmlns:i="http://www.w3.org/2001/XMLSchema-instance" xmlns:z="http://schemas.microsoft.com/2003/10/Serialization/"><Attributes><Attribute z:Id="i2"><AttributeType>name</AttributeType><IsRequired>true</IsRequired><Value i:type="a:string" xmlns:a="http://www.w3.org/2001/XMLSchema">base_link</Value></Attribute></Attributes><ChildElements><URDFElement z:Id="i3" i:type="Inertial"><Attributes/><ChildElements><URDFElement z:Id="i4" i:type="Origin"><Attributes><Attribute z:Id="i5"><AttributeType>xyz</AttributeType><IsRequired>true</IsRequired><Value i:type="a:ArrayOfdouble" xmlns:a="http://schemas.microsoft.com/2003/10/Serialization/Arrays"><a:double>0</a:double><a:double>0</a:double><a:double>0</a:double></Value></Attribute><Attribute z:Id="i6"><AttributeType>rpy</AttributeType><IsRequired>true</IsRequired><Value i:type="a:ArrayOfdouble" xmlns:a="http://schemas.microsoft.com/2003/10/Serialization/Arrays"><a:double>0</a:double><a:double>0</a:double><a:double>0</a:double></Value></Attribute></Attributes><ChildElements/><ElementName>origin</ElementName><required>false</required><RPYAttribute z:Ref="i6"/><XYZAttribute z:Ref="i5"/><isCustomized>false</isCustomized></URDFElement><URDFElement z:Id="i7" i:type="Mass"><Attributes><Attribute z:Id="i8"><AttributeType>value</AttributeType><IsRequired>true</IsRequired><Value i:type="a:double" xmlns:a="http://www.w3.org/2001/XMLSchema">0</Value></Attribute></Attributes><ChildElements/><ElementName>mass</ElementName><required>false</required><ValueAttribute z:Ref="i8"/></URDFElement><URDFElement z:Id="i9" i:type="Inertia"><Attributes><Attribute z:Id="i10"><AttributeType>ixx</AttributeType><IsRequired>true</IsRequired><Value i:type="a:double" xmlns:a="http://www.w3.org/2001/XMLSchema">0</Value></Attribute><Attribute z:Id="i11"><AttributeType>ixy</AttributeType><IsRequired>true</IsRequired><Value i:type="a:double" xmlns:a="http://www.w3.org/2001/XMLSchema">0</Value></Attribute><Attribute z:Id="i12"><AttributeType>ixz</AttributeType><IsRequired>true</IsRequired><Value i:type="a:double" xmlns:a="http://www.w3.org/2001/XMLSchema">0</Value></Attribute><Attribute z:Id="i13"><AttributeType>iyy</AttributeType><IsRequired>true</IsRequired><Value i:type="a:double" xmlns:a="http://www.w3.org/2001/XMLSchema">0</Value></Attribute><Attribute z:Id="i14"><AttributeType>iyz</AttributeType><IsRequired>true</IsRequired><Value i:type="a:double" xmlns:a="http://www.w3.org/2001/XMLSchema">0</Value></Attribute><Attribute z:Id="i15"><AttributeType>izz</AttributeType><IsRequired>true</IsRequired><Value i:type="a:double" xmlns:a="http://www.w3.org/2001/XMLSchema">0</Value></Attribute></Attributes><ChildElements/><ElementName>inertia</ElementName><required>false</required><IxxAttribute z:Ref="i10"/><IxyAttribute z:Ref="i11"/><IxzAttribute z:Ref="i12"/><IyyAttribute z:Ref="i13"/><IyzAttribute z:Ref="i14"/><IzzAttribute z:Ref="i15"/></URDFElement></ChildElements><ElementName>inertial</ElementName><required>false</required><Inertia z:Ref="i9"/><Mass z:Ref="i7"/><Origin z:Ref="i4"/></URDFElement><URDFElement z:Id="i16" i:type="Visual"><Attributes/><ChildElements><URDFElement z:Id="i17" i:type="Origin"><Attributes><Attribute z:Id="i18"><AttributeType>xyz</AttributeType><IsRequired>true</IsRequired><Value i:type="a:ArrayOfdouble" xmlns:a="http://schemas.microsoft.com/2003/10/Serialization/Arrays"><a:double>0</a:double><a:double>0</a:double><a:double>0</a:double></Value></Attribute><Attribute z:Id="i19"><AttributeType>rpy</AttributeType><IsRequired>true</IsRequired><Value i:type="a:ArrayOfdouble" xmlns:a="http://schemas.microsoft.com/2003/10/Serialization/Arrays"><a:double>0</a:double><a:double>0</a:double><a:double>0</a:double></Value></Attribute></Attributes><ChildElements/><ElementName>origin</ElementName><required>false</required><RPYAttribute z:Ref="i19"/><XYZAttribute z:Ref="i18"/><isCustomized>false</isCustomized></URDFElement><URDFElement z:Id="i20" i:type="Geometry"><Attributes/><ChildElements><URDFElement z:Id="i21" i:type="Mesh"><Attributes><Attribute z:Id="i22"><AttributeType>filename</AttributeType><IsRequired>true</IsRequired><Value i:nil="true"/></Attribute></Attributes><ChildElements/><ElementName>mesh</ElementName><required>false</required><FilenameAttribute z:Ref="i22"/></URDFElement></ChildElements><ElementName>geometry</ElementName><required>true</required><Mesh z:Ref="i21"/></URDFElement><URDFElement z:Id="i23" i:type="Material"><Attributes><Attribute z:Id="i24"><AttributeType>name</AttributeType><IsRequired>true</IsRequired><Value i:type="a:string" xmlns:a="http://www.w3.org/2001/XMLSchema"/></Attribute></Attributes><ChildElements><URDFElement z:Id="i25" i:type="Color"><Attributes><Attribute z:Id="i26"><AttributeType>rgba</AttributeType><IsRequired>true</IsRequired><Value i:type="a:ArrayOfdouble" xmlns:a="http://schemas.microsoft.com/2003/10/Serialization/Arrays"><a:double>1</a:double><a:double>1</a:double><a:double>1</a:double><a:double>1</a:double></Value></Attribute></Attributes><ChildElements/><ElementName>color</ElementName><required>false</required><RGBAAttribute z:Ref="i26"/></URDFElement><URDFElement z:Id="i27" i:type="Texture"><Attributes><Attribute z:Id="i28"><AttributeType>filename</AttributeType><IsRequired>true</IsRequired><Value i:nil="true"/></Attribute></Attributes><ChildElements/><ElementName>texture</ElementName><required>false</required><FilenameAttribute z:Ref="i28"/><wFilename/></URDFElement></ChildElements><ElementName>material</ElementName><required>false</required><Color z:Ref="i25"/><NameAttribute z:Ref="i24"/><Texture z:Ref="i27"/></URDFElement></ChildElements><ElementName>visual</ElementName><required>false</required><Geometry z:Ref="i20"/><Material z:Ref="i23"/><Origin z:Ref="i17"/></URDFElement><URDFElement z:Id="i29" i:type="Collision"><Attributes/><ChildElements><URDFElement z:Id="i30" i:type="Origin"><Attributes><Attribute z:Id="i31"><AttributeType>xyz</AttributeType><IsRequired>true</IsRequired><Value i:type="a:ArrayOfdouble" xmlns:a="http://schemas.microsoft.com/2003/10/Serialization/Arrays"><a:double>0</a:double><a:double>0</a:double><a:double>0</a:double></Value></Attribute><Attribute z:Id="i32"><AttributeType>rpy</AttributeType><IsRequired>true</IsRequired><Value i:type="a:ArrayOfdouble" xmlns:a="http://schemas.microsoft.com/2003/10/Serialization/Arrays"><a:double>0</a:double><a:double>0</a:double><a:double>0</a:double></Value></Attribute></Attributes><ChildElements/><ElementName>origin</ElementName><required>false</required><RPYAttribute z:Ref="i32"/><XYZAttribute z:Ref="i31"/><isCustomized>false</isCustomized></URDFElement><URDFElement z:Id="i33" i:type="Geometry"><Attributes/><ChildElements><URDFElement z:Id="i34" i:type="Mesh"><Attributes><Attribute z:Id="i35"><AttributeType>filename</AttributeType><IsRequired>true</IsRequired><Value i:nil="true"/></Attribute></Attributes><ChildElements/><ElementName>mesh</ElementName><required>false</required><FilenameAttribute z:Ref="i35"/></URDFElement></ChildElements><ElementName>geometry</ElementName><required>true</required><Mesh z:Ref="i34"/></URDFElement></ChildElements><ElementName>collision</ElementName><required>false</required><Geometry z:Ref="i33"/><Origin z:Ref="i30"/></URDFElement><URDFElement z:Id="i36" i:type="Joint"><Attributes><Attribute z:Id="i37"><AttributeType>name</AttributeType><IsRequired>true</IsRequired><Value i:type="a:string" xmlns:a="http://www.w3.org/2001/XMLSchema"/></Attribute><Attribute z:Id="i38"><AttributeType>type</AttributeType><IsRequired>true</IsRequired><Value i:type="a:string" xmlns:a="http://www.w3.org/2001/XMLSchema"/></Attribute></Attributes><ChildElements><URDFElement z:Id="i39" i:type="Origin"><Attributes><Attribute z:Id="i40"><AttributeType>xyz</AttributeType><IsRequired>true</IsRequired><Value i:type="a:ArrayOfdouble" xmlns:a="http://schemas.microsoft.com/2003/10/Serialization/Arrays"><a:double>0</a:double><a:double>0</a:double><a:double>0</a:double></Value></Attribute><Attribute z:Id="i41"><AttributeType>rpy</AttributeType><IsRequired>true</IsRequired><Value i:type="a:ArrayOfdouble" xmlns:a="http://schemas.microsoft.com/2003/10/Serialization/Arrays"><a:double>0</a:double><a:double>0</a:double><a:double>0</a:double></Value></Attribute></Attributes><ChildElements/><ElementName>origin</ElementName><required>false</required><RPYAttribute z:Ref="i41"/><XYZAttribute z:Ref="i40"/><isCustomized>false</isCustomized></URDFElement><URDFElement z:Id="i42" i:type="ParentLink"><Attributes><Attribute z:Id="i43"><AttributeType>link</AttributeType><IsRequired>true</IsRequired><Value i:type="a:string" xmlns:a="http://www.w3.org/2001/XMLSchema"/></Attribute></Attributes><ChildElements/><ElementName>parent</ElementName><required>true</required><NameAttribute z:Ref="i43"/></URDFElement><URDFElement z:Id="i44" i:type="ChildLink"><Attributes><Attribute z:Id="i45"><AttributeType>link</AttributeType><IsRequired>true</IsRequired><Value i:type="a:string" xmlns:a="http://www.w3.org/2001/XMLSchema"/></Attribute></Attributes><ChildElements/><ElementName>child</ElementName><required>true</required><NameAttribute z:Ref="i45"/></URDFElement><URDFElement z:Id="i46" i:type="Axis"><Attributes><Attribute z:Id="i47"><AttributeType>xyz</AttributeType><IsRequired>true</IsRequired><Value i:type="a:ArrayOfdouble" xmlns:a="http://schemas.microsoft.com/2003/10/Serialization/Arrays"><a:double>0</a:double><a:double>0</a:double><a:double>0</a:double></Value></Attribute></Attributes><ChildElements/><ElementName>axis</ElementName><required>false</required><XYZAttribute z:Ref="i47"/></URDFElement><URDFElement z:Id="i48" i:type="Limit"><Attributes><Attribute z:Id="i49"><AttributeType>lower</AttributeType><IsRequired>false</IsRequired><Value i:nil="true"/></Attribute><Attribute z:Id="i50"><AttributeType>upper</AttributeType><IsRequired>false</IsRequired><Value i:nil="true"/></Attribute><Attribute z:Id="i51"><AttributeType>effort</AttributeType><IsRequired>true</IsRequired><Value i:nil="true"/></Attribute><Attribute z:Id="i52"><AttributeType>velocity</AttributeType><IsRequired>true</IsRequired><Value i:nil="true"/></Attribute></Attributes><ChildElements/><ElementName>limit</ElementName><required>false</required><EffortAttribute z:Ref="i51"/><LowerAttribute z:Ref="i49"/><UpperAttribute z:Ref="i50"/><VelocityAttribute z:Ref="i52"/></URDFElement><URDFElement z:Id="i53" i:type="Calibration"><Attributes><Attribute z:Id="i54"><AttributeType>rising</AttributeType><IsRequired>false</IsRequired><Value i:nil="true"/></Attribute><Attribute z:Id="i55"><AttributeType>falling</AttributeType><IsRequired>false</IsRequired><Value i:nil="true"/></Attribute></Attributes><ChildElements/><ElementName>calibration</ElementName><required>false</required><FallingAttribute z:Ref="i55"/><RisingAttribute z:Ref="i54"/></URDFElement><URDFElement z:Id="i56" i:type="Dynamics"><Attributes><Attribute z:Id="i57"><AttributeType>damping</AttributeType><IsRequired>false</IsRequired><Value i:nil="true"/></Attribute><Attribute z:Id="i58"><AttributeType>friction</AttributeType><IsRequired>false</IsRequired><Value i:nil="true"/></Attribute></Attributes><ChildElements/><ElementName>dynamics</ElementName><required>false</required><DampingAttribute z:Ref="i57"/><FrictionAttribute z:Ref="i58"/></URDFElement><URDFElement z:Id="i59" i:type="SafetyController"><Attributes><Attribute z:Id="i60"><AttributeType>soft_upper_limit</AttributeType><IsRequired>false</IsRequired><Value i:nil="true"/></Attribute><Attribute z:Id="i61"><AttributeType>soft_lower_limit</AttributeType><IsRequired>false</IsRequired><Value i:nil="true"/></Attribute><Attribute z:Id="i62"><AttributeType>k_position</AttributeType><IsRequired>false</IsRequired><Value i:nil="true"/></Attribute><Attribute z:Id="i63"><AttributeType>k_velocity</AttributeType><IsRequired>true</IsRequired><Value i:nil="true"/></Attribute></Attributes><ChildElements/><ElementName>safety_controller</ElementName><required>false</required><KPositionAttribute z:Ref="i62"/><KVelocityAttribute z:Ref="i63"/><SoftLowerAttribute z:Ref="i61"/><SoftUpperAttribute z:Ref="i60"/></URDFElement><URDFElement z:Id="i64" i:type="Mimic"><Attributes><Attribute z:Id="i65"><AttributeType>joint</AttributeType><IsRequired>true</IsRequired><Value i:nil="true"/></Attribute><Attribute z:Id="i66"><AttributeType>multiplier</AttributeType><IsRequired>false</IsRequired><Value i:nil="true"/></Attribute><Attribute z:Id="i67"><AttributeType>offset</AttributeType><IsRequired>false</IsRequired><Value i:nil="true"/></Attribute></Attributes><ChildElements/><ElementName>mimic</ElementName><required>false</required><JointNameAttribute z:Ref="i65"/><MultiplierAttribute z:Ref="i66"/><OffsetAttribute z:Ref="i67"/></URDFElement></ChildElements><ElementName>joint</ElementName><required>false</required><Axis z:Ref="i46"/><AxisName/><Calibration z:Ref="i53"/><Child z:Ref="i44"/><CoordinateSystemName>Koordinat Sistemi7</CoordinateSystemName><Dynamics z:Ref="i56"/><Limit z:Ref="i48"/><Mimic z:Ref="i64"/><NameAttribute z:Ref="i37"/><Origin z:Ref="i39"/><Parent z:Ref="i42"/><Safety z:Ref="i59"/><TypeAttribute z:Ref="i38"/></URDFElement></ChildElements><ElementName>link</ElementName><required>true</required><Children><Link z:Id="i68"><Attributes><Attribute z:Id="i69"><AttributeType>name</AttributeType><IsRequired>true</IsRequired><Value i:type="a:string" xmlns:a="http://www.w3.org/2001/XMLSchema">Sag suspansiyon merkezi</Value></Attribute></Attributes><ChildElements><URDFElement z:Id="i70" i:type="Inertial"><Attributes/><ChildElements><URDFElement z:Id="i71" i:type="Origin"><Attributes><Attribute z:Id="i72"><AttributeType>xyz</AttributeType><IsRequired>true</IsRequired><Value i:type="a:ArrayOfdouble" xmlns:a="http://schemas.microsoft.com/2003/10/Serialization/Arrays"><a:double>0</a:double><a:double>0</a:double><a:double>0</a:double></Value></Attribute><Attribute z:Id="i73"><AttributeType>rpy</AttributeType><IsRequired>true</IsRequired><Value i:type="a:ArrayOfdouble" xmlns:a="http://schemas.microsoft.com/2003/10/Serialization/Arrays"><a:double>0</a:double><a:double>0</a:double><a:double>0</a:double></Value></Attribute></Attributes><ChildElements/><ElementName>origin</ElementName><required>false</required><RPYAttribute z:Ref="i73"/><XYZAttribute z:Ref="i72"/><isCustomized>false</isCustomized></URDFElement><URDFElement z:Id="i74" i:type="Mass"><Attributes><Attribute z:Id="i75"><AttributeType>value</AttributeType><IsRequired>true</IsRequired><Value i:type="a:double" xmlns:a="http://www.w3.org/2001/XMLSchema">0</Value></Attribute></Attributes><ChildElements/><ElementName>mass</ElementName><required>false</required><ValueAttribute z:Ref="i75"/></URDFElement><URDFElement z:Id="i76" i:type="Inertia"><Attributes><Attribute z:Id="i77"><AttributeType>ixx</AttributeType><IsRequired>true</IsRequired><Value i:type="a:double" xmlns:a="http://www.w3.org/2001/XMLSchema">0</Value></Attribute><Attribute z:Id="i78"><AttributeType>ixy</AttributeType><IsRequired>true</IsRequired><Value i:type="a:double" xmlns:a="http://www.w3.org/2001/XMLSchema">0</Value></Attribute><Attribute z:Id="i79"><AttributeType>ixz</AttributeType><IsRequired>true</IsRequired><Value i:type="a:double" xmlns:a="http://www.w3.org/2001/XMLSchema">0</Value></Attribute><Attribute z:Id="i80"><AttributeType>iyy</AttributeType><IsRequired>true</IsRequired><Value i:type="a:double" xmlns:a="http://www.w3.org/2001/XMLSchema">0</Value></Attribute><Attribute z:Id="i81"><AttributeType>iyz</AttributeType><IsRequired>true</IsRequired><Value i:type="a:double" xmlns:a="http://www.w3.org/2001/XMLSchema">0</Value></Attribute><Attribute z:Id="i82"><AttributeType>izz</AttributeType><IsRequired>true</IsRequired><Value i:type="a:double" xmlns:a="http://www.w3.org/2001/XMLSchema">0</Value></Attribute></Attributes><ChildElements/><ElementName>inertia</ElementName><required>false</required><IxxAttribute z:Ref="i77"/><IxyAttribute z:Ref="i78"/><IxzAttribute z:Ref="i79"/><IyyAttribute z:Ref="i80"/><IyzAttribute z:Ref="i81"/><IzzAttribute z:Ref="i82"/></URDFElement></ChildElements><ElementName>inertial</ElementName><required>false</required><Inertia z:Ref="i76"/><Mass z:Ref="i74"/><Origin z:Ref="i71"/></URDFElement><URDFElement z:Id="i83" i:type="Visual"><Attributes/><ChildElements><URDFElement z:Id="i84" i:type="Origin"><Attributes><Attribute z:Id="i85"><AttributeType>xyz</AttributeType><IsRequired>true</IsRequired><Value i:type="a:ArrayOfdouble" xmlns:a="http://schemas.microsoft.com/2003/10/Serialization/Arrays"><a:double>0</a:double><a:double>0</a:double><a:double>0</a:double></Value></Attribute><Attribute z:Id="i86"><AttributeType>rpy</AttributeType><IsRequired>true</IsRequired><Value i:type="a:ArrayOfdouble" xmlns:a="http://schemas.microsoft.com/2003/10/Serialization/Arrays"><a:double>0</a:double><a:double>0</a:double><a:double>0</a:double></Value></Attribute></Attributes><ChildElements/><ElementName>origin</ElementName><required>false</required><RPYAttribute z:Ref="i86"/><XYZAttribute z:Ref="i85"/><isCustomized>false</isCustomized></URDFElement><URDFElement z:Id="i87" i:type="Geometry"><Attributes/><ChildElements><URDFElement z:Id="i88" i:type="Mesh"><Attributes><Attribute z:Id="i89"><AttributeType>filename</AttributeType><IsRequired>true</IsRequired><Value i:nil="true"/></Attribute></Attributes><ChildElements/><ElementName>mesh</ElementName><required>false</required><FilenameAttribute z:Ref="i89"/></URDFElement></ChildElements><ElementName>geometry</ElementName><required>true</required><Mesh z:Ref="i88"/></URDFElement><URDFElement z:Id="i90" i:type="Material"><Attributes><Attribute z:Id="i91"><AttributeType>name</AttributeType><IsRequired>true</IsRequired><Value i:type="a:string" xmlns:a="http://www.w3.org/2001/XMLSchema"/></Attribute></Attributes><ChildElements><URDFElement z:Id="i92" i:type="Color"><Attributes><Attribute z:Id="i93"><AttributeType>rgba</AttributeType><IsRequired>true</IsRequired><Value i:type="a:ArrayOfdouble" xmlns:a="http://schemas.microsoft.com/2003/10/Serialization/Arrays"><a:double>1</a:double><a:double>1</a:double><a:double>1</a:double><a:double>1</a:double></Value></Attribute></Attributes><ChildElements/><ElementName>color</ElementName><required>false</required><RGBAAttribute z:Ref="i93"/></URDFElement><URDFElement z:Id="i94" i:type="Texture"><Attributes><Attribute z:Id="i95"><AttributeType>filename</AttributeType><IsRequired>true</IsRequired><Value i:nil="true"/></Attribute></Attributes><ChildElements/><ElementName>texture</ElementName><required>false</required><FilenameAttribute z:Ref="i95"/><wFilename/></URDFElement></ChildElements><ElementName>material</ElementName><required>false</required><Color z:Ref="i92"/><NameAttribute z:Ref="i91"/><Texture z:Ref="i94"/></URDFElement></ChildElements><ElementName>visual</ElementName><required>false</required><Geometry z:Ref="i87"/><Material z:Ref="i90"/><Origin z:Ref="i84"/></URDFElement><URDFElement z:Id="i96" i:type="Collision"><Attributes/><ChildElements><URDFElement z:Id="i97" i:type="Origin"><Attributes><Attribute z:Id="i98"><AttributeType>xyz</AttributeType><IsRequired>true</IsRequired><Value i:type="a:ArrayOfdouble" xmlns:a="http://schemas.microsoft.com/2003/10/Serialization/Arrays"><a:double>0</a:double><a:double>0</a:double><a:double>0</a:double></Value></Attribute><Attribute z:Id="i99"><AttributeType>rpy</AttributeType><IsRequired>true</IsRequired><Value i:type="a:ArrayOfdouble" xmlns:a="http://schemas.microsoft.com/2003/10/Serialization/Arrays"><a:double>0</a:double><a:double>0</a:double><a:double>0</a:double></Value></Attribute></Attributes><ChildElements/><ElementName>origin</ElementName><required>false</required><RPYAttribute z:Ref="i99"/><XYZAttribute z:Ref="i98"/><isCustomized>false</isCustomized></URDFElement><URDFElement z:Id="i100" i:type="Geometry"><Attributes/><ChildElements><URDFElement z:Id="i101" i:type="Mesh"><Attributes><Attribute z:Id="i102"><AttributeType>filename</AttributeType><IsRequired>true</IsRequired><Value i:nil="true"/></Attribute></Attributes><ChildElements/><ElementName>mesh</ElementName><required>false</required><FilenameAttribute z:Ref="i102"/></URDFElement></ChildElements><ElementName>geometry</ElementName><required>true</required><Mesh z:Ref="i101"/></URDFElement></ChildElements><ElementName>collision</ElementName><required>false</required><Geometry z:Ref="i100"/><Origin z:Ref="i97"/></URDFElement><URDFElement z:Id="i103" i:type="Joint"><Attributes><Attribute z:Id="i104"><AttributeType>name</AttributeType><IsRequired>true</IsRequired><Value i:type="a:string" xmlns:a="http://www.w3.org/2001/XMLSchema">Sag Suspansiyon merkezi</Value></Attribute><Attribute z:Id="i105"><AttributeType>type</AttributeType><IsRequired>true</IsRequired><Value i:type="a:string" xmlns:a="http://www.w3.org/2001/XMLSchema">revolute</Value></Attribute></Attributes><ChildElements><URDFElement z:Id="i106" i:type="Origin"><Attributes><Attribute z:Id="i107"><AttributeType>xyz</AttributeType><IsRequired>true</IsRequired><Value i:type="a:ArrayOfdouble" xmlns:a="http://schemas.microsoft.com/2003/10/Serialization/Arrays"><a:double>0</a:double><a:double>0</a:double><a:double>0</a:double></Value></Attribute><Attribute z:Id="i108"><AttributeType>rpy</AttributeType><IsRequired>true</IsRequired><Value i:type="a:ArrayOfdouble" xmlns:a="http://schemas.microsoft.com/2003/10/Serialization/Arrays"><a:double>0</a:double><a:double>0</a:double><a:double>0</a:double></Value></Attribute></Attributes><ChildElements/><ElementName>origin</ElementName><required>false</required><RPYAttribute z:Ref="i108"/><XYZAttribute z:Ref="i107"/><isCustomized>false</isCustomized></URDFElement><URDFElement z:Id="i109" i:type="ParentLink"><Attributes><Attribute z:Id="i110"><AttributeType>link</AttributeType><IsRequired>true</IsRequired><Value i:type="a:string" xmlns:a="http://www.w3.org/2001/XMLSchema"/></Attribute></Attributes><ChildElements/><ElementName>parent</ElementName><required>true</required><NameAttribute z:Ref="i110"/></URDFElement><URDFElement z:Id="i111" i:type="ChildLink"><Attributes><Attribute z:Id="i112"><AttributeType>link</AttributeType><IsRequired>true</IsRequired><Value i:type="a:string" xmlns:a="http://www.w3.org/2001/XMLSchema"/></Attribute></Attributes><ChildElements/><ElementName>child</ElementName><required>true</required><NameAttribute z:Ref="i112"/></URDFElement><URDFElement z:Id="i113" i:type="Axis"><Attributes><Attribute z:Id="i114"><AttributeType>xyz</AttributeType><IsRequired>true</IsRequired><Value i:type="a:ArrayOfdouble" xmlns:a="http://schemas.microsoft.com/2003/10/Serialization/Arrays"><a:double>0</a:double><a:double>0</a:double><a:double>0</a:double></Value></Attribute></Attributes><ChildElements/><ElementName>axis</ElementName><required>false</required><XYZAttribute z:Ref="i114"/></URDFElement><URDFElement z:Id="i115" i:type="Limit"><Attributes><Attribute z:Id="i116"><AttributeType>lower</AttributeType><IsRequired>false</IsRequired><Value i:nil="true"/></Attribute><Attribute z:Id="i117"><AttributeType>upper</AttributeType><IsRequired>false</IsRequired><Value i:nil="true"/></Attribute><Attribute z:Id="i118"><AttributeType>effort</AttributeType><IsRequired>true</IsRequired><Value i:nil="true"/></Attribute><Attribute z:Id="i119"><AttributeType>velocity</AttributeType><IsRequired>true</IsRequired><Value i:nil="true"/></Attribute></Attributes><ChildElements/><ElementName>limit</ElementName><required>false</required><EffortAttribute z:Ref="i118"/><LowerAttribute z:Ref="i116"/><UpperAttribute z:Ref="i117"/><VelocityAttribute z:Ref="i119"/></URDFElement><URDFElement z:Id="i120" i:type="Calibration"><Attributes><Attribute z:Id="i121"><AttributeType>rising</AttributeType><IsRequired>false</IsRequired><Value i:nil="true"/></Attribute><Attribute z:Id="i122"><AttributeType>falling</AttributeType><IsRequired>false</IsRequired><Value i:nil="true"/></Attribute></Attributes><ChildElements/><ElementName>calibration</ElementName><required>false</required><FallingAttribute z:Ref="i122"/><RisingAttribute z:Ref="i121"/></URDFElement><URDFElement z:Id="i123" i:type="Dynamics"><Attributes><Attribute z:Id="i124"><AttributeType>damping</AttributeType><IsRequired>false</IsRequired><Value i:nil="true"/></Attribute><Attribute z:Id="i125"><AttributeType>friction</AttributeType><IsRequired>false</IsRequired><Value i:nil="true"/></Attribute></Attributes><ChildElements/><ElementName>dynamics</ElementName><required>false</required><DampingAttribute z:Ref="i124"/><FrictionAttribute z:Ref="i125"/></URDFElement><URDFElement z:Id="i126" i:type="SafetyController"><Attributes><Attribute z:Id="i127"><AttributeType>soft_upper_limit</AttributeType><IsRequired>false</IsRequired><Value i:nil="true"/></Attribute><Attribute z:Id="i128"><AttributeType>soft_lower_limit</AttributeType><IsRequired>false</IsRequired><Value i:nil="true"/></Attribute><Attribute z:Id="i129"><AttributeType>k_position</AttributeType><IsRequired>false</IsRequired><Value i:nil="true"/></Attribute><Attribute z:Id="i130"><AttributeType>k_velocity</AttributeType><IsRequired>true</IsRequired><Value i:nil="true"/></Attribute></Attributes><ChildElements/><ElementName>safety_controller</ElementName><required>false</required><KPositionAttribute z:Ref="i129"/><KVelocityAttribute z:Ref="i130"/><SoftLowerAttribute z:Ref="i128"/><SoftUpperAttribute z:Ref="i127"/></URDFElement><URDFElement z:Id="i131" i:type="Mimic"><Attributes><Attribute z:Id="i132"><AttributeType>joint</AttributeType><IsRequired>true</IsRequired><Value i:nil="true"/></Attribute><Attribute z:Id="i133"><AttributeType>multiplier</AttributeType><IsRequired>false</IsRequired><Value i:nil="true"/></Attribute><Attribute z:Id="i134"><AttributeType>offset</AttributeType><IsRequired>false</IsRequired><Value i:nil="true"/></Attribute></Attributes><ChildElements/><ElementName>mimic</ElementName><required>false</required><JointNameAttribute z:Ref="i132"/><MultiplierAttribute z:Ref="i133"/><OffsetAttribute z:Ref="i134"/></URDFElement></ChildElements><ElementName>joint</ElementName><required>false</required><Axis z:Ref="i113"/><AxisName>Eksen1</AxisName><Calibration z:Ref="i120"/><Child z:Ref="i111"/><CoordinateSystemName>Koordinat Sistemi1</CoordinateSystemName><Dynamics z:Ref="i123"/><Limit z:Ref="i115"/><Mimic z:Ref="i131"/><NameAttribute z:Ref="i104"/><Origin z:Ref="i106"/><Parent z:Ref="i109"/><Safety z:Ref="i126"/><TypeAttribute z:Ref="i105"/></URDFElement></ChildElements><ElementName>link</ElementName><required>true</required><Children><Link z:Id="i135"><Attributes><Attribute z:Id="i136"><AttributeType>name</AttributeType><IsRequired>true</IsRequired><Value i:type="a:string" xmlns:a="http://www.w3.org/2001/XMLSchema">Sag On</Value></Attribute></Attributes><ChildElements><URDFElement z:Id="i137" i:type="Inertial"><Attributes/><ChildElements><URDFElement z:Id="i138" i:type="Origin"><Attributes><Attribute z:Id="i139"><AttributeType>xyz</AttributeType><IsRequired>true</IsRequired><Value i:type="a:ArrayOfdouble" xmlns:a="http://schemas.microsoft.com/2003/10/Serialization/Arrays"><a:double>0</a:double><a:double>0</a:double><a:double>0</a:double></Value></Attribute><Attribute z:Id="i140"><AttributeType>rpy</AttributeType><IsRequired>true</IsRequired><Value i:type="a:ArrayOfdouble" xmlns:a="http://schemas.microsoft.com/2003/10/Serialization/Arrays"><a:double>0</a:double><a:double>0</a:double><a:double>0</a:double></Value></Attribute></Attributes><ChildElements/><ElementName>origin</ElementName><required>false</required><RPYAttribute z:Ref="i140"/><XYZAttribute z:Ref="i139"/><isCustomized>false</isCustomized></URDFElement><URDFElement z:Id="i141" i:type="Mass"><Attributes><Attribute z:Id="i142"><AttributeType>value</AttributeType><IsRequired>true</IsRequired><Value i:type="a:double" xmlns:a="http://www.w3.org/2001/XMLSchema">0</Value></Attribute></Attributes><ChildElements/><ElementName>mass</ElementName><required>false</required><ValueAttribute z:Ref="i142"/></URDFElement><URDFElement z:Id="i143" i:type="Inertia"><Attributes><Attribute z:Id="i144"><AttributeType>ixx</AttributeType><IsRequired>true</IsRequired><Value i:type="a:double" xmlns:a="http://www.w3.org/2001/XMLSchema">0</Value></Attribute><Attribute z:Id="i145"><AttributeType>ixy</AttributeType><IsRequired>true</IsRequired><Value i:type="a:double" xmlns:a="http://www.w3.org/2001/XMLSchema">0</Value></Attribute><Attribute z:Id="i146"><AttributeType>ixz</AttributeType><IsRequired>true</IsRequired><Value i:type="a:double" xmlns:a="http://www.w3.org/2001/XMLSchema">0</Value></Attribute><Attribute z:Id="i147"><AttributeType>iyy</AttributeType><IsRequired>true</IsRequired><Value i:type="a:double" xmlns:a="http://www.w3.org/2001/XMLSchema">0</Value></Attribute><Attribute z:Id="i148"><AttributeType>iyz</AttributeType><IsRequired>true</IsRequired><Value i:type="a:double" xmlns:a="http://www.w3.org/2001/XMLSchema">0</Value></Attribute><Attribute z:Id="i149"><AttributeType>izz</AttributeType><IsRequired>true</IsRequired><Value i:type="a:double" xmlns:a="http://www.w3.org/2001/XMLSchema">0</Value></Attribute></Attributes><ChildElements/><ElementName>inertia</ElementName><required>false</required><IxxAttribute z:Ref="i144"/><IxyAttribute z:Ref="i145"/><IxzAttribute z:Ref="i146"/><IyyAttribute z:Ref="i147"/><IyzAttribute z:Ref="i148"/><IzzAttribute z:Ref="i149"/></URDFElement></ChildElements><ElementName>inertial</ElementName><required>false</required><Inertia z:Ref="i143"/><Mass z:Ref="i141"/><Origin z:Ref="i138"/></URDFElement><URDFElement z:Id="i150" i:type="Visual"><Attributes/><ChildElements><URDFElement z:Id="i151" i:type="Origin"><Attributes><Attribute z:Id="i152"><AttributeType>xyz</AttributeType><IsRequired>true</IsRequired><Value i:type="a:ArrayOfdouble" xmlns:a="http://schemas.microsoft.com/2003/10/Serialization/Arrays"><a:double>0</a:double><a:double>0</a:double><a:double>0</a:double></Value></Attribute><Attribute z:Id="i153"><AttributeType>rpy</AttributeType><IsRequired>true</IsRequired><Value i:type="a:ArrayOfdouble" xmlns:a="http://schemas.microsoft.com/2003/10/Serialization/Arrays"><a:double>0</a:double><a:double>0</a:double><a:double>0</a:double></Value></Attribute></Attributes><ChildElements/><ElementName>origin</ElementName><required>false</required><RPYAttribute z:Ref="i153"/><XYZAttribute z:Ref="i152"/><isCustomized>false</isCustomized></URDFElement><URDFElement z:Id="i154" i:type="Geometry"><Attributes/><ChildElements><URDFElement z:Id="i155" i:type="Mesh"><Attributes><Attribute z:Id="i156"><AttributeType>filename</AttributeType><IsRequired>true</IsRequired><Value i:nil="true"/></Attribute></Attributes><ChildElements/><ElementName>mesh</ElementName><required>false</required><FilenameAttribute z:Ref="i156"/></URDFElement></ChildElements><ElementName>geometry</ElementName><required>true</required><Mesh z:Ref="i155"/></URDFElement><URDFElement z:Id="i157" i:type="Material"><Attributes><Attribute z:Id="i158"><AttributeType>name</AttributeType><IsRequired>true</IsRequired><Value i:type="a:string" xmlns:a="http://www.w3.org/2001/XMLSchema"/></Attribute></Attributes><ChildElements><URDFElement z:Id="i159" i:type="Color"><Attributes><Attribute z:Id="i160"><AttributeType>rgba</AttributeType><IsRequired>true</IsRequired><Value i:type="a:ArrayOfdouble" xmlns:a="http://schemas.microsoft.com/2003/10/Serialization/Arrays"><a:double>1</a:double><a:double>1</a:double><a:double>1</a:double><a:double>1</a:double></Value></Attribute></Attributes><ChildElements/><ElementName>color</ElementName><required>false</required><RGBAAttribute z:Ref="i160"/></URDFElement><URDFElement z:Id="i161" i:type="Texture"><Attributes><Attribute z:Id="i162"><AttributeType>filename</AttributeType><IsRequired>true</IsRequired><Value i:nil="true"/></Attribute></Attributes><ChildElements/><ElementName>texture</ElementName><required>false</required><FilenameAttribute z:Ref="i162"/><wFilename/></URDFElement></ChildElements><ElementName>material</ElementName><required>false</required><Color z:Ref="i159"/><NameAttribute z:Ref="i158"/><Texture z:Ref="i161"/></URDFElement></ChildElements><ElementName>visual</ElementName><required>false</required><Geometry z:Ref="i154"/><Material z:Ref="i157"/><Origin z:Ref="i151"/></URDFElement><URDFElement z:Id="i163" i:type="Collision"><Attributes/><ChildElements><URDFElement z:Id="i164" i:type="Origin"><Attributes><Attribute z:Id="i165"><AttributeType>xyz</AttributeType><IsRequired>true</IsRequired><Value i:type="a:ArrayOfdouble" xmlns:a="http://schemas.microsoft.com/2003/10/Serialization/Arrays"><a:double>0</a:double><a:double>0</a:double><a:double>0</a:double></Value></Attribute><Attribute z:Id="i166"><AttributeType>rpy</AttributeType><IsRequired>true</IsRequired><Value i:type="a:ArrayOfdouble" xmlns:a="http://schemas.microsoft.com/2003/10/Serialization/Arrays"><a:double>0</a:double><a:double>0</a:double><a:double>0</a:double></Value></Attribute></Attributes><ChildElements/><ElementName>origin</ElementName><required>false</required><RPYAttribute z:Ref="i166"/><XYZAttribute z:Ref="i165"/><isCustomized>false</isCustomized></URDFElement><URDFElement z:Id="i167" i:type="Geometry"><Attributes/><ChildElements><URDFElement z:Id="i168" i:type="Mesh"><Attributes><Attribute z:Id="i169"><AttributeType>filename</AttributeType><IsRequired>true</IsRequired><Value i:nil="true"/></Attribute></Attributes><ChildElements/><ElementName>mesh</ElementName><required>false</required><FilenameAttribute z:Ref="i169"/></URDFElement></ChildElements><ElementName>geometry</ElementName><required>true</required><Mesh z:Ref="i168"/></URDFElement></ChildElements><ElementName>collision</ElementName><required>false</required><Geometry z:Ref="i167"/><Origin z:Ref="i164"/></URDFElement><URDFElement z:Id="i170" i:type="Joint"><Attributes><Attribute z:Id="i171"><AttributeType>name</AttributeType><IsRequired>true</IsRequired><Value i:type="a:string" xmlns:a="http://www.w3.org/2001/XMLSchema">Joint Sag On</Value></Attribute><Attribute z:Id="i172"><AttributeType>type</AttributeType><IsRequired>true</IsRequired><Value i:type="a:string" xmlns:a="http://www.w3.org/2001/XMLSchema">continuous</Value></Attribute></Attributes><ChildElements><URDFElement z:Id="i173" i:type="Origin"><Attributes><Attribute z:Id="i174"><AttributeType>xyz</AttributeType><IsRequired>true</IsRequired><Value i:type="a:ArrayOfdouble" xmlns:a="http://schemas.microsoft.com/2003/10/Serialization/Arrays"><a:double>0</a:double><a:double>0</a:double><a:double>0</a:double></Value></Attribute><Attribute z:Id="i175"><AttributeType>rpy</AttributeType><IsRequired>true</IsRequired><Value i:type="a:ArrayOfdouble" xmlns:a="http://schemas.microsoft.com/2003/10/Serialization/Arrays"><a:double>0</a:double><a:double>0</a:double><a:double>0</a:double></Value></Attribute></Attributes><ChildElements/><ElementName>origin</ElementName><required>false</required><RPYAttribute z:Ref="i175"/><XYZAttribute z:Ref="i174"/><isCustomized>false</isCustomized></URDFElement><URDFElement z:Id="i176" i:type="ParentLink"><Attributes><Attribute z:Id="i177"><AttributeType>link</AttributeType><IsRequired>true</IsRequired><Value i:type="a:string" xmlns:a="http://www.w3.org/2001/XMLSchema"/></Attribute></Attributes><ChildElements/><ElementName>parent</ElementName><required>true</required><NameAttribute z:Ref="i177"/></URDFElement><URDFElement z:Id="i178" i:type="ChildLink"><Attributes><Attribute z:Id="i179"><AttributeType>link</AttributeType><IsRequired>true</IsRequired><Value i:type="a:string" xmlns:a="http://www.w3.org/2001/XMLSchema"/></Attribute></Attributes><ChildElements/><ElementName>child</ElementName><required>true</required><NameAttribute z:Ref="i179"/></URDFElement><URDFElement z:Id="i180" i:type="Axis"><Attributes><Attribute z:Id="i181"><AttributeType>xyz</AttributeType><IsRequired>true</IsRequired><Value i:type="a:ArrayOfdouble" xmlns:a="http://schemas.microsoft.com/2003/10/Serialization/Arrays"><a:double>0</a:double><a:double>0</a:double><a:double>0</a:double></Value></Attribute></Attributes><ChildElements/><ElementName>axis</ElementName><required>false</required><XYZAttribute z:Ref="i181"/></URDFElement><URDFElement z:Id="i182" i:type="Limit"><Attributes><Attribute z:Id="i183"><AttributeType>lower</AttributeType><IsRequired>false</IsRequired><Value i:nil="true"/></Attribute><Attribute z:Id="i184"><AttributeType>upper</AttributeType><IsRequired>false</IsRequired><Value i:nil="true"/></Attribute><Attribute z:Id="i185"><AttributeType>effort</AttributeType><IsRequired>true</IsRequired><Value i:nil="true"/></Attribute><Attribute z:Id="i186"><AttributeType>velocity</AttributeType><IsRequired>true</IsRequired><Value i:nil="true"/></Attribute></Attributes><ChildElements/><ElementName>limit</ElementName><required>false</required><EffortAttribute z:Ref="i185"/><LowerAttribute z:Ref="i183"/><UpperAttribute z:Ref="i184"/><VelocityAttribute z:Ref="i186"/></URDFElement><URDFElement z:Id="i187" i:type="Calibration"><Attributes><Attribute z:Id="i188"><AttributeType>rising</AttributeType><IsRequired>false</IsRequired><Value i:nil="true"/></Attribute><Attribute z:Id="i189"><AttributeType>falling</AttributeType><IsRequired>false</IsRequired><Value i:nil="true"/></Attribute></Attributes><ChildElements/><ElementName>calibration</ElementName><required>false</required><FallingAttribute z:Ref="i189"/><RisingAttribute z:Ref="i188"/></URDFElement><URDFElement z:Id="i190" i:type="Dynamics"><Attributes><Attribute z:Id="i191"><AttributeType>damping</AttributeType><IsRequired>false</IsRequired><Value i:nil="true"/></Attribute><Attribute z:Id="i192"><AttributeType>friction</AttributeType><IsRequired>false</IsRequired><Value i:nil="true"/></Attribute></Attributes><ChildElements/><ElementName>dynamics</ElementName><required>false</required><DampingAttribute z:Ref="i191"/><FrictionAttribute z:Ref="i192"/></URDFElement><URDFElement z:Id="i193" i:type="SafetyController"><Attributes><Attribute z:Id="i194"><AttributeType>soft_upper_limit</AttributeType><IsRequired>false</IsRequired><Value i:nil="true"/></Attribute><Attribute z:Id="i195"><AttributeType>soft_lower_limit</AttributeType><IsRequired>false</IsRequired><Value i:nil="true"/></Attribute><Attribute z:Id="i196"><AttributeType>k_position</AttributeType><IsRequired>false</IsRequired><Value i:nil="true"/></Attribute><Attribute z:Id="i197"><AttributeType>k_velocity</AttributeType><IsRequired>true</IsRequired><Value i:nil="true"/></Attribute></Attributes><ChildElements/><ElementName>safety_controller</ElementName><required>false</required><KPositionAttribute z:Ref="i196"/><KVelocityAttribute z:Ref="i197"/><SoftLowerAttribute z:Ref="i195"/><SoftUpperAttribute z:Ref="i194"/></URDFElement><URDFElement z:Id="i198" i:type="Mimic"><Attributes><Attribute z:Id="i199"><AttributeType>joint</AttributeType><IsRequired>true</IsRequired><Value i:nil="true"/></Attribute><Attribute z:Id="i200"><AttributeType>multiplier</AttributeType><IsRequired>false</IsRequired><Value i:nil="true"/></Attribute><Attribute z:Id="i201"><AttributeType>offset</AttributeType><IsRequired>false</IsRequired><Value i:nil="true"/></Attribute></Attributes><ChildElements/><ElementName>mimic</ElementName><required>false</required><JointNameAttribute z:Ref="i199"/><MultiplierAttribute z:Ref="i200"/><OffsetAttribute z:Ref="i201"/></URDFElement></ChildElements><ElementName>joint</ElementName><required>false</required><Axis z:Ref="i180"/><AxisName>Eksen6</AxisName><Calibration z:Ref="i187"/><Child z:Ref="i178"/><CoordinateSystemName>Koordinat Sistemi4</CoordinateSystemName><Dynamics z:Ref="i190"/><Limit z:Ref="i182"/><Mimic z:Ref="i198"/><NameAttribute z:Ref="i171"/><Origin z:Ref="i173"/><Parent z:Ref="i176"/><Safety z:Ref="i193"/><TypeAttribute z:Ref="i172"/></URDFElement></ChildElements><ElementName>link</ElementName><required>true</required><Children/><Collision z:Ref="i163"/><Inertial z:Ref="i137"/><Joint z:Ref="i170"/><NameAttribute z:Ref="i136"/><Parent z:Ref="i68"/><STLQualityFine>false</STLQualityFine><SWComponentPIDs xmlns:a="http://schemas.microsoft.com/2003/10/Serialization/Arrays"><a:base64Binary>gD4AAAUAAAD//v8hdABlAGsAZQByAGwAZQBrACAAKAAyACkALQAxAEAAZwD2AHYAZABlACAAVQByAGQAZgAgAE0AbwBuAHQAYQBqADEBBAAAABAAAAABAAAAAQAAAL8AAAA=</a:base64Binary></SWComponentPIDs><SWMainComponentPID i:nil="true"/><Visual z:Ref="i150"/><isFixedFrame>false</isFixedFrame><isIncomplete>false</isIncomplete></Link><Link z:Id="i202"><Attributes><Attribute z:Id="i203"><AttributeType>name</AttributeType><IsRequired>true</IsRequired><Value i:type="a:string" xmlns:a="http://www.w3.org/2001/XMLSchema">Sag Arka</Value></Attribute></Attributes><ChildElements><URDFElement z:Id="i204" i:type="Inertial"><Attributes/><ChildElements><URDFElement z:Id="i205" i:type="Origin"><Attributes><Attribute z:Id="i206"><AttributeType>xyz</AttributeType><IsRequired>true</IsRequired><Value i:type="a:ArrayOfdouble" xmlns:a="http://schemas.microsoft.com/2003/10/Serialization/Arrays"><a:double>0</a:double><a:double>0</a:double><a:double>0</a:double></Value></Attribute><Attribute z:Id="i207"><AttributeType>rpy</AttributeType><IsRequired>true</IsRequired><Value i:type="a:ArrayOfdouble" xmlns:a="http://schemas.microsoft.com/2003/10/Serialization/Arrays"><a:double>0</a:double><a:double>0</a:double><a:double>0</a:double></Value></Attribute></Attributes><ChildElements/><ElementName>origin</ElementName><required>false</required><RPYAttribute z:Ref="i207"/><XYZAttribute z:Ref="i206"/><isCustomized>false</isCustomized></URDFElement><URDFElement z:Id="i208" i:type="Mass"><Attributes><Attribute z:Id="i209"><AttributeType>value</AttributeType><IsRequired>true</IsRequired><Value i:type="a:double" xmlns:a="http://www.w3.org/2001/XMLSchema">0</Value></Attribute></Attributes><ChildElements/><ElementName>mass</ElementName><required>false</required><ValueAttribute z:Ref="i209"/></URDFElement><URDFElement z:Id="i210" i:type="Inertia"><Attributes><Attribute z:Id="i211"><AttributeType>ixx</AttributeType><IsRequired>true</IsRequired><Value i:type="a:double" xmlns:a="http://www.w3.org/2001/XMLSchema">0</Value></Attribute><Attribute z:Id="i212"><AttributeType>ixy</AttributeType><IsRequired>true</IsRequired><Value i:type="a:double" xmlns:a="http://www.w3.org/2001/XMLSchema">0</Value></Attribute><Attribute z:Id="i213"><AttributeType>ixz</AttributeType><IsRequired>true</IsRequired><Value i:type="a:double" xmlns:a="http://www.w3.org/2001/XMLSchema">0</Value></Attribute><Attribute z:Id="i214"><AttributeType>iyy</AttributeType><IsRequired>true</IsRequired><Value i:type="a:double" xmlns:a="http://www.w3.org/2001/XMLSchema">0</Value></Attribute><Attribute z:Id="i215"><AttributeType>iyz</AttributeType><IsRequired>true</IsRequired><Value i:type="a:double" xmlns:a="http://www.w3.org/2001/XMLSchema">0</Value></Attribute><Attribute z:Id="i216"><AttributeType>izz</AttributeType><IsRequired>true</IsRequired><Value i:type="a:double" xmlns:a="http://www.w3.org/2001/XMLSchema">0</Value></Attribute></Attributes><ChildElements/><ElementName>inertia</ElementName><required>false</required><IxxAttribute z:Ref="i211"/><IxyAttribute z:Ref="i212"/><IxzAttribute z:Ref="i213"/><IyyAttribute z:Ref="i214"/><IyzAttribute z:Ref="i215"/><IzzAttribute z:Ref="i216"/></URDFElement></ChildElements><ElementName>inertial</ElementName><required>false</required><Inertia z:Ref="i210"/><Mass z:Ref="i208"/><Origin z:Ref="i205"/></URDFElement><URDFElement z:Id="i217" i:type="Visual"><Attributes/><ChildElements><URDFElement z:Id="i218" i:type="Origin"><Attributes><Attribute z:Id="i219"><AttributeType>xyz</AttributeType><IsRequired>true</IsRequired><Value i:type="a:ArrayOfdouble" xmlns:a="http://schemas.microsoft.com/2003/10/Serialization/Arrays"><a:double>0</a:double><a:double>0</a:double><a:double>0</a:double></Value></Attribute><Attribute z:Id="i220"><AttributeType>rpy</AttributeType><IsRequired>true</IsRequired><Value i:type="a:ArrayOfdouble" xmlns:a="http://schemas.microsoft.com/2003/10/Serialization/Arrays"><a:double>0</a:double><a:double>0</a:double><a:double>0</a:double></Value></Attribute></Attributes><ChildElements/><ElementName>origin</ElementName><required>false</required><RPYAttribute z:Ref="i220"/><XYZAttribute z:Ref="i219"/><isCustomized>false</isCustomized></URDFElement><URDFElement z:Id="i221" i:type="Geometry"><Attributes/><ChildElements><URDFElement z:Id="i222" i:type="Mesh"><Attributes><Attribute z:Id="i223"><AttributeType>filename</AttributeType><IsRequired>true</IsRequired><Value i:nil="true"/></Attribute></Attributes><ChildElements/><ElementName>mesh</ElementName><required>false</required><FilenameAttribute z:Ref="i223"/></URDFElement></ChildElements><ElementName>geometry</ElementName><required>true</required><Mesh z:Ref="i222"/></URDFElement><URDFElement z:Id="i224" i:type="Material"><Attributes><Attribute z:Id="i225"><AttributeType>name</AttributeType><IsRequired>true</IsRequired><Value i:type="a:string" xmlns:a="http://www.w3.org/2001/XMLSchema"/></Attribute></Attributes><ChildElements><URDFElement z:Id="i226" i:type="Color"><Attributes><Attribute z:Id="i227"><AttributeType>rgba</AttributeType><IsRequired>true</IsRequired><Value i:type="a:ArrayOfdouble" xmlns:a="http://schemas.microsoft.com/2003/10/Serialization/Arrays"><a:double>1</a:double><a:double>1</a:double><a:double>1</a:double><a:double>1</a:double></Value></Attribute></Attributes><ChildElements/><ElementName>color</ElementName><required>false</required><RGBAAttribute z:Ref="i227"/></URDFElement><URDFElement z:Id="i228" i:type="Texture"><Attributes><Attribute z:Id="i229"><AttributeType>filename</AttributeType><IsRequired>true</IsRequired><Value i:nil="true"/></Attribute></Attributes><ChildElements/><ElementName>texture</ElementName><required>false</required><FilenameAttribute z:Ref="i229"/><wFilename/></URDFElement></ChildElements><ElementName>material</ElementName><required>false</required><Color z:Ref="i226"/><NameAttribute z:Ref="i225"/><Texture z:Ref="i228"/></URDFElement></ChildElements><ElementName>visual</ElementName><required>false</required><Geometry z:Ref="i221"/><Material z:Ref="i224"/><Origin z:Ref="i218"/></URDFElement><URDFElement z:Id="i230" i:type="Collision"><Attributes/><ChildElements><URDFElement z:Id="i231" i:type="Origin"><Attributes><Attribute z:Id="i232"><AttributeType>xyz</AttributeType><IsRequired>true</IsRequired><Value i:type="a:ArrayOfdouble" xmlns:a="http://schemas.microsoft.com/2003/10/Serialization/Arrays"><a:double>0</a:double><a:double>0</a:double><a:double>0</a:double></Value></Attribute><Attribute z:Id="i233"><AttributeType>rpy</AttributeType><IsRequired>true</IsRequired><Value i:type="a:ArrayOfdouble" xmlns:a="http://schemas.microsoft.com/2003/10/Serialization/Arrays"><a:double>0</a:double><a:double>0</a:double><a:double>0</a:double></Value></Attribute></Attributes><ChildElements/><ElementName>origin</ElementName><required>false</required><RPYAttribute z:Ref="i233"/><XYZAttribute z:Ref="i232"/><isCustomized>false</isCustomized></URDFElement><URDFElement z:Id="i234" i:type="Geometry"><Attributes/><ChildElements><URDFElement z:Id="i235" i:type="Mesh"><Attributes><Attribute z:Id="i236"><AttributeType>filename</AttributeType><IsRequired>true</IsRequired><Value i:nil="true"/></Attribute></Attributes><ChildElements/><ElementName>mesh</ElementName><required>false</required><FilenameAttribute z:Ref="i236"/></URDFElement></ChildElements><ElementName>geometry</ElementName><required>true</required><Mesh z:Ref="i235"/></URDFElement></ChildElements><ElementName>collision</ElementName><required>false</required><Geometry z:Ref="i234"/><Origin z:Ref="i231"/></URDFElement><URDFElement z:Id="i237" i:type="Joint"><Attributes><Attribute z:Id="i238"><AttributeType>name</AttributeType><IsRequired>true</IsRequired><Value i:type="a:string" xmlns:a="http://www.w3.org/2001/XMLSchema">Joint Sag Arka</Value></Attribute><Attribute z:Id="i239"><AttributeType>type</AttributeType><IsRequired>true</IsRequired><Value i:type="a:string" xmlns:a="http://www.w3.org/2001/XMLSchema">continuous</Value></Attribute></Attributes><ChildElements><URDFElement z:Id="i240" i:type="Origin"><Attributes><Attribute z:Id="i241"><AttributeType>xyz</AttributeType><IsRequired>true</IsRequired><Value i:type="a:ArrayOfdouble" xmlns:a="http://schemas.microsoft.com/2003/10/Serialization/Arrays"><a:double>0</a:double><a:double>0</a:double><a:double>0</a:double></Value></Attribute><Attribute z:Id="i242"><AttributeType>rpy</AttributeType><IsRequired>true</IsRequired><Value i:type="a:ArrayOfdouble" xmlns:a="http://schemas.microsoft.com/2003/10/Serialization/Arrays"><a:double>0</a:double><a:double>0</a:double><a:double>0</a:double></Value></Attribute></Attributes><ChildElements/><ElementName>origin</ElementName><required>false</required><RPYAttribute z:Ref="i242"/><XYZAttribute z:Ref="i241"/><isCustomized>false</isCustomized></URDFElement><URDFElement z:Id="i243" i:type="ParentLink"><Attributes><Attribute z:Id="i244"><AttributeType>link</AttributeType><IsRequired>true</IsRequired><Value i:type="a:string" xmlns:a="http://www.w3.org/2001/XMLSchema"/></Attribute></Attributes><ChildElements/><ElementName>parent</ElementName><required>true</required><NameAttribute z:Ref="i244"/></URDFElement><URDFElement z:Id="i245" i:type="ChildLink"><Attributes><Attribute z:Id="i246"><AttributeType>link</AttributeType><IsRequired>true</IsRequired><Value i:type="a:string" xmlns:a="http://www.w3.org/2001/XMLSchema"/></Attribute></Attributes><ChildElements/><ElementName>child</ElementName><required>true</required><NameAttribute z:Ref="i246"/></URDFElement><URDFElement z:Id="i247" i:type="Axis"><Attributes><Attribute z:Id="i248"><AttributeType>xyz</AttributeType><IsRequired>true</IsRequired><Value i:type="a:ArrayOfdouble" xmlns:a="http://schemas.microsoft.com/2003/10/Serialization/Arrays"><a:double>0</a:double><a:double>0</a:double><a:double>0</a:double></Value></Attribute></Attributes><ChildElements/><ElementName>axis</ElementName><required>false</required><XYZAttribute z:Ref="i248"/></URDFElement><URDFElement z:Id="i249" i:type="Limit"><Attributes><Attribute z:Id="i250"><AttributeType>lower</AttributeType><IsRequired>false</IsRequired><Value i:nil="true"/></Attribute><Attribute z:Id="i251"><AttributeType>upper</AttributeType><IsRequired>false</IsRequired><Value i:nil="true"/></Attribute><Attribute z:Id="i252"><AttributeType>effort</AttributeType><IsRequired>true</IsRequired><Value i:nil="true"/></Attribute><Attribute z:Id="i253"><AttributeType>velocity</AttributeType><IsRequired>true</IsRequired><Value i:nil="true"/></Attribute></Attributes><ChildElements/><ElementName>limit</ElementName><required>false</required><EffortAttribute z:Ref="i252"/><LowerAttribute z:Ref="i250"/><UpperAttribute z:Ref="i251"/><VelocityAttribute z:Ref="i253"/></URDFElement><URDFElement z:Id="i254" i:type="Calibration"><Attributes><Attribute z:Id="i255"><AttributeType>rising</AttributeType><IsRequired>false</IsRequired><Value i:nil="true"/></Attribute><Attribute z:Id="i256"><AttributeType>falling</AttributeType><IsRequired>false</IsRequired><Value i:nil="true"/></Attribute></Attributes><ChildElements/><ElementName>calibration</ElementName><required>false</required><FallingAttribute z:Ref="i256"/><RisingAttribute z:Ref="i255"/></URDFElement><URDFElement z:Id="i257" i:type="Dynamics"><Attributes><Attribute z:Id="i258"><AttributeType>damping</AttributeType><IsRequired>false</IsRequired><Value i:nil="true"/></Attribute><Attribute z:Id="i259"><AttributeType>friction</AttributeType><IsRequired>false</IsRequired><Value i:nil="true"/></Attribute></Attributes><ChildElements/><ElementName>dynamics</ElementName><required>false</required><DampingAttribute z:Ref="i258"/><FrictionAttribute z:Ref="i259"/></URDFElement><URDFElement z:Id="i260" i:type="SafetyController"><Attributes><Attribute z:Id="i261"><AttributeType>soft_upper_limit</AttributeType><IsRequired>false</IsRequired><Value i:nil="true"/></Attribute><Attribute z:Id="i262"><AttributeType>soft_lower_limit</AttributeType><IsRequired>false</IsRequired><Value i:nil="true"/></Attribute><Attribute z:Id="i263"><AttributeType>k_position</AttributeType><IsRequired>false</IsRequired><Value i:nil="true"/></Attribute><Attribute z:Id="i264"><AttributeType>k_velocity</AttributeType><IsRequired>true</IsRequired><Value i:nil="true"/></Attribute></Attributes><ChildElements/><ElementName>safety_controller</ElementName><required>false</required><KPositionAttribute z:Ref="i263"/><KVelocityAttribute z:Ref="i264"/><SoftLowerAttribute z:Ref="i262"/><SoftUpperAttribute z:Ref="i261"/></URDFElement><URDFElement z:Id="i265" i:type="Mimic"><Attributes><Attribute z:Id="i266"><AttributeType>joint</AttributeType><IsRequired>true</IsRequired><Value i:nil="true"/></Attribute><Attribute z:Id="i267"><AttributeType>multiplier</AttributeType><IsRequired>false</IsRequired><Value i:nil="true"/></Attribute><Attribute z:Id="i268"><AttributeType>offset</AttributeType><IsRequired>false</IsRequired><Value i:nil="true"/></Attribute></Attributes><ChildElements/><ElementName>mimic</ElementName><required>false</required><JointNameAttribute z:Ref="i266"/><MultiplierAttribute z:Ref="i267"/><OffsetAttribute z:Ref="i268"/></URDFElement></ChildElements><ElementName>joint</ElementName><required>false</required><Axis z:Ref="i247"/><AxisName>Eksen4</AxisName><Calibration z:Ref="i254"/><Child z:Ref="i245"/><CoordinateSystemName>Koordinat Sistemi5</CoordinateSystemName><Dynamics z:Ref="i257"/><Limit z:Ref="i249"/><Mimic z:Ref="i265"/><NameAttribute z:Ref="i238"/><Origin z:Ref="i240"/><Parent z:Ref="i243"/><Safety z:Ref="i260"/><TypeAttribute z:Ref="i239"/></URDFElement></ChildElements><ElementName>link</ElementName><required>true</required><Children/><Collision z:Ref="i230"/><Inertial z:Ref="i204"/><Joint z:Ref="i237"/><NameAttribute z:Ref="i203"/><Parent z:Ref="i68"/><STLQualityFine>false</STLQualityFine><SWComponentPIDs xmlns:a="http://schemas.microsoft.com/2003/10/Serialization/Arrays"><a:base64Binary>gD4AAAUAAAD//v8hdABlAGsAZQByAGwAZQBrACAAKAAyACkALQA0AEAAZwD2AHYAZABlACAAVQByAGQAZgAgAE0AbwBuAHQAYQBqADEBBAAAABAAAAABAAAAAQAAAMIAAAA=</a:base64Binary></SWComponentPIDs><SWMainComponentPID i:nil="true"/><Visual z:Ref="i217"/><isFixedFrame>false</isFixedFrame><isIncomplete>false</isIncomplete></Link></Children><Collision z:Ref="i96"/><Inertial z:Ref="i70"/><Joint z:Ref="i103"/><NameAttribute z:Ref="i69"/><Parent z:Ref="i1"/><STLQualityFine>false</STLQualityFine><SWComponentPIDs xmlns:a="http://schemas.microsoft.com/2003/10/Serialization/Arrays"><a:base64Binary>gD4AAAUAAAD//v8oMwAwACAAeAAgADMAMAAgAHAAcgBvAGYAaQBsAC4AcwB0AGUAcAAtADMAQABnAPYAdgBkAGUAIABVAHIAZABmACAATQBvAG4AdABhAGoAMQEEAAAAEAAAAAEAAAABAAAAhAAAAA==</a:base64Binary><a:base64Binary>gD4AAAUAAAD//v8oMwAwACAAeAAgADMAMAAgAHAAcgBvAGYAaQBsAC4AcwB0AGUAcAAtADQAQABnAPYAdgBkAGUAIABVAHIAZABmACAATQBvAG4AdABhAGoAMQEEAAAAEAAAAAEAAAABAAAAjQAAAA==</a:base64Binary><a:base64Binary>gD4AAAUAAAD//v+TXwFpAG0AZABpAGwAaQBrACAAbQBvAG4AdABhAGoAIABnAPYAdgBkAGUAIABkADEBXwEuAHMAdABlAHAALQA0AEAAZwD2AHYAZABlACAAVQByAGQAZgAgAE0AbwBuAHQAYQBqADEBLwBTAEsARgBfAEYAWQBUAEIAIAAyADAAIABUAEYALgBzAHQAZQBwAC0AMQBAAF8BaQBtAGQAaQBsAGkAawAgAG0AbwBuAHQAYQBqACAAZwD2AHYAZABlACAAZAAxAV8BLgBzAHQAZQBwAC8ARgBZAFQAQgAgADUAMAA0ACAATQArACsAMABfAGgALgBzAHQAZQBwAC0AMQBAAFMASwBGAF8ARgBZAFQAQgAgADIAMAAgAFQARgAuAHMAdABlAHAABAAAABAAAAABAAAAAwAAAJEAAAAYAAAAGAAAAA==</a:base64Binary><a:base64Binary>gD4AAAUAAAD//v9uXwFpAG0AZABpAGwAaQBrACAAbQBvAG4AdABhAGoAIABnAPYAdgBkAGUAIABkADEBXwEuAHMAdABlAHAALQAzAEAAZwD2AHYAZABlACAAVQByAGQAZgAgAE0AbwBuAHQAYQBqADEBLwBiAGEAHwFsAGEAbgB0ADEBIABwAGEAcgBfAFgAXwBFADcAYQBzADEBLgBzAHQAZQBwAC0AMQBAAF8BaQBtAGQAaQBsAGkAawAgAG0AbwBuAHQAYQBqACAAZwD2AHYAZABlACAAZAAxAV8BLgBzAHQAZQBwAAQAAAAQAAAAAQAAAAIAAACGAAAAGQAAAA==</a:base64Binary><a:base64Binary>gD4AAAUAAAD//v9uXwFpAG0AZABpAGwAaQBrACAAbQBvAG4AdABhAGoAIABnAPYAdgBkAGUAIABkADEBXwEuAHMAdABlAHAALQA0AEAAZwD2AHYAZABlACAAVQByAGQAZgAgAE0AbwBuAHQAYQBqADEBLwBiAGEAHwFsAGEAbgB0ADEBIABwAGEAcgBfAFgAXwBFADcAYQBzADEBLgBzAHQAZQBwAC0AMQBAAF8BaQBtAGQAaQBsAGkAawAgAG0AbwBuAHQAYQBqACAAZwD2AHYAZABlACAAZAAxAV8BLgBzAHQAZQBwAAQAAAAQAAAAAQAAAAIAAACRAAAAGQAAAA==</a:base64Binary><a:base64Binary>gD4AAAUAAAD//v+TXwFpAG0AZABpAGwAaQBrACAAbQBvAG4AdABhAGoAIABnAPYAdgBkAGUAIABkADEBXwEuAHMAdABlAHAALQAzAEAAZwD2AHYAZABlACAAVQByAGQAZgAgAE0AbwBuAHQAYQBqADEBLwBTAEsARgBfAEYAWQBUAEIAIAAyADAAIABUAEYALgBzAHQAZQBwAC0AMQBAAF8BaQBtAGQAaQBsAGkAawAgAG0AbwBuAHQAYQBqACAAZwD2AHYAZABlACAAZAAxAV8BLgBzAHQAZQBwAC8ARgBZAFQAQgAgADUAMAA0ACAATQArACsAMABfAGgALgBzAHQAZQBwAC0AMQBAAFMASwBGAF8ARgBZAFQAQgAgADIAMAAgAFQARgAuAHMAdABlAHAABAAAABAAAAABAAAAAwAAAIYAAAAYAAAAGAAAAA==</a:base64Binary><a:base64Binary>gD4AAAUAAAD//v9NTQBvAG4AdABhAGoANgAgACgAMQApAC4AcwB0AGUAcAAtADIAQABnAPYAdgBkAGUAIABVAHIAZABmACAATQBvAG4AdABhAGoAMQEvAE0AbwB0AG8AcgAgAGIAYQAfAWwAYQBtAGEAXwAyAC4AcwB0AGUAcAAtADkAQABNAG8AbgB0AGEAagA2ACAAKAAxACkALgBzAHQAZQBwAAQAAAAQAAAAAQAAAAIAAACjAAAAGQAAAA==</a:base64Binary><a:base64Binary>gD4AAAUAAAD//v9MTQBvAG4AdABhAGoANgAgACgAMQApAC4AcwB0AGUAcAAtADEAQABnAPYAdgBkAGUAIABVAHIAZABmACAATQBvAG4AdABhAGoAMQEvAFAAYQByAF8AWABfAEUANwBhADIAMQBfADEALgBzAHQAZQBwAC0AMQA5AEAATQBvAG4AdABhAGoANgAgACgAMQApAC4AcwB0AGUAcAAEAAAAEAAAAAEAAAACAAAAnAAAABoAAAA=</a:base64Binary><a:base64Binary>gD4AAAUAAAD//v/FTQBvAG4AdABhAGoANgAgACgAMQApAC4AcwB0AGUAcAAtADEAQABnAPYAdgBkAGUAIABVAHIAZABmACAATQBvAG4AdABhAGoAMQEvAE0AbwB0AG8AcgAzAGQAXwAxAC4AcwB0AGUAcAAtADEAMABAAE0AbwBuAHQAYQBqADYAIAAoADEAKQAuAHMAdABlAHAALwBNAG8AdABvAHIAMwBkAC4AUwBUAEUAUABfADEALgBzAHQAZQBwAC0AMQAwAEAATQBvAHQAbwByADMAZABfADEALgBzAHQAZQBwAC8AXwBfAF8AXwBfAF8AXwBfAC4AUwBUAEUAUABfADEALgBzAHQAZQBwAC0AMQAwAEAATQBvAHQAbwByADMAZAAuAFMAVABFAFAAXwAxAC4AcwB0AGUAcAAvAF8AXwBfAF8ALQA2AC4AUwBUAEUAUABfADEALgBzAHQAZQBwAC0AMQAwAEAAXwBfAF8AXwBfAF8AXwBfAC4AUwBUAEUAUABfADEALgBzAHQAZQBwAAQAAAAQAAAAAQAAAAUAAACcAAAAGAAAABgAAAAZAAAAGQAAAA==</a:base64Binary><a:base64Binary>gD4AAAUAAAD//v9MTQBvAG4AdABhAGoANgAgACgAMQApAC4AcwB0AGUAcAAtADEAQABnAPYAdgBkAGUAIABVAHIAZABmACAATQBvAG4AdABhAGoAMQEvAFAAYQByAF8AWABfAEUANwBhADIAMgBfADEALgBzAHQAZQBwAC0ANAAwAEAATQBvAG4AdABhAGoANgAgACgAMQApAC4AcwB0AGUAcAAEAAAAEAAAAAEAAAACAAAAnAAAAB0AAAA=</a:base64Binary><a:base64Binary>gD4AAAUAAAD//v9MTQBvAG4AdABhAGoANgAgACgAMQApAC4AcwB0AGUAcAAtADEAQABnAPYAdgBkAGUAIABVAHIAZABmACAATQBvAG4AdABhAGoAMQEvAFAAYQByAF8AWABfAEUANwBhADIAMgBfADEALgBzAHQAZQBwAC0ANAAxAEAATQBvAG4AdABhAGoANgAgACgAMQApAC4AcwB0AGUAcAAEAAAAEAAAAAEAAAACAAAAnAAAAB4AAAA=</a:base64Binary><a:base64Binary>gD4AAAUAAAD//v8lTQBvAG4AdABhAGoANgAgACgAMQApAC4AcwB0AGUAcAAtADEAQABnAPYAdgBkAGUAIABVAHIAZABmACAATQBvAG4AdABhAGoAMQEEAAAAEAAAAAEAAAABAAAAnAAAAA==</a:base64Binary><a:base64Binary>gD4AAAUAAAD//v8lTQBvAG4AdABhAGoANgAgACgAMQApAC4AcwB0AGUAcAAtADIAQABnAPYAdgBkAGUAIABVAHIAZABmACAATQBvAG4AdABhAGoAMQEEAAAAEAAAAAEAAAABAAAAowAAAA==</a:base64Binary></SWComponentPIDs><SWMainComponentPID i:nil="true"/><Visual z:Ref="i83"/><isFixedFrame>false</isFixedFrame><isIncomplete>false</isIncomplete></Link><Link z:Id="i269"><Attributes><Attribute z:Id="i270"><AttributeType>name</AttributeType><IsRequired>true</IsRequired><Value i:type="a:string" xmlns:a="http://www.w3.org/2001/XMLSchema">Sol Suspensiyon merkezi</Value></Attribute></Attributes><ChildElements><URDFElement z:Id="i271" i:type="Inertial"><Attributes/><ChildElements><URDFElement z:Id="i272" i:type="Origin"><Attributes><Attribute z:Id="i273"><AttributeType>xyz</AttributeType><IsRequired>true</IsRequired><Value i:type="a:ArrayOfdouble" xmlns:a="http://schemas.microsoft.com/2003/10/Serialization/Arrays"><a:double>0</a:double><a:double>0</a:double><a:double>0</a:double></Value></Attribute><Attribute z:Id="i274"><AttributeType>rpy</AttributeType><IsRequired>true</IsRequired><Value i:type="a:ArrayOfdouble" xmlns:a="http://schemas.microsoft.com/2003/10/Serialization/Arrays"><a:double>0</a:double><a:double>0</a:double><a:double>0</a:double></Value></Attribute></Attributes><ChildElements/><ElementName>origin</ElementName><required>false</required><RPYAttribute z:Ref="i274"/><XYZAttribute z:Ref="i273"/><isCustomized>false</isCustomized></URDFElement><URDFElement z:Id="i275" i:type="Mass"><Attributes><Attribute z:Id="i276"><AttributeType>value</AttributeType><IsRequired>true</IsRequired><Value i:type="a:double" xmlns:a="http://www.w3.org/2001/XMLSchema">0</Value></Attribute></Attributes><ChildElements/><ElementName>mass</ElementName><required>false</required><ValueAttribute z:Ref="i276"/></URDFElement><URDFElement z:Id="i277" i:type="Inertia"><Attributes><Attribute z:Id="i278"><AttributeType>ixx</AttributeType><IsRequired>true</IsRequired><Value i:type="a:double" xmlns:a="http://www.w3.org/2001/XMLSchema">0</Value></Attribute><Attribute z:Id="i279"><AttributeType>ixy</AttributeType><IsRequired>true</IsRequired><Value i:type="a:double" xmlns:a="http://www.w3.org/2001/XMLSchema">0</Value></Attribute><Attribute z:Id="i280"><AttributeType>ixz</AttributeType><IsRequired>true</IsRequired><Value i:type="a:double" xmlns:a="http://www.w3.org/2001/XMLSchema">0</Value></Attribute><Attribute z:Id="i281"><AttributeType>iyy</AttributeType><IsRequired>true</IsRequired><Value i:type="a:double" xmlns:a="http://www.w3.org/2001/XMLSchema">0</Value></Attribute><Attribute z:Id="i282"><AttributeType>iyz</AttributeType><IsRequired>true</IsRequired><Value i:type="a:double" xmlns:a="http://www.w3.org/2001/XMLSchema">0</Value></Attribute><Attribute z:Id="i283"><AttributeType>izz</AttributeType><IsRequired>true</IsRequired><Value i:type="a:double" xmlns:a="http://www.w3.org/2001/XMLSchema">0</Value></Attribute></Attributes><ChildElements/><ElementName>inertia</ElementName><required>false</required><IxxAttribute z:Ref="i278"/><IxyAttribute z:Ref="i279"/><IxzAttribute z:Ref="i280"/><IyyAttribute z:Ref="i281"/><IyzAttribute z:Ref="i282"/><IzzAttribute z:Ref="i283"/></URDFElement></ChildElements><ElementName>inertial</ElementName><required>false</required><Inertia z:Ref="i277"/><Mass z:Ref="i275"/><Origin z:Ref="i272"/></URDFElement><URDFElement z:Id="i284" i:type="Visual"><Attributes/><ChildElements><URDFElement z:Id="i285" i:type="Origin"><Attributes><Attribute z:Id="i286"><AttributeType>xyz</AttributeType><IsRequired>true</IsRequired><Value i:type="a:ArrayOfdouble" xmlns:a="http://schemas.microsoft.com/2003/10/Serialization/Arrays"><a:double>0</a:double><a:double>0</a:double><a:double>0</a:double></Value></Attribute><Attribute z:Id="i287"><AttributeType>rpy</AttributeType><IsRequired>true</IsRequired><Value i:type="a:ArrayOfdouble" xmlns:a="http://schemas.microsoft.com/2003/10/Serialization/Arrays"><a:double>0</a:double><a:double>0</a:double><a:double>0</a:double></Value></Attribute></Attributes><ChildElements/><ElementName>origin</ElementName><required>false</required><RPYAttribute z:Ref="i287"/><XYZAttribute z:Ref="i286"/><isCustomized>false</isCustomized></URDFElement><URDFElement z:Id="i288" i:type="Geometry"><Attributes/><ChildElements><URDFElement z:Id="i289" i:type="Mesh"><Attributes><Attribute z:Id="i290"><AttributeType>filename</AttributeType><IsRequired>true</IsRequired><Value i:nil="true"/></Attribute></Attributes><ChildElements/><ElementName>mesh</ElementName><required>false</required><FilenameAttribute z:Ref="i290"/></URDFElement></ChildElements><ElementName>geometry</ElementName><required>true</required><Mesh z:Ref="i289"/></URDFElement><URDFElement z:Id="i291" i:type="Material"><Attributes><Attribute z:Id="i292"><AttributeType>name</AttributeType><IsRequired>true</IsRequired><Value i:type="a:string" xmlns:a="http://www.w3.org/2001/XMLSchema"/></Attribute></Attributes><ChildElements><URDFElement z:Id="i293" i:type="Color"><Attributes><Attribute z:Id="i294"><AttributeType>rgba</AttributeType><IsRequired>true</IsRequired><Value i:type="a:ArrayOfdouble" xmlns:a="http://schemas.microsoft.com/2003/10/Serialization/Arrays"><a:double>1</a:double><a:double>1</a:double><a:double>1</a:double><a:double>1</a:double></Value></Attribute></Attributes><ChildElements/><ElementName>color</ElementName><required>false</required><RGBAAttribute z:Ref="i294"/></URDFElement><URDFElement z:Id="i295" i:type="Texture"><Attributes><Attribute z:Id="i296"><AttributeType>filename</AttributeType><IsRequired>true</IsRequired><Value i:nil="true"/></Attribute></Attributes><ChildElements/><ElementName>texture</ElementName><required>false</required><FilenameAttribute z:Ref="i296"/><wFilename/></URDFElement></ChildElements><ElementName>material</ElementName><required>false</required><Color z:Ref="i293"/><NameAttribute z:Ref="i292"/><Texture z:Ref="i295"/></URDFElement></ChildElements><ElementName>visual</ElementName><required>false</required><Geometry z:Ref="i288"/><Material z:Ref="i291"/><Origin z:Ref="i285"/></URDFElement><URDFElement z:Id="i297" i:type="Collision"><Attributes/><ChildElements><URDFElement z:Id="i298" i:type="Origin"><Attributes><Attribute z:Id="i299"><AttributeType>xyz</AttributeType><IsRequired>true</IsRequired><Value i:type="a:ArrayOfdouble" xmlns:a="http://schemas.microsoft.com/2003/10/Serialization/Arrays"><a:double>0</a:double><a:double>0</a:double><a:double>0</a:double></Value></Attribute><Attribute z:Id="i300"><AttributeType>rpy</AttributeType><IsRequired>true</IsRequired><Value i:type="a:ArrayOfdouble" xmlns:a="http://schemas.microsoft.com/2003/10/Serialization/Arrays"><a:double>0</a:double><a:double>0</a:double><a:double>0</a:double></Value></Attribute></Attributes><ChildElements/><ElementName>origin</ElementName><required>false</required><RPYAttribute z:Ref="i300"/><XYZAttribute z:Ref="i299"/><isCustomized>false</isCustomized></URDFElement><URDFElement z:Id="i301" i:type="Geometry"><Attributes/><ChildElements><URDFElement z:Id="i302" i:type="Mesh"><Attributes><Attribute z:Id="i303"><AttributeType>filename</AttributeType><IsRequired>true</IsRequired><Value i:nil="true"/></Attribute></Attributes><ChildElements/><ElementName>mesh</ElementName><required>false</required><FilenameAttribute z:Ref="i303"/></URDFElement></ChildElements><ElementName>geometry</ElementName><required>true</required><Mesh z:Ref="i302"/></URDFElement></ChildElements><ElementName>collision</ElementName><required>false</required><Geometry z:Ref="i301"/><Origin z:Ref="i298"/></URDFElement><URDFElement z:Id="i304" i:type="Joint"><Attributes><Attribute z:Id="i305"><AttributeType>name</AttributeType><IsRequired>true</IsRequired><Value i:type="a:string" xmlns:a="http://www.w3.org/2001/XMLSchema">Sol Suspensiyon merkezi</Value></Attribute><Attribute z:Id="i306"><AttributeType>type</AttributeType><IsRequired>true</IsRequired><Value i:type="a:string" xmlns:a="http://www.w3.org/2001/XMLSchema">revolute</Value></Attribute></Attributes><ChildElements><URDFElement z:Id="i307" i:type="Origin"><Attributes><Attribute z:Id="i308"><AttributeType>xyz</AttributeType><IsRequired>true</IsRequired><Value i:type="a:ArrayOfdouble" xmlns:a="http://schemas.microsoft.com/2003/10/Serialization/Arrays"><a:double>0</a:double><a:double>0</a:double><a:double>0</a:double></Value></Attribute><Attribute z:Id="i309"><AttributeType>rpy</AttributeType><IsRequired>true</IsRequired><Value i:type="a:ArrayOfdouble" xmlns:a="http://schemas.microsoft.com/2003/10/Serialization/Arrays"><a:double>0</a:double><a:double>0</a:double><a:double>0</a:double></Value></Attribute></Attributes><ChildElements/><ElementName>origin</ElementName><required>false</required><RPYAttribute z:Ref="i309"/><XYZAttribute z:Ref="i308"/><isCustomized>false</isCustomized></URDFElement><URDFElement z:Id="i310" i:type="ParentLink"><Attributes><Attribute z:Id="i311"><AttributeType>link</AttributeType><IsRequired>true</IsRequired><Value i:type="a:string" xmlns:a="http://www.w3.org/2001/XMLSchema"/></Attribute></Attributes><ChildElements/><ElementName>parent</ElementName><required>true</required><NameAttribute z:Ref="i311"/></URDFElement><URDFElement z:Id="i312" i:type="ChildLink"><Attributes><Attribute z:Id="i313"><AttributeType>link</AttributeType><IsRequired>true</IsRequired><Value i:type="a:string" xmlns:a="http://www.w3.org/2001/XMLSchema"/></Attribute></Attributes><ChildElements/><ElementName>child</ElementName><required>true</required><NameAttribute z:Ref="i313"/></URDFElement><URDFElement z:Id="i314" i:type="Axis"><Attributes><Attribute z:Id="i315"><AttributeType>xyz</AttributeType><IsRequired>true</IsRequired><Value i:type="a:ArrayOfdouble" xmlns:a="http://schemas.microsoft.com/2003/10/Serialization/Arrays"><a:double>0</a:double><a:double>0</a:double><a:double>0</a:double></Value></Attribute></Attributes><ChildElements/><ElementName>axis</ElementName><required>false</required><XYZAttribute z:Ref="i315"/></URDFElement><URDFElement z:Id="i316" i:type="Limit"><Attributes><Attribute z:Id="i317"><AttributeType>lower</AttributeType><IsRequired>false</IsRequired><Value i:nil="true"/></Attribute><Attribute z:Id="i318"><AttributeType>upper</AttributeType><IsRequired>false</IsRequired><Value i:nil="true"/></Attribute><Attribute z:Id="i319"><AttributeType>effort</AttributeType><IsRequired>true</IsRequired><Value i:nil="true"/></Attribute><Attribute z:Id="i320"><AttributeType>velocity</AttributeType><IsRequired>true</IsRequired><Value i:nil="true"/></Attribute></Attributes><ChildElements/><ElementName>limit</ElementName><required>false</required><EffortAttribute z:Ref="i319"/><LowerAttribute z:Ref="i317"/><UpperAttribute z:Ref="i318"/><VelocityAttribute z:Ref="i320"/></URDFElement><URDFElement z:Id="i321" i:type="Calibration"><Attributes><Attribute z:Id="i322"><AttributeType>rising</AttributeType><IsRequired>false</IsRequired><Value i:nil="true"/></Attribute><Attribute z:Id="i323"><AttributeType>falling</AttributeType><IsRequired>false</IsRequired><Value i:nil="true"/></Attribute></Attributes><ChildElements/><ElementName>calibration</ElementName><required>false</required><FallingAttribute z:Ref="i323"/><RisingAttribute z:Ref="i322"/></URDFElement><URDFElement z:Id="i324" i:type="Dynamics"><Attributes><Attribute z:Id="i325"><AttributeType>damping</AttributeType><IsRequired>false</IsRequired><Value i:nil="true"/></Attribute><Attribute z:Id="i326"><AttributeType>friction</AttributeType><IsRequired>false</IsRequired><Value i:nil="true"/></Attribute></Attributes><ChildElements/><ElementName>dynamics</ElementName><required>false</required><DampingAttribute z:Ref="i325"/><FrictionAttribute z:Ref="i326"/></URDFElement><URDFElement z:Id="i327" i:type="SafetyController"><Attributes><Attribute z:Id="i328"><AttributeType>soft_upper_limit</AttributeType><IsRequired>false</IsRequired><Value i:nil="true"/></Attribute><Attribute z:Id="i329"><AttributeType>soft_lower_limit</AttributeType><IsRequired>false</IsRequired><Value i:nil="true"/></Attribute><Attribute z:Id="i330"><AttributeType>k_position</AttributeType><IsRequired>false</IsRequired><Value i:nil="true"/></Attribute><Attribute z:Id="i331"><AttributeType>k_velocity</AttributeType><IsRequired>true</IsRequired><Value i:nil="true"/></Attribute></Attributes><ChildElements/><ElementName>safety_controller</ElementName><required>false</required><KPositionAttribute z:Ref="i330"/><KVelocityAttribute z:Ref="i331"/><SoftLowerAttribute z:Ref="i329"/><SoftUpperAttribute z:Ref="i328"/></URDFElement><URDFElement z:Id="i332" i:type="Mimic"><Attributes><Attribute z:Id="i333"><AttributeType>joint</AttributeType><IsRequired>true</IsRequired><Value i:nil="true"/></Attribute><Attribute z:Id="i334"><AttributeType>multiplier</AttributeType><IsRequired>false</IsRequired><Value i:nil="true"/></Attribute><Attribute z:Id="i335"><AttributeType>offset</AttributeType><IsRequired>false</IsRequired><Value i:nil="true"/></Attribute></Attributes><ChildElements/><ElementName>mimic</ElementName><required>false</required><JointNameAttribute z:Ref="i333"/><MultiplierAttribute z:Ref="i334"/><OffsetAttribute z:Ref="i335"/></URDFElement></ChildElements><ElementName>joint</ElementName><required>false</required><Axis z:Ref="i314"/><AxisName>Automatically Generate</AxisName><Calibration z:Ref="i321"/><Child z:Ref="i312"/><CoordinateSystemName>Koordinat Sistemi2</CoordinateSystemName><Dynamics z:Ref="i324"/><Limit z:Ref="i316"/><Mimic z:Ref="i332"/><NameAttribute z:Ref="i305"/><Origin z:Ref="i307"/><Parent z:Ref="i310"/><Safety z:Ref="i327"/><TypeAttribute z:Ref="i306"/></URDFElement></ChildElements><ElementName>link</ElementName><required>true</required><Children><Link z:Id="i336"><Attributes><Attribute z:Id="i337"><AttributeType>name</AttributeType><IsRequired>true</IsRequired><Value i:type="a:string" xmlns:a="http://www.w3.org/2001/XMLSchema">Sol On</Value></Attribute></Attributes><ChildElements><URDFElement z:Id="i338" i:type="Inertial"><Attributes/><ChildElements><URDFElement z:Id="i339" i:type="Origin"><Attributes><Attribute z:Id="i340"><AttributeType>xyz</AttributeType><IsRequired>true</IsRequired><Value i:type="a:ArrayOfdouble" xmlns:a="http://schemas.microsoft.com/2003/10/Serialization/Arrays"><a:double>0</a:double><a:double>0</a:double><a:double>0</a:double></Value></Attribute><Attribute z:Id="i341"><AttributeType>rpy</AttributeType><IsRequired>true</IsRequired><Value i:type="a:ArrayOfdouble" xmlns:a="http://schemas.microsoft.com/2003/10/Serialization/Arrays"><a:double>0</a:double><a:double>0</a:double><a:double>0</a:double></Value></Attribute></Attributes><ChildElements/><ElementName>origin</ElementName><required>false</required><RPYAttribute z:Ref="i341"/><XYZAttribute z:Ref="i340"/><isCustomized>false</isCustomized></URDFElement><URDFElement z:Id="i342" i:type="Mass"><Attributes><Attribute z:Id="i343"><AttributeType>value</AttributeType><IsRequired>true</IsRequired><Value i:type="a:double" xmlns:a="http://www.w3.org/2001/XMLSchema">0</Value></Attribute></Attributes><ChildElements/><ElementName>mass</ElementName><required>false</required><ValueAttribute z:Ref="i343"/></URDFElement><URDFElement z:Id="i344" i:type="Inertia"><Attributes><Attribute z:Id="i345"><AttributeType>ixx</AttributeType><IsRequired>true</IsRequired><Value i:type="a:double" xmlns:a="http://www.w3.org/2001/XMLSchema">0</Value></Attribute><Attribute z:Id="i346"><AttributeType>ixy</AttributeType><IsRequired>true</IsRequired><Value i:type="a:double" xmlns:a="http://www.w3.org/2001/XMLSchema">0</Value></Attribute><Attribute z:Id="i347"><AttributeType>ixz</AttributeType><IsRequired>true</IsRequired><Value i:type="a:double" xmlns:a="http://www.w3.org/2001/XMLSchema">0</Value></Attribute><Attribute z:Id="i348"><AttributeType>iyy</AttributeType><IsRequired>true</IsRequired><Value i:type="a:double" xmlns:a="http://www.w3.org/2001/XMLSchema">0</Value></Attribute><Attribute z:Id="i349"><AttributeType>iyz</AttributeType><IsRequired>true</IsRequired><Value i:type="a:double" xmlns:a="http://www.w3.org/2001/XMLSchema">0</Value></Attribute><Attribute z:Id="i350"><AttributeType>izz</AttributeType><IsRequired>true</IsRequired><Value i:type="a:double" xmlns:a="http://www.w3.org/2001/XMLSchema">0</Value></Attribute></Attributes><ChildElements/><ElementName>inertia</ElementName><required>false</required><IxxAttribute z:Ref="i345"/><IxyAttribute z:Ref="i346"/><IxzAttribute z:Ref="i347"/><IyyAttribute z:Ref="i348"/><IyzAttribute z:Ref="i349"/><IzzAttribute z:Ref="i350"/></URDFElement></ChildElements><ElementName>inertial</ElementName><required>false</required><Inertia z:Ref="i344"/><Mass z:Ref="i342"/><Origin z:Ref="i339"/></URDFElement><URDFElement z:Id="i351" i:type="Visual"><Attributes/><ChildElements><URDFElement z:Id="i352" i:type="Origin"><Attributes><Attribute z:Id="i353"><AttributeType>xyz</AttributeType><IsRequired>true</IsRequired><Value i:type="a:ArrayOfdouble" xmlns:a="http://schemas.microsoft.com/2003/10/Serialization/Arrays"><a:double>0</a:double><a:double>0</a:double><a:double>0</a:double></Value></Attribute><Attribute z:Id="i354"><AttributeType>rpy</AttributeType><IsRequired>true</IsRequired><Value i:type="a:ArrayOfdouble" xmlns:a="http://schemas.microsoft.com/2003/10/Serialization/Arrays"><a:double>0</a:double><a:double>0</a:double><a:double>0</a:double></Value></Attribute></Attributes><ChildElements/><ElementName>origin</ElementName><required>false</required><RPYAttribute z:Ref="i354"/><XYZAttribute z:Ref="i353"/><isCustomized>false</isCustomized></URDFElement><URDFElement z:Id="i355" i:type="Geometry"><Attributes/><ChildElements><URDFElement z:Id="i356" i:type="Mesh"><Attributes><Attribute z:Id="i357"><AttributeType>filename</AttributeType><IsRequired>true</IsRequired><Value i:nil="true"/></Attribute></Attributes><ChildElements/><ElementName>mesh</ElementName><required>false</required><FilenameAttribute z:Ref="i357"/></URDFElement></ChildElements><ElementName>geometry</ElementName><required>true</required><Mesh z:Ref="i356"/></URDFElement><URDFElement z:Id="i358" i:type="Material"><Attributes><Attribute z:Id="i359"><AttributeType>name</AttributeType><IsRequired>true</IsRequired><Value i:type="a:string" xmlns:a="http://www.w3.org/2001/XMLSchema"/></Attribute></Attributes><ChildElements><URDFElement z:Id="i360" i:type="Color"><Attributes><Attribute z:Id="i361"><AttributeType>rgba</AttributeType><IsRequired>true</IsRequired><Value i:type="a:ArrayOfdouble" xmlns:a="http://schemas.microsoft.com/2003/10/Serialization/Arrays"><a:double>1</a:double><a:double>1</a:double><a:double>1</a:double><a:double>1</a:double></Value></Attribute></Attributes><ChildElements/><ElementName>color</ElementName><required>false</required><RGBAAttribute z:Ref="i361"/></URDFElement><URDFElement z:Id="i362" i:type="Texture"><Attributes><Attribute z:Id="i363"><AttributeType>filename</AttributeType><IsRequired>true</IsRequired><Value i:nil="true"/></Attribute></Attributes><ChildElements/><ElementName>texture</ElementName><required>false</required><FilenameAttribute z:Ref="i363"/><wFilename/></URDFElement></ChildElements><ElementName>material</ElementName><required>false</required><Color z:Ref="i360"/><NameAttribute z:Ref="i359"/><Texture z:Ref="i362"/></URDFElement></ChildElements><ElementName>visual</ElementName><required>false</required><Geometry z:Ref="i355"/><Material z:Ref="i358"/><Origin z:Ref="i352"/></URDFElement><URDFElement z:Id="i364" i:type="Collision"><Attributes/><ChildElements><URDFElement z:Id="i365" i:type="Origin"><Attributes><Attribute z:Id="i366"><AttributeType>xyz</AttributeType><IsRequired>true</IsRequired><Value i:type="a:ArrayOfdouble" xmlns:a="http://schemas.microsoft.com/2003/10/Serialization/Arrays"><a:double>0</a:double><a:double>0</a:double><a:double>0</a:double></Value></Attribute><Attribute z:Id="i367"><AttributeType>rpy</AttributeType><IsRequired>true</IsRequired><Value i:type="a:ArrayOfdouble" xmlns:a="http://schemas.microsoft.com/2003/10/Serialization/Arrays"><a:double>0</a:double><a:double>0</a:double><a:double>0</a:double></Value></Attribute></Attributes><ChildElements/><ElementName>origin</ElementName><required>false</required><RPYAttribute z:Ref="i367"/><XYZAttribute z:Ref="i366"/><isCustomized>false</isCustomized></URDFElement><URDFElement z:Id="i368" i:type="Geometry"><Attributes/><ChildElements><URDFElement z:Id="i369" i:type="Mesh"><Attributes><Attribute z:Id="i370"><AttributeType>filename</AttributeType><IsRequired>true</IsRequired><Value i:nil="true"/></Attribute></Attributes><ChildElements/><ElementName>mesh</ElementName><required>false</required><FilenameAttribute z:Ref="i370"/></URDFElement></ChildElements><ElementName>geometry</ElementName><required>true</required><Mesh z:Ref="i369"/></URDFElement></ChildElements><ElementName>collision</ElementName><required>false</required><Geometry z:Ref="i368"/><Origin z:Ref="i365"/></URDFElement><URDFElement z:Id="i371" i:type="Joint"><Attributes><Attribute z:Id="i372"><AttributeType>name</AttributeType><IsRequired>true</IsRequired><Value i:type="a:string" xmlns:a="http://www.w3.org/2001/XMLSchema">Sol On </Value></Attribute><Attribute z:Id="i373"><AttributeType>type</AttributeType><IsRequired>true</IsRequired><Value i:type="a:string" xmlns:a="http://www.w3.org/2001/XMLSchema">continuous</Value></Attribute></Attributes><ChildElements><URDFElement z:Id="i374" i:type="Origin"><Attributes><Attribute z:Id="i375"><AttributeType>xyz</AttributeType><IsRequired>true</IsRequired><Value i:type="a:ArrayOfdouble" xmlns:a="http://schemas.microsoft.com/2003/10/Serialization/Arrays"><a:double>0</a:double><a:double>0</a:double><a:double>0</a:double></Value></Attribute><Attribute z:Id="i376"><AttributeType>rpy</AttributeType><IsRequired>true</IsRequired><Value i:type="a:ArrayOfdouble" xmlns:a="http://schemas.microsoft.com/2003/10/Serialization/Arrays"><a:double>0</a:double><a:double>0</a:double><a:double>0</a:double></Value></Attribute></Attributes><ChildElements/><ElementName>origin</ElementName><required>false</required><RPYAttribute z:Ref="i376"/><XYZAttribute z:Ref="i375"/><isCustomized>false</isCustomized></URDFElement><URDFElement z:Id="i377" i:type="ParentLink"><Attributes><Attribute z:Id="i378"><AttributeType>link</AttributeType><IsRequired>true</IsRequired><Value i:type="a:string" xmlns:a="http://www.w3.org/2001/XMLSchema"/></Attribute></Attributes><ChildElements/><ElementName>parent</ElementName><required>true</required><NameAttribute z:Ref="i378"/></URDFElement><URDFElement z:Id="i379" i:type="ChildLink"><Attributes><Attribute z:Id="i380"><AttributeType>link</AttributeType><IsRequired>true</IsRequired><Value i:type="a:string" xmlns:a="http://www.w3.org/2001/XMLSchema"/></Attribute></Attributes><ChildElements/><ElementName>child</ElementName><required>true</required><NameAttribute z:Ref="i380"/></URDFElement><URDFElement z:Id="i381" i:type="Axis"><Attributes><Attribute z:Id="i382"><AttributeType>xyz</AttributeType><IsRequired>true</IsRequired><Value i:type="a:ArrayOfdouble" xmlns:a="http://schemas.microsoft.com/2003/10/Serialization/Arrays"><a:double>0</a:double><a:double>0</a:double><a:double>0</a:double></Value></Attribute></Attributes><ChildElements/><ElementName>axis</ElementName><required>false</required><XYZAttribute z:Ref="i382"/></URDFElement><URDFElement z:Id="i383" i:type="Limit"><Attributes><Attribute z:Id="i384"><AttributeType>lower</AttributeType><IsRequired>false</IsRequired><Value i:nil="true"/></Attribute><Attribute z:Id="i385"><AttributeType>upper</AttributeType><IsRequired>false</IsRequired><Value i:nil="true"/></Attribute><Attribute z:Id="i386"><AttributeType>effort</AttributeType><IsRequired>true</IsRequired><Value i:nil="true"/></Attribute><Attribute z:Id="i387"><AttributeType>velocity</AttributeType><IsRequired>true</IsRequired><Value i:nil="true"/></Attribute></Attributes><ChildElements/><ElementName>limit</ElementName><required>false</required><EffortAttribute z:Ref="i386"/><LowerAttribute z:Ref="i384"/><UpperAttribute z:Ref="i385"/><VelocityAttribute z:Ref="i387"/></URDFElement><URDFElement z:Id="i388" i:type="Calibration"><Attributes><Attribute z:Id="i389"><AttributeType>rising</AttributeType><IsRequired>false</IsRequired><Value i:nil="true"/></Attribute><Attribute z:Id="i390"><AttributeType>falling</AttributeType><IsRequired>false</IsRequired><Value i:nil="true"/></Attribute></Attributes><ChildElements/><ElementName>calibration</ElementName><required>false</required><FallingAttribute z:Ref="i390"/><RisingAttribute z:Ref="i389"/></URDFElement><URDFElement z:Id="i391" i:type="Dynamics"><Attributes><Attribute z:Id="i392"><AttributeType>damping</AttributeType><IsRequired>false</IsRequired><Value i:nil="true"/></Attribute><Attribute z:Id="i393"><AttributeType>friction</AttributeType><IsRequired>false</IsRequired><Value i:nil="true"/></Attribute></Attributes><ChildElements/><ElementName>dynamics</ElementName><required>false</required><DampingAttribute z:Ref="i392"/><FrictionAttribute z:Ref="i393"/></URDFElement><URDFElement z:Id="i394" i:type="SafetyController"><Attributes><Attribute z:Id="i395"><AttributeType>soft_upper_limit</AttributeType><IsRequired>false</IsRequired><Value i:nil="true"/></Attribute><Attribute z:Id="i396"><AttributeType>soft_lower_limit</AttributeType><IsRequired>false</IsRequired><Value i:nil="true"/></Attribute><Attribute z:Id="i397"><AttributeType>k_position</AttributeType><IsRequired>false</IsRequired><Value i:nil="true"/></Attribute><Attribute z:Id="i398"><AttributeType>k_velocity</AttributeType><IsRequired>true</IsRequired><Value i:nil="true"/></Attribute></Attributes><ChildElements/><ElementName>safety_controller</ElementName><required>false</required><KPositionAttribute z:Ref="i397"/><KVelocityAttribute z:Ref="i398"/><SoftLowerAttribute z:Ref="i396"/><SoftUpperAttribute z:Ref="i395"/></URDFElement><URDFElement z:Id="i399" i:type="Mimic"><Attributes><Attribute z:Id="i400"><AttributeType>joint</AttributeType><IsRequired>true</IsRequired><Value i:nil="true"/></Attribute><Attribute z:Id="i401"><AttributeType>multiplier</AttributeType><IsRequired>false</IsRequired><Value i:nil="true"/></Attribute><Attribute z:Id="i402"><AttributeType>offset</AttributeType><IsRequired>false</IsRequired><Value i:nil="true"/></Attribute></Attributes><ChildElements/><ElementName>mimic</ElementName><required>false</required><JointNameAttribute z:Ref="i400"/><MultiplierAttribute z:Ref="i401"/><OffsetAttribute z:Ref="i402"/></URDFElement></ChildElements><ElementName>joint</ElementName><required>false</required><Axis z:Ref="i381"/><AxisName>Eksen5</AxisName><Calibration z:Ref="i388"/><Child z:Ref="i379"/><CoordinateSystemName>Koordinat Sistemi6</CoordinateSystemName><Dynamics z:Ref="i391"/><Limit z:Ref="i383"/><Mimic z:Ref="i399"/><NameAttribute z:Ref="i372"/><Origin z:Ref="i374"/><Parent z:Ref="i377"/><Safety z:Ref="i394"/><TypeAttribute z:Ref="i373"/></URDFElement></ChildElements><ElementName>link</ElementName><required>true</required><Children/><Collision z:Ref="i364"/><Inertial z:Ref="i338"/><Joint z:Ref="i371"/><NameAttribute z:Ref="i337"/><Parent z:Ref="i269"/><STLQualityFine>false</STLQualityFine><SWComponentPIDs xmlns:a="http://schemas.microsoft.com/2003/10/Serialization/Arrays"><a:base64Binary>gD4AAAUAAAD//v8hdABlAGsAZQByAGwAZQBrACAAKAAyACkALQAzAEAAZwD2AHYAZABlACAAVQByAGQAZgAgAE0AbwBuAHQAYQBqADEBBAAAABAAAAABAAAAAQAAAMEAAAA=</a:base64Binary></SWComponentPIDs><SWMainComponentPID i:nil="true"/><Visual z:Ref="i351"/><isFixedFrame>false</isFixedFrame><isIncomplete>false</isIncomplete></Link><Link z:Id="i403"><Attributes><Attribute z:Id="i404"><AttributeType>name</AttributeType><IsRequired>true</IsRequired><Value i:type="a:string" xmlns:a="http://www.w3.org/2001/XMLSchema">Sol Arka</Value></Attribute></Attributes><ChildElements><URDFElement z:Id="i405" i:type="Inertial"><Attributes/><ChildElements><URDFElement z:Id="i406" i:type="Origin"><Attributes><Attribute z:Id="i407"><AttributeType>xyz</AttributeType><IsRequired>true</IsRequired><Value i:type="a:ArrayOfdouble" xmlns:a="http://schemas.microsoft.com/2003/10/Serialization/Arrays"><a:double>0</a:double><a:double>0</a:double><a:double>0</a:double></Value></Attribute><Attribute z:Id="i408"><AttributeType>rpy</AttributeType><IsRequired>true</IsRequired><Value i:type="a:ArrayOfdouble" xmlns:a="http://schemas.microsoft.com/2003/10/Serialization/Arrays"><a:double>0</a:double><a:double>0</a:double><a:double>0</a:double></Value></Attribute></Attributes><ChildElements/><ElementName>origin</ElementName><required>false</required><RPYAttribute z:Ref="i408"/><XYZAttribute z:Ref="i407"/><isCustomized>false</isCustomized></URDFElement><URDFElement z:Id="i409" i:type="Mass"><Attributes><Attribute z:Id="i410"><AttributeType>value</AttributeType><IsRequired>true</IsRequired><Value i:type="a:double" xmlns:a="http://www.w3.org/2001/XMLSchema">0</Value></Attribute></Attributes><ChildElements/><ElementName>mass</ElementName><required>false</required><ValueAttribute z:Ref="i410"/></URDFElement><URDFElement z:Id="i411" i:type="Inertia"><Attributes><Attribute z:Id="i412"><AttributeType>ixx</AttributeType><IsRequired>true</IsRequired><Value i:type="a:double" xmlns:a="http://www.w3.org/2001/XMLSchema">0</Value></Attribute><Attribute z:Id="i413"><AttributeType>ixy</AttributeType><IsRequired>true</IsRequired><Value i:type="a:double" xmlns:a="http://www.w3.org/2001/XMLSchema">0</Value></Attribute><Attribute z:Id="i414"><AttributeType>ixz</AttributeType><IsRequired>true</IsRequired><Value i:type="a:double" xmlns:a="http://www.w3.org/2001/XMLSchema">0</Value></Attribute><Attribute z:Id="i415"><AttributeType>iyy</AttributeType><IsRequired>true</IsRequired><Value i:type="a:double" xmlns:a="http://www.w3.org/2001/XMLSchema">0</Value></Attribute><Attribute z:Id="i416"><AttributeType>iyz</AttributeType><IsRequired>true</IsRequired><Value i:type="a:double" xmlns:a="http://www.w3.org/2001/XMLSchema">0</Value></Attribute><Attribute z:Id="i417"><AttributeType>izz</AttributeType><IsRequired>true</IsRequired><Value i:type="a:double" xmlns:a="http://www.w3.org/2001/XMLSchema">0</Value></Attribute></Attributes><ChildElements/><ElementName>inertia</ElementName><required>false</required><IxxAttribute z:Ref="i412"/><IxyAttribute z:Ref="i413"/><IxzAttribute z:Ref="i414"/><IyyAttribute z:Ref="i415"/><IyzAttribute z:Ref="i416"/><IzzAttribute z:Ref="i417"/></URDFElement></ChildElements><ElementName>inertial</ElementName><required>false</required><Inertia z:Ref="i411"/><Mass z:Ref="i409"/><Origin z:Ref="i406"/></URDFElement><URDFElement z:Id="i418" i:type="Visual"><Attributes/><ChildElements><URDFElement z:Id="i419" i:type="Origin"><Attributes><Attribute z:Id="i420"><AttributeType>xyz</AttributeType><IsRequired>true</IsRequired><Value i:type="a:ArrayOfdouble" xmlns:a="http://schemas.microsoft.com/2003/10/Serialization/Arrays"><a:double>0</a:double><a:double>0</a:double><a:double>0</a:double></Value></Attribute><Attribute z:Id="i421"><AttributeType>rpy</AttributeType><IsRequired>true</IsRequired><Value i:type="a:ArrayOfdouble" xmlns:a="http://schemas.microsoft.com/2003/10/Serialization/Arrays"><a:double>0</a:double><a:double>0</a:double><a:double>0</a:double></Value></Attribute></Attributes><ChildElements/><ElementName>origin</ElementName><required>false</required><RPYAttribute z:Ref="i421"/><XYZAttribute z:Ref="i420"/><isCustomized>false</isCustomized></URDFElement><URDFElement z:Id="i422" i:type="Geometry"><Attributes/><ChildElements><URDFElement z:Id="i423" i:type="Mesh"><Attributes><Attribute z:Id="i424"><AttributeType>filename</AttributeType><IsRequired>true</IsRequired><Value i:nil="true"/></Attribute></Attributes><ChildElements/><ElementName>mesh</ElementName><required>false</required><FilenameAttribute z:Ref="i424"/></URDFElement></ChildElements><ElementName>geometry</ElementName><required>true</required><Mesh z:Ref="i423"/></URDFElement><URDFElement z:Id="i425" i:type="Material"><Attributes><Attribute z:Id="i426"><AttributeType>name</AttributeType><IsRequired>true</IsRequired><Value i:type="a:string" xmlns:a="http://www.w3.org/2001/XMLSchema"/></Attribute></Attributes><ChildElements><URDFElement z:Id="i427" i:type="Color"><Attributes><Attribute z:Id="i428"><AttributeType>rgba</AttributeType><IsRequired>true</IsRequired><Value i:type="a:ArrayOfdouble" xmlns:a="http://schemas.microsoft.com/2003/10/Serialization/Arrays"><a:double>1</a:double><a:double>1</a:double><a:double>1</a:double><a:double>1</a:double></Value></Attribute></Attributes><ChildElements/><ElementName>color</ElementName><required>false</required><RGBAAttribute z:Ref="i428"/></URDFElement><URDFElement z:Id="i429" i:type="Texture"><Attributes><Attribute z:Id="i430"><AttributeType>filename</AttributeType><IsRequired>true</IsRequired><Value i:nil="true"/></Attribute></Attributes><ChildElements/><ElementName>texture</ElementName><required>false</required><FilenameAttribute z:Ref="i430"/><wFilename/></URDFElement></ChildElements><ElementName>material</ElementName><required>false</required><Color z:Ref="i427"/><NameAttribute z:Ref="i426"/><Texture z:Ref="i429"/></URDFElement></ChildElements><ElementName>visual</ElementName><required>false</required><Geometry z:Ref="i422"/><Material z:Ref="i425"/><Origin z:Ref="i419"/></URDFElement><URDFElement z:Id="i431" i:type="Collision"><Attributes/><ChildElements><URDFElement z:Id="i432" i:type="Origin"><Attributes><Attribute z:Id="i433"><AttributeType>xyz</AttributeType><IsRequired>true</IsRequired><Value i:type="a:ArrayOfdouble" xmlns:a="http://schemas.microsoft.com/2003/10/Serialization/Arrays"><a:double>0</a:double><a:double>0</a:double><a:double>0</a:double></Value></Attribute><Attribute z:Id="i434"><AttributeType>rpy</AttributeType><IsRequired>true</IsRequired><Value i:type="a:ArrayOfdouble" xmlns:a="http://schemas.microsoft.com/2003/10/Serialization/Arrays"><a:double>0</a:double><a:double>0</a:double><a:double>0</a:double></Value></Attribute></Attributes><ChildElements/><ElementName>origin</ElementName><required>false</required><RPYAttribute z:Ref="i434"/><XYZAttribute z:Ref="i433"/><isCustomized>false</isCustomized></URDFElement><URDFElement z:Id="i435" i:type="Geometry"><Attributes/><ChildElements><URDFElement z:Id="i436" i:type="Mesh"><Attributes><Attribute z:Id="i437"><AttributeType>filename</AttributeType><IsRequired>true</IsRequired><Value i:nil="true"/></Attribute></Attributes><ChildElements/><ElementName>mesh</ElementName><required>false</required><FilenameAttribute z:Ref="i437"/></URDFElement></ChildElements><ElementName>geometry</ElementName><required>true</required><Mesh z:Ref="i436"/></URDFElement></ChildElements><ElementName>collision</ElementName><required>false</required><Geometry z:Ref="i435"/><Origin z:Ref="i432"/></URDFElement><URDFElement z:Id="i438" i:type="Joint"><Attributes><Attribute z:Id="i439"><AttributeType>name</AttributeType><IsRequired>true</IsRequired><Value i:type="a:string" xmlns:a="http://www.w3.org/2001/XMLSchema">Sol Arka</Value></Attribute><Attribute z:Id="i440"><AttributeType>type</AttributeType><IsRequired>true</IsRequired><Value i:type="a:string" xmlns:a="http://www.w3.org/2001/XMLSchema">continuous</Value></Attribute></Attributes><ChildElements><URDFElement z:Id="i441" i:type="Origin"><Attributes><Attribute z:Id="i442"><AttributeType>xyz</AttributeType><IsRequired>true</IsRequired><Value i:type="a:ArrayOfdouble" xmlns:a="http://schemas.microsoft.com/2003/10/Serialization/Arrays"><a:double>0</a:double><a:double>0</a:double><a:double>0</a:double></Value></Attribute><Attribute z:Id="i443"><AttributeType>rpy</AttributeType><IsRequired>true</IsRequired><Value i:type="a:ArrayOfdouble" xmlns:a="http://schemas.microsoft.com/2003/10/Serialization/Arrays"><a:double>0</a:double><a:double>0</a:double><a:double>0</a:double></Value></Attribute></Attributes><ChildElements/><ElementName>origin</ElementName><required>false</required><RPYAttribute z:Ref="i443"/><XYZAttribute z:Ref="i442"/><isCustomized>false</isCustomized></URDFElement><URDFElement z:Id="i444" i:type="ParentLink"><Attributes><Attribute z:Id="i445"><AttributeType>link</AttributeType><IsRequired>true</IsRequired><Value i:type="a:string" xmlns:a="http://www.w3.org/2001/XMLSchema"/></Attribute></Attributes><ChildElements/><ElementName>parent</ElementName><required>true</required><NameAttribute z:Ref="i445"/></URDFElement><URDFElement z:Id="i446" i:type="ChildLink"><Attributes><Attribute z:Id="i447"><AttributeType>link</AttributeType><IsRequired>true</IsRequired><Value i:type="a:string" xmlns:a="http://www.w3.org/2001/XMLSchema"/></Attribute></Attributes><ChildElements/><ElementName>child</ElementName><required>true</required><NameAttribute z:Ref="i447"/></URDFElement><URDFElement z:Id="i448" i:type="Axis"><Attributes><Attribute z:Id="i449"><AttributeType>xyz</AttributeType><IsRequired>true</IsRequired><Value i:type="a:ArrayOfdouble" xmlns:a="http://schemas.microsoft.com/2003/10/Serialization/Arrays"><a:double>0</a:double><a:double>0</a:double><a:double>0</a:double></Value></Attribute></Attributes><ChildElements/><ElementName>axis</ElementName><required>false</required><XYZAttribute z:Ref="i449"/></URDFElement><URDFElement z:Id="i450" i:type="Limit"><Attributes><Attribute z:Id="i451"><AttributeType>lower</AttributeType><IsRequired>false</IsRequired><Value i:nil="true"/></Attribute><Attribute z:Id="i452"><AttributeType>upper</AttributeType><IsRequired>false</IsRequired><Value i:nil="true"/></Attribute><Attribute z:Id="i453"><AttributeType>effort</AttributeType><IsRequired>true</IsRequired><Value i:nil="true"/></Attribute><Attribute z:Id="i454"><AttributeType>velocity</AttributeType><IsRequired>true</IsRequired><Value i:nil="true"/></Attribute></Attributes><ChildElements/><ElementName>limit</ElementName><required>false</required><EffortAttribute z:Ref="i453"/><LowerAttribute z:Ref="i451"/><UpperAttribute z:Ref="i452"/><VelocityAttribute z:Ref="i454"/></URDFElement><URDFElement z:Id="i455" i:type="Calibration"><Attributes><Attribute z:Id="i456"><AttributeType>rising</AttributeType><IsRequired>false</IsRequired><Value i:nil="true"/></Attribute><Attribute z:Id="i457"><AttributeType>falling</AttributeType><IsRequired>false</IsRequired><Value i:nil="true"/></Attribute></Attributes><ChildElements/><ElementName>calibration</ElementName><required>false</required><FallingAttribute z:Ref="i457"/><RisingAttribute z:Ref="i456"/></URDFElement><URDFElement z:Id="i458" i:type="Dynamics"><Attributes><Attribute z:Id="i459"><AttributeType>damping</AttributeType><IsRequired>false</IsRequired><Value i:nil="true"/></Attribute><Attribute z:Id="i460"><AttributeType>friction</AttributeType><IsRequired>false</IsRequired><Value i:nil="true"/></Attribute></Attributes><ChildElements/><ElementName>dynamics</ElementName><required>false</required><DampingAttribute z:Ref="i459"/><FrictionAttribute z:Ref="i460"/></URDFElement><URDFElement z:Id="i461" i:type="SafetyController"><Attributes><Attribute z:Id="i462"><AttributeType>soft_upper_limit</AttributeType><IsRequired>false</IsRequired><Value i:nil="true"/></Attribute><Attribute z:Id="i463"><AttributeType>soft_lower_limit</AttributeType><IsRequired>false</IsRequired><Value i:nil="true"/></Attribute><Attribute z:Id="i464"><AttributeType>k_position</AttributeType><IsRequired>false</IsRequired><Value i:nil="true"/></Attribute><Attribute z:Id="i465"><AttributeType>k_velocity</AttributeType><IsRequired>true</IsRequired><Value i:nil="true"/></Attribute></Attributes><ChildElements/><ElementName>safety_controller</ElementName><required>false</required><KPositionAttribute z:Ref="i464"/><KVelocityAttribute z:Ref="i465"/><SoftLowerAttribute z:Ref="i463"/><SoftUpperAttribute z:Ref="i462"/></URDFElement><URDFElement z:Id="i466" i:type="Mimic"><Attributes><Attribute z:Id="i467"><AttributeType>joint</AttributeType><IsRequired>true</IsRequired><Value i:nil="true"/></Attribute><Attribute z:Id="i468"><AttributeType>multiplier</AttributeType><IsRequired>false</IsRequired><Value i:nil="true"/></Attribute><Attribute z:Id="i469"><AttributeType>offset</AttributeType><IsRequired>false</IsRequired><Value i:nil="true"/></Attribute></Attributes><ChildElements/><ElementName>mimic</ElementName><required>false</required><JointNameAttribute z:Ref="i467"/><MultiplierAttribute z:Ref="i468"/><OffsetAttribute z:Ref="i469"/></URDFElement></ChildElements><ElementName>joint</ElementName><required>false</required><Axis z:Ref="i448"/><AxisName>Eksen3</AxisName><Calibration z:Ref="i455"/><Child z:Ref="i446"/><CoordinateSystemName>Koordinat Sistemi3</CoordinateSystemName><Dynamics z:Ref="i458"/><Limit z:Ref="i450"/><Mimic z:Ref="i466"/><NameAttribute z:Ref="i439"/><Origin z:Ref="i441"/><Parent z:Ref="i444"/><Safety z:Ref="i461"/><TypeAttribute z:Ref="i440"/></URDFElement></ChildElements><ElementName>link</ElementName><required>true</required><Children/><Collision z:Ref="i431"/><Inertial z:Ref="i405"/><Joint z:Ref="i438"/><NameAttribute z:Ref="i404"/><Parent z:Ref="i269"/><STLQualityFine>false</STLQualityFine><SWComponentPIDs xmlns:a="http://schemas.microsoft.com/2003/10/Serialization/Arrays"><a:base64Binary>gD4AAAUAAAD//v8hdABlAGsAZQByAGwAZQBrACAAKAAyACkALQAyAEAAZwD2AHYAZABlACAAVQByAGQAZgAgAE0AbwBuAHQAYQBqADEBBAAAABAAAAABAAAAAQAAAMAAAAA=</a:base64Binary></SWComponentPIDs><SWMainComponentPID i:nil="true"/><Visual z:Ref="i418"/><isFixedFrame>false</isFixedFrame><isIncomplete>false</isIncomplete></Link></Children><Collision z:Ref="i297"/><Inertial z:Ref="i271"/><Joint z:Ref="i304"/><NameAttribute z:Ref="i270"/><Parent z:Ref="i1"/><STLQualityFine>false</STLQualityFine><SWComponentPIDs xmlns:a="http://schemas.microsoft.com/2003/10/Serialization/Arrays"><a:base64Binary>gD4AAAUAAAD//v9uXwFpAG0AZABpAGwAaQBrACAAbQBvAG4AdABhAGoAIABnAPYAdgBkAGUAIABkADEBXwEuAHMAdABlAHAALQAxAEAAZwD2AHYAZABlACAAVQByAGQAZgAgAE0AbwBuAHQAYQBqADEBLwBiAGEAHwFsAGEAbgB0ADEBIABwAGEAcgBfAFgAXwBFADcAYQBzADEBLgBzAHQAZQBwAC0AMQBAAF8BaQBtAGQAaQBsAGkAawAgAG0AbwBuAHQAYQBqACAAZwD2AHYAZABlACAAZAAxAV8BLgBzAHQAZQBwAAQAAAAQAAAAAQAAAAIAAABvAAAAGQAAAA==</a:base64Binary><a:base64Binary>gD4AAAUAAAD//v8lTQBvAG4AdABhAGoANgAgACgAMQApAC4AcwB0AGUAcAAtADMAQABnAPYAdgBkAGUAIABVAHIAZABmACAATQBvAG4AdABhAGoAMQEEAAAAEAAAAAEAAAABAAAAtAAAAA==</a:base64Binary><a:base64Binary>gD4AAAUAAAD//v8lTQBvAG4AdABhAGoANgAgACgAMQApAC4AcwB0AGUAcAAtADQAQABnAPYAdgBkAGUAIABVAHIAZABmACAATQBvAG4AdABhAGoAMQEEAAAAEAAAAAEAAAABAAAAtQAAAA==</a:base64Binary><a:base64Binary>gD4AAAUAAAD//v9uXwFpAG0AZABpAGwAaQBrACAAbQBvAG4AdABhAGoAIABnAPYAdgBkAGUAIABkADEBXwEuAHMAdABlAHAALQAyAEAAZwD2AHYAZABlACAAVQByAGQAZgAgAE0AbwBuAHQAYQBqADEBLwBiAGEAHwFsAGEAbgB0ADEBIABwAGEAcgBfAFgAXwBFADcAYQBzADEBLgBzAHQAZQBwAC0AMQBAAF8BaQBtAGQAaQBsAGkAawAgAG0AbwBuAHQAYQBqACAAZwD2AHYAZABlACAAZAAxAV8BLgBzAHQAZQBwAAQAAAAQAAAAAQAAAAIAAAB+AAAAGQAAAA==</a:base64Binary><a:base64Binary>gD4AAAUAAAD//v9oXwFpAG0AZABpAGwAaQBrACAAbQBvAG4AdABhAGoAIABnAPYAdgBkAGUAIABkADEBXwEuAHMAdABlAHAALQAyAEAAZwD2AHYAZABlACAAVQByAGQAZgAgAE0AbwBuAHQAYQBqADEBLwBTAEsARgBfAEYAWQBUAEIAIAAyADAAIABUAEYALgBzAHQAZQBwAC0AMQBAAF8BaQBtAGQAaQBsAGkAawAgAG0AbwBuAHQAYQBqACAAZwD2AHYAZABlACAAZAAxAV8BLgBzAHQAZQBwAAQAAAAQAAAAAQAAAAIAAAB+AAAAGAAAAA==</a:base64Binary><a:base64Binary>gD4AAAUAAAD//v8zXwFpAG0AZABpAGwAaQBrACAAbQBvAG4AdABhAGoAIABnAPYAdgBkAGUAIABkADEBXwEuAHMAdABlAHAALQAyAEAAZwD2AHYAZABlACAAVQByAGQAZgAgAE0AbwBuAHQAYQBqADEBBAAAABAAAAABAAAAAQAAAH4AAAA=</a:base64Binary><a:base64Binary>gD4AAAUAAAD//v8oMwAwACAAeAAgADMAMAAgAHAAcgBvAGYAaQBsAC4AcwB0AGUAcAAtADIAQABnAPYAdgBkAGUAIABVAHIAZABmACAATQBvAG4AdABhAGoAMQEEAAAAEAAAAAEAAAABAAAAcQAAAA==</a:base64Binary><a:base64Binary>gD4AAAUAAAD//v8oMwAwACAAeAAgADMAMAAgAHAAcgBvAGYAaQBsAC4AcwB0AGUAcAAtADEAQABnAPYAdgBkAGUAIABVAHIAZABmACAATQBvAG4AdABhAGoAMQEEAAAAEAAAAAEAAAABAAAAcAAAAA==</a:base64Binary><a:base64Binary>gD4AAAUAAAD//v8zXwFpAG0AZABpAGwAaQBrACAAbQBvAG4AdABhAGoAIABnAPYAdgBkAGUAIABkADEBXwEuAHMAdABlAHAALQAxAEAAZwD2AHYAZABlACAAVQByAGQAZgAgAE0AbwBuAHQAYQBqADEBBAAAABAAAAABAAAAAQAAAG8AAAA=</a:base64Binary></SWComponentPIDs><SWMainComponentPID i:nil="true"/><Visual z:Ref="i284"/><isFixedFrame>false</isFixedFrame><isIncomplete>false</isIncomplete></Link></Children><Collision z:Ref="i29"/><Inertial z:Ref="i3"/><Joint z:Ref="i36"/><NameAttribute z:Ref="i2"/><Parent i:nil="true"/><STLQualityFine>false</STLQualityFine><SWComponentPIDs xmlns:a="http://schemas.microsoft.com/2003/10/Serialization/Arrays"><a:base64Binary>gD4AAAUAAAD//v8aaABhAHoAbgBlAC0AMQBAAGcA9gB2AGQAZQAgAFUAcgBkAGYAIABNAG8AbgB0AGEAagAxAQQAAAAQAAAAAQAAAAEAAAAYAAAA</a:base64Binary></SWComponentPIDs><SWMainComponentPID i:nil="true"/><Visual z:Ref="i16"/><isFixedFrame>false</isFixedFrame><isIncomplete>false</isIncomplete></Link>
2026-01-23 01:01:03,187 INFO  LinkNode.cs: 35 - Building node base_link
2026-01-23 01:01:03,197 INFO  LinkNode.cs: 35 - Building node Sag suspansiyon merkezi
2026-01-23 01:01:03,197 INFO  LinkNode.cs: 35 - Building node Sag On
2026-01-23 01:01:03,197 INFO  LinkNode.cs: 35 - Building node Sag Arka
2026-01-23 01:01:03,197 INFO  LinkNode.cs: 35 - Building node Sol Suspensiyon merkezi
2026-01-23 01:01:03,197 INFO  LinkNode.cs: 35 - Building node Sol On
2026-01-23 01:01:03,197 INFO  LinkNode.cs: 35 - Building node Sol Arka
2026-01-23 01:01:03,197 INFO  CommonSwOperations.cs: 221 - Loading SolidWorks components for base_link from C:\Users\strik\Desktop\Gövde Urdf\gövde Urdf Montajý.SLDASM
2026-01-23 01:01:03,197 INFO  CommonSwOperations.cs: 245 - Loading component with PID ?>     ???h a z n e - 1 @ g ? v d e   U r d f   M o n t a j 1               
2026-01-23 01:01:03,197 INFO  CommonSwOperations.cs: 254 - Successfully loaded component C:\Users\strik\Desktop\Gövde Urdf\hazne.SLDPRT
2026-01-23 01:01:03,197 INFO  CommonSwOperations.cs: 230 - Loaded 1 components for link base_link
2026-01-23 01:01:03,197 INFO  CommonSwOperations.cs: 221 - Loading SolidWorks components for Sag suspansiyon merkezi from C:\Users\strik\Desktop\Gövde Urdf\gövde Urdf Montajý.SLDASM
2026-01-23 01:01:03,197 INFO  CommonSwOperations.cs: 245 - Loading component with PID ?>     ???(3 0   x   3 0   p r o f i l . s t e p - 3 @ g ? v d e   U r d f   M o n t a j 1            ?   
2026-01-23 01:01:03,197 INFO  CommonSwOperations.cs: 254 - Successfully loaded component C:\Users\strik\AppData\Local\Temp\swx19908\IC~~\30 x 30 profil.step.SLDPRT
2026-01-23 01:01:03,197 INFO  CommonSwOperations.cs: 245 - Loading component with PID ?>     ???(3 0   x   3 0   p r o f i l . s t e p - 4 @ g ? v d e   U r d f   M o n t a j 1            ?   
2026-01-23 01:01:03,197 INFO  CommonSwOperations.cs: 254 - Successfully loaded component C:\Users\strik\AppData\Local\Temp\swx19908\IC~~\30 x 30 profil.step.SLDPRT
2026-01-23 01:01:03,197 INFO  CommonSwOperations.cs: 245 - Loading component with PID ?>     ????_i m d i l i k   m o n t a j   g ? v d e   d 1_. s t e p - 4 @ g ? v d e   U r d f   M o n t a j 1/ S K F _ F Y T B   2 0   T F . s t e p - 1 @ _i m d i l i k   m o n t a j   g ? v d e   d 1_. s t e p / F Y T B   5 0 4   M + + 0 _ h . s t e p - 1 @ S K F _ F Y T B   2 0   T F . s t e p             ?         
2026-01-23 01:01:03,208 INFO  CommonSwOperations.cs: 254 - Successfully loaded component C:\Users\strik\AppData\Local\Temp\swx19908\IC~~\FYTB 504 M++0_h.step.SLDPRT
2026-01-23 01:01:03,208 INFO  CommonSwOperations.cs: 245 - Loading component with PID ?>     ???n_i m d i l i k   m o n t a j   g ? v d e   d 1_. s t e p - 3 @ g ? v d e   U r d f   M o n t a j 1/ b a l a n t 1  p a r _ X _ E 7 a s 1. s t e p - 1 @ _i m d i l i k   m o n t a j   g ? v d e   d 1_. s t e p             ?      
2026-01-23 01:01:03,208 INFO  CommonSwOperations.cs: 254 - Successfully loaded component C:\Users\strik\AppData\Local\Temp\swx19908\IC~~\baðlantý par_X_E7asý.step.SLDPRT
2026-01-23 01:01:03,208 INFO  CommonSwOperations.cs: 245 - Loading component with PID ?>     ???n_i m d i l i k   m o n t a j   g ? v d e   d 1_. s t e p - 4 @ g ? v d e   U r d f   M o n t a j 1/ b a l a n t 1  p a r _ X _ E 7 a s 1. s t e p - 1 @ _i m d i l i k   m o n t a j   g ? v d e   d 1_. s t e p             ?      
2026-01-23 01:01:03,208 INFO  CommonSwOperations.cs: 254 - Successfully loaded component C:\Users\strik\AppData\Local\Temp\swx19908\IC~~\baðlantý par_X_E7asý.step.SLDPRT
2026-01-23 01:01:03,208 INFO  CommonSwOperations.cs: 245 - Loading component with PID ?>     ????_i m d i l i k   m o n t a j   g ? v d e   d 1_. s t e p - 3 @ g ? v d e   U r d f   M o n t a j 1/ S K F _ F Y T B   2 0   T F . s t e p - 1 @ _i m d i l i k   m o n t a j   g ? v d e   d 1_. s t e p / F Y T B   5 0 4   M + + 0 _ h . s t e p - 1 @ S K F _ F Y T B   2 0   T F . s t e p             ?         
2026-01-23 01:01:03,208 INFO  CommonSwOperations.cs: 254 - Successfully loaded component C:\Users\strik\AppData\Local\Temp\swx19908\IC~~\FYTB 504 M++0_h.step.SLDPRT
2026-01-23 01:01:03,208 INFO  CommonSwOperations.cs: 245 - Loading component with PID ?>     ???MM o n t a j 6   ( 1 ) . s t e p - 2 @ g ? v d e   U r d f   M o n t a j 1/ M o t o r   b a l a m a _ 2 . s t e p - 9 @ M o n t a j 6   ( 1 ) . s t e p             ?      
2026-01-23 01:01:03,208 INFO  CommonSwOperations.cs: 254 - Successfully loaded component C:\Users\strik\Desktop\Gövde Urdf\Motor baðlama_2.step.SLDPRT
2026-01-23 01:01:03,208 INFO  CommonSwOperations.cs: 245 - Loading component with PID ?>     ???LM o n t a j 6   ( 1 ) . s t e p - 1 @ g ? v d e   U r d f   M o n t a j 1/ P a r _ X _ E 7 a 2 1 _ 1 . s t e p - 1 9 @ M o n t a j 6   ( 1 ) . s t e p             ?      
2026-01-23 01:01:03,208 INFO  CommonSwOperations.cs: 254 - Successfully loaded component C:\Users\strik\Desktop\Gövde Urdf\Par_X_E7a21_1.step.SLDPRT
2026-01-23 01:01:03,208 INFO  CommonSwOperations.cs: 245 - Loading component with PID ?>     ????M o n t a j 6   ( 1 ) . s t e p - 1 @ g ? v d e   U r d f   M o n t a j 1/ M o t o r 3 d _ 1 . s t e p - 1 0 @ M o n t a j 6   ( 1 ) . s t e p / M o t o r 3 d . S T E P _ 1 . s t e p - 1 0 @ M o t o r 3 d _ 1 . s t e p / _ _ _ _ _ _ _ _ . S T E P _ 1 . s t e p - 1 0 @ M o t o r 3 d . S T E P _ 1 . s t e p / _ _ _ _ - 6 . S T E P _ 1 . s t e p - 1 0 @ _ _ _ _ _ _ _ _ . S T E P _ 1 . s t e p             ?               
2026-01-23 01:01:03,208 INFO  CommonSwOperations.cs: 254 - Successfully loaded component C:\Users\strik\Desktop\Gövde Urdf\____-6.STEP_1.step.SLDPRT
2026-01-23 01:01:03,208 INFO  CommonSwOperations.cs: 245 - Loading component with PID ?>     ???LM o n t a j 6   ( 1 ) . s t e p - 1 @ g ? v d e   U r d f   M o n t a j 1/ P a r _ X _ E 7 a 2 2 _ 1 . s t e p - 4 0 @ M o n t a j 6   ( 1 ) . s t e p             ?      
2026-01-23 01:01:03,208 INFO  CommonSwOperations.cs: 254 - Successfully loaded component C:\Users\strik\Desktop\Gövde Urdf\Par_X_E7a22_1.step.SLDPRT
2026-01-23 01:01:03,208 INFO  CommonSwOperations.cs: 245 - Loading component with PID ?>     ???LM o n t a j 6   ( 1 ) . s t e p - 1 @ g ? v d e   U r d f   M o n t a j 1/ P a r _ X _ E 7 a 2 2 _ 1 . s t e p - 4 1 @ M o n t a j 6   ( 1 ) . s t e p             ?      
2026-01-23 01:01:03,208 INFO  CommonSwOperations.cs: 254 - Successfully loaded component C:\Users\strik\Desktop\Gövde Urdf\Par_X_E7a22_1.step.SLDPRT
2026-01-23 01:01:03,208 INFO  CommonSwOperations.cs: 245 - Loading component with PID ?>     ???%M o n t a j 6   ( 1 ) . s t e p - 1 @ g ? v d e   U r d f   M o n t a j 1            ?   
2026-01-23 01:01:03,208 INFO  CommonSwOperations.cs: 254 - Successfully loaded component C:\Users\strik\AppData\Local\Temp\swx19908\IC~~\Montaj6 (1).step.SLDASM
2026-01-23 01:01:03,208 INFO  CommonSwOperations.cs: 245 - Loading component with PID ?>     ???%M o n t a j 6   ( 1 ) . s t e p - 2 @ g ? v d e   U r d f   M o n t a j 1            ?   
2026-01-23 01:01:03,208 INFO  CommonSwOperations.cs: 254 - Successfully loaded component C:\Users\strik\AppData\Local\Temp\swx19908\IC~~\Montaj6 (1).step.SLDASM
2026-01-23 01:01:03,208 INFO  CommonSwOperations.cs: 230 - Loaded 13 components for link Sag suspansiyon merkezi
2026-01-23 01:01:03,208 INFO  CommonSwOperations.cs: 221 - Loading SolidWorks components for Sag On from C:\Users\strik\Desktop\Gövde Urdf\gövde Urdf Montajý.SLDASM
2026-01-23 01:01:03,208 INFO  CommonSwOperations.cs: 245 - Loading component with PID ?>     ???!t e k e r l e k   ( 2 ) - 1 @ g ? v d e   U r d f   M o n t a j 1            ?   
2026-01-23 01:01:03,208 INFO  CommonSwOperations.cs: 254 - Successfully loaded component C:\Users\strik\Desktop\Gövde Urdf\tekerlek (2).SLDPRT
2026-01-23 01:01:03,208 INFO  CommonSwOperations.cs: 230 - Loaded 1 components for link Sag On
2026-01-23 01:01:03,208 INFO  CommonSwOperations.cs: 221 - Loading SolidWorks components for Sag Arka from C:\Users\strik\Desktop\Gövde Urdf\gövde Urdf Montajý.SLDASM
2026-01-23 01:01:03,208 INFO  CommonSwOperations.cs: 245 - Loading component with PID ?>     ???!t e k e r l e k   ( 2 ) - 4 @ g ? v d e   U r d f   M o n t a j 1            ?   
2026-01-23 01:01:03,208 INFO  CommonSwOperations.cs: 254 - Successfully loaded component C:\Users\strik\Desktop\Gövde Urdf\tekerlek (2).SLDPRT
2026-01-23 01:01:03,208 INFO  CommonSwOperations.cs: 230 - Loaded 1 components for link Sag Arka
2026-01-23 01:01:03,208 INFO  CommonSwOperations.cs: 221 - Loading SolidWorks components for Sol Suspensiyon merkezi from C:\Users\strik\Desktop\Gövde Urdf\gövde Urdf Montajý.SLDASM
2026-01-23 01:01:03,217 INFO  CommonSwOperations.cs: 245 - Loading component with PID ?>     ???n_i m d i l i k   m o n t a j   g ? v d e   d 1_. s t e p - 1 @ g ? v d e   U r d f   M o n t a j 1/ b a l a n t 1  p a r _ X _ E 7 a s 1. s t e p - 1 @ _i m d i l i k   m o n t a j   g ? v d e   d 1_. s t e p             o      
2026-01-23 01:01:03,217 INFO  CommonSwOperations.cs: 254 - Successfully loaded component C:\Users\strik\AppData\Local\Temp\swx19908\IC~~\baðlantý par_X_E7asý.step.SLDPRT
2026-01-23 01:01:03,217 INFO  CommonSwOperations.cs: 245 - Loading component with PID ?>     ???%M o n t a j 6   ( 1 ) . s t e p - 3 @ g ? v d e   U r d f   M o n t a j 1            ?   
2026-01-23 01:01:03,217 INFO  CommonSwOperations.cs: 254 - Successfully loaded component C:\Users\strik\AppData\Local\Temp\swx19908\IC~~\Montaj6 (1).step.SLDASM
2026-01-23 01:01:03,218 INFO  CommonSwOperations.cs: 245 - Loading component with PID ?>     ???%M o n t a j 6   ( 1 ) . s t e p - 4 @ g ? v d e   U r d f   M o n t a j 1            ?   
2026-01-23 01:01:03,218 INFO  CommonSwOperations.cs: 254 - Successfully loaded component C:\Users\strik\AppData\Local\Temp\swx19908\IC~~\Montaj6 (1).step.SLDASM
2026-01-23 01:01:03,218 INFO  CommonSwOperations.cs: 245 - Loading component with PID ?>     ???n_i m d i l i k   m o n t a j   g ? v d e   d 1_. s t e p - 2 @ g ? v d e   U r d f   M o n t a j 1/ b a l a n t 1  p a r _ X _ E 7 a s 1. s t e p - 1 @ _i m d i l i k   m o n t a j   g ? v d e   d 1_. s t e p             ~      
2026-01-23 01:01:03,218 INFO  CommonSwOperations.cs: 254 - Successfully loaded component C:\Users\strik\AppData\Local\Temp\swx19908\IC~~\baðlantý par_X_E7asý.step.SLDPRT
2026-01-23 01:01:03,218 INFO  CommonSwOperations.cs: 245 - Loading component with PID ?>     ???h_i m d i l i k   m o n t a j   g ? v d e   d 1_. s t e p - 2 @ g ? v d e   U r d f   M o n t a j 1/ S K F _ F Y T B   2 0   T F . s t e p - 1 @ _i m d i l i k   m o n t a j   g ? v d e   d 1_. s t e p             ~      
2026-01-23 01:01:03,218 INFO  CommonSwOperations.cs: 254 - Successfully loaded component C:\Users\strik\Desktop\Gövde Urdf\SKF_FYTB 20 TF.step.SLDASM
2026-01-23 01:01:03,218 INFO  CommonSwOperations.cs: 245 - Loading component with PID ?>     ???3_i m d i l i k   m o n t a j   g ? v d e   d 1_. s t e p - 2 @ g ? v d e   U r d f   M o n t a j 1            ~   
2026-01-23 01:01:03,218 INFO  CommonSwOperations.cs: 254 - Successfully loaded component C:\Users\strik\AppData\Local\Temp\swx19908\IC~~\þimdilik montaj gövde dýþ.step.SLDASM
2026-01-23 01:01:03,218 INFO  CommonSwOperations.cs: 245 - Loading component with PID ?>     ???(3 0   x   3 0   p r o f i l . s t e p - 2 @ g ? v d e   U r d f   M o n t a j 1            q   
2026-01-23 01:01:03,218 INFO  CommonSwOperations.cs: 254 - Successfully loaded component C:\Users\strik\AppData\Local\Temp\swx19908\IC~~\30 x 30 profil.step.SLDPRT
2026-01-23 01:01:03,218 INFO  CommonSwOperations.cs: 245 - Loading component with PID ?>     ???(3 0   x   3 0   p r o f i l . s t e p - 1 @ g ? v d e   U r d f   M o n t a j 1            p   
2026-01-23 01:01:03,218 INFO  CommonSwOperations.cs: 254 - Successfully loaded component C:\Users\strik\AppData\Local\Temp\swx19908\IC~~\30 x 30 profil.step.SLDPRT
2026-01-23 01:01:03,218 INFO  CommonSwOperations.cs: 245 - Loading component with PID ?>     ???3_i m d i l i k   m o n t a j   g ? v d e   d 1_. s t e p - 1 @ g ? v d e   U r d f   M o n t a j 1            o   
2026-01-23 01:01:03,218 INFO  CommonSwOperations.cs: 254 - Successfully loaded component C:\Users\strik\AppData\Local\Temp\swx19908\IC~~\þimdilik montaj gövde dýþ.step.SLDASM
2026-01-23 01:01:03,218 INFO  CommonSwOperations.cs: 230 - Loaded 9 components for link Sol Suspensiyon merkezi
2026-01-23 01:01:03,218 INFO  CommonSwOperations.cs: 221 - Loading SolidWorks components for Sol On from C:\Users\strik\Desktop\Gövde Urdf\gövde Urdf Montajý.SLDASM
2026-01-23 01:01:03,218 INFO  CommonSwOperations.cs: 245 - Loading component with PID ?>     ???!t e k e r l e k   ( 2 ) - 3 @ g ? v d e   U r d f   M o n t a j 1            ?   
2026-01-23 01:01:03,218 INFO  CommonSwOperations.cs: 254 - Successfully loaded component C:\Users\strik\Desktop\Gövde Urdf\tekerlek (2).SLDPRT
2026-01-23 01:01:03,218 INFO  CommonSwOperations.cs: 230 - Loaded 1 components for link Sol On
2026-01-23 01:01:03,223 INFO  CommonSwOperations.cs: 221 - Loading SolidWorks components for Sol Arka from C:\Users\strik\Desktop\Gövde Urdf\gövde Urdf Montajý.SLDASM
2026-01-23 01:01:03,223 INFO  CommonSwOperations.cs: 245 - Loading component with PID ?>     ???!t e k e r l e k   ( 2 ) - 2 @ g ? v d e   U r d f   M o n t a j 1            ?   
2026-01-23 01:01:03,223 INFO  CommonSwOperations.cs: 254 - Successfully loaded component C:\Users\strik\Desktop\Gövde Urdf\tekerlek (2).SLDPRT
2026-01-23 01:01:03,223 INFO  CommonSwOperations.cs: 230 - Loaded 1 components for link Sol Arka
2026-01-23 01:01:03,232 INFO  SwAddin.cs: 344 - Showing property manager
2026-01-23 01:01:15,578 INFO  ExportPropertyManager.cs: 422 - Configuration saved
2026-01-23 01:01:15,581 INFO  ConfigurationSerialization.cs: 276 - URDF Configuration found
<Link z:Id="i1" xmlns="http://schemas.datacontract.org/2004/07/SW2URDF" xmlns:i="http://www.w3.org/2001/XMLSchema-instance" xmlns:z="http://schemas.microsoft.com/2003/10/Serialization/"><Attributes><Attribute z:Id="i2"><AttributeType>name</AttributeType><IsRequired>true</IsRequired><Value i:type="a:string" xmlns:a="http://www.w3.org/2001/XMLSchema">base_link</Value></Attribute></Attributes><ChildElements><URDFElement z:Id="i3" i:type="Inertial"><Attributes/><ChildElements><URDFElement z:Id="i4" i:type="Origin"><Attributes><Attribute z:Id="i5"><AttributeType>xyz</AttributeType><IsRequired>true</IsRequired><Value i:type="a:ArrayOfdouble" xmlns:a="http://schemas.microsoft.com/2003/10/Serialization/Arrays"><a:double>0</a:double><a:double>0</a:double><a:double>0</a:double></Value></Attribute><Attribute z:Id="i6"><AttributeType>rpy</AttributeType><IsRequired>true</IsRequired><Value i:type="a:ArrayOfdouble" xmlns:a="http://schemas.microsoft.com/2003/10/Serialization/Arrays"><a:double>0</a:double><a:double>0</a:double><a:double>0</a:double></Value></Attribute></Attributes><ChildElements/><ElementName>origin</ElementName><required>false</required><RPYAttribute z:Ref="i6"/><XYZAttribute z:Ref="i5"/><isCustomized>false</isCustomized></URDFElement><URDFElement z:Id="i7" i:type="Mass"><Attributes><Attribute z:Id="i8"><AttributeType>value</AttributeType><IsRequired>true</IsRequired><Value i:type="a:double" xmlns:a="http://www.w3.org/2001/XMLSchema">0</Value></Attribute></Attributes><ChildElements/><ElementName>mass</ElementName><required>false</required><ValueAttribute z:Ref="i8"/></URDFElement><URDFElement z:Id="i9" i:type="Inertia"><Attributes><Attribute z:Id="i10"><AttributeType>ixx</AttributeType><IsRequired>true</IsRequired><Value i:type="a:double" xmlns:a="http://www.w3.org/2001/XMLSchema">0</Value></Attribute><Attribute z:Id="i11"><AttributeType>ixy</AttributeType><IsRequired>true</IsRequired><Value i:type="a:double" xmlns:a="http://www.w3.org/2001/XMLSchema">0</Value></Attribute><Attribute z:Id="i12"><AttributeType>ixz</AttributeType><IsRequired>true</IsRequired><Value i:type="a:double" xmlns:a="http://www.w3.org/2001/XMLSchema">0</Value></Attribute><Attribute z:Id="i13"><AttributeType>iyy</AttributeType><IsRequired>true</IsRequired><Value i:type="a:double" xmlns:a="http://www.w3.org/2001/XMLSchema">0</Value></Attribute><Attribute z:Id="i14"><AttributeType>iyz</AttributeType><IsRequired>true</IsRequired><Value i:type="a:double" xmlns:a="http://www.w3.org/2001/XMLSchema">0</Value></Attribute><Attribute z:Id="i15"><AttributeType>izz</AttributeType><IsRequired>true</IsRequired><Value i:type="a:double" xmlns:a="http://www.w3.org/2001/XMLSchema">0</Value></Attribute></Attributes><ChildElements/><ElementName>inertia</ElementName><required>false</required><IxxAttribute z:Ref="i10"/><IxyAttribute z:Ref="i11"/><IxzAttribute z:Ref="i12"/><IyyAttribute z:Ref="i13"/><IyzAttribute z:Ref="i14"/><IzzAttribute z:Ref="i15"/></URDFElement></ChildElements><ElementName>inertial</ElementName><required>false</required><Inertia z:Ref="i9"/><Mass z:Ref="i7"/><Origin z:Ref="i4"/></URDFElement><URDFElement z:Id="i16" i:type="Visual"><Attributes/><ChildElements><URDFElement z:Id="i17" i:type="Origin"><Attributes><Attribute z:Id="i18"><AttributeType>xyz</AttributeType><IsRequired>true</IsRequired><Value i:type="a:ArrayOfdouble" xmlns:a="http://schemas.microsoft.com/2003/10/Serialization/Arrays"><a:double>0</a:double><a:double>0</a:double><a:double>0</a:double></Value></Attribute><Attribute z:Id="i19"><AttributeType>rpy</AttributeType><IsRequired>true</IsRequired><Value i:type="a:ArrayOfdouble" xmlns:a="http://schemas.microsoft.com/2003/10/Serialization/Arrays"><a:double>0</a:double><a:double>0</a:double><a:double>0</a:double></Value></Attribute></Attributes><ChildElements/><ElementName>origin</ElementName><required>false</required><RPYAttribute z:Ref="i19"/><XYZAttribute z:Ref="i18"/><isCustomized>false</isCustomized></URDFElement><URDFElement z:Id="i20" i:type="Geometry"><Attributes/><ChildElements><URDFElement z:Id="i21" i:type="Mesh"><Attributes><Attribute z:Id="i22"><AttributeType>filename</AttributeType><IsRequired>true</IsRequired><Value i:nil="true"/></Attribute></Attributes><ChildElements/><ElementName>mesh</ElementName><required>false</required><FilenameAttribute z:Ref="i22"/></URDFElement></ChildElements><ElementName>geometry</ElementName><required>true</required><Mesh z:Ref="i21"/></URDFElement><URDFElement z:Id="i23" i:type="Material"><Attributes><Attribute z:Id="i24"><AttributeType>name</AttributeType><IsRequired>true</IsRequired><Value i:type="a:string" xmlns:a="http://www.w3.org/2001/XMLSchema"/></Attribute></Attributes><ChildElements><URDFElement z:Id="i25" i:type="Color"><Attributes><Attribute z:Id="i26"><AttributeType>rgba</AttributeType><IsRequired>true</IsRequired><Value i:type="a:ArrayOfdouble" xmlns:a="http://schemas.microsoft.com/2003/10/Serialization/Arrays"><a:double>1</a:double><a:double>1</a:double><a:double>1</a:double><a:double>1</a:double></Value></Attribute></Attributes><ChildElements/><ElementName>color</ElementName><required>false</required><RGBAAttribute z:Ref="i26"/></URDFElement><URDFElement z:Id="i27" i:type="Texture"><Attributes><Attribute z:Id="i28"><AttributeType>filename</AttributeType><IsRequired>true</IsRequired><Value i:nil="true"/></Attribute></Attributes><ChildElements/><ElementName>texture</ElementName><required>false</required><FilenameAttribute z:Ref="i28"/><wFilename/></URDFElement></ChildElements><ElementName>material</ElementName><required>false</required><Color z:Ref="i25"/><NameAttribute z:Ref="i24"/><Texture z:Ref="i27"/></URDFElement></ChildElements><ElementName>visual</ElementName><required>false</required><Geometry z:Ref="i20"/><Material z:Ref="i23"/><Origin z:Ref="i17"/></URDFElement><URDFElement z:Id="i29" i:type="Collision"><Attributes/><ChildElements><URDFElement z:Id="i30" i:type="Origin"><Attributes><Attribute z:Id="i31"><AttributeType>xyz</AttributeType><IsRequired>true</IsRequired><Value i:type="a:ArrayOfdouble" xmlns:a="http://schemas.microsoft.com/2003/10/Serialization/Arrays"><a:double>0</a:double><a:double>0</a:double><a:double>0</a:double></Value></Attribute><Attribute z:Id="i32"><AttributeType>rpy</AttributeType><IsRequired>true</IsRequired><Value i:type="a:ArrayOfdouble" xmlns:a="http://schemas.microsoft.com/2003/10/Serialization/Arrays"><a:double>0</a:double><a:double>0</a:double><a:double>0</a:double></Value></Attribute></Attributes><ChildElements/><ElementName>origin</ElementName><required>false</required><RPYAttribute z:Ref="i32"/><XYZAttribute z:Ref="i31"/><isCustomized>false</isCustomized></URDFElement><URDFElement z:Id="i33" i:type="Geometry"><Attributes/><ChildElements><URDFElement z:Id="i34" i:type="Mesh"><Attributes><Attribute z:Id="i35"><AttributeType>filename</AttributeType><IsRequired>true</IsRequired><Value i:nil="true"/></Attribute></Attributes><ChildElements/><ElementName>mesh</ElementName><required>false</required><FilenameAttribute z:Ref="i35"/></URDFElement></ChildElements><ElementName>geometry</ElementName><required>true</required><Mesh z:Ref="i34"/></URDFElement></ChildElements><ElementName>collision</ElementName><required>false</required><Geometry z:Ref="i33"/><Origin z:Ref="i30"/></URDFElement><URDFElement z:Id="i36" i:type="Joint"><Attributes><Attribute z:Id="i37"><AttributeType>name</AttributeType><IsRequired>true</IsRequired><Value i:type="a:string" xmlns:a="http://www.w3.org/2001/XMLSchema"/></Attribute><Attribute z:Id="i38"><AttributeType>type</AttributeType><IsRequired>true</IsRequired><Value i:type="a:string" xmlns:a="http://www.w3.org/2001/XMLSchema"/></Attribute></Attributes><ChildElements><URDFElement z:Id="i39" i:type="Origin"><Attributes><Attribute z:Id="i40"><AttributeType>xyz</AttributeType><IsRequired>true</IsRequired><Value i:type="a:ArrayOfdouble" xmlns:a="http://schemas.microsoft.com/2003/10/Serialization/Arrays"><a:double>0</a:double><a:double>0</a:double><a:double>0</a:double></Value></Attribute><Attribute z:Id="i41"><AttributeType>rpy</AttributeType><IsRequired>true</IsRequired><Value i:type="a:ArrayOfdouble" xmlns:a="http://schemas.microsoft.com/2003/10/Serialization/Arrays"><a:double>0</a:double><a:double>0</a:double><a:double>0</a:double></Value></Attribute></Attributes><ChildElements/><ElementName>origin</ElementName><required>false</required><RPYAttribute z:Ref="i41"/><XYZAttribute z:Ref="i40"/><isCustomized>false</isCustomized></URDFElement><URDFElement z:Id="i42" i:type="ParentLink"><Attributes><Attribute z:Id="i43"><AttributeType>link</AttributeType><IsRequired>true</IsRequired><Value i:type="a:string" xmlns:a="http://www.w3.org/2001/XMLSchema"/></Attribute></Attributes><ChildElements/><ElementName>parent</ElementName><required>true</required><NameAttribute z:Ref="i43"/></URDFElement><URDFElement z:Id="i44" i:type="ChildLink"><Attributes><Attribute z:Id="i45"><AttributeType>link</AttributeType><IsRequired>true</IsRequired><Value i:type="a:string" xmlns:a="http://www.w3.org/2001/XMLSchema"/></Attribute></Attributes><ChildElements/><ElementName>child</ElementName><required>true</required><NameAttribute z:Ref="i45"/></URDFElement><URDFElement z:Id="i46" i:type="Axis"><Attributes><Attribute z:Id="i47"><AttributeType>xyz</AttributeType><IsRequired>true</IsRequired><Value i:type="a:ArrayOfdouble" xmlns:a="http://schemas.microsoft.com/2003/10/Serialization/Arrays"><a:double>0</a:double><a:double>0</a:double><a:double>0</a:double></Value></Attribute></Attributes><ChildElements/><ElementName>axis</ElementName><required>false</required><XYZAttribute z:Ref="i47"/></URDFElement><URDFElement z:Id="i48" i:type="Limit"><Attributes><Attribute z:Id="i49"><AttributeType>lower</AttributeType><IsRequired>false</IsRequired><Value i:nil="true"/></Attribute><Attribute z:Id="i50"><AttributeType>upper</AttributeType><IsRequired>false</IsRequired><Value i:nil="true"/></Attribute><Attribute z:Id="i51"><AttributeType>effort</AttributeType><IsRequired>true</IsRequired><Value i:nil="true"/></Attribute><Attribute z:Id="i52"><AttributeType>velocity</AttributeType><IsRequired>true</IsRequired><Value i:nil="true"/></Attribute></Attributes><ChildElements/><ElementName>limit</ElementName><required>false</required><EffortAttribute z:Ref="i51"/><LowerAttribute z:Ref="i49"/><UpperAttribute z:Ref="i50"/><VelocityAttribute z:Ref="i52"/></URDFElement><URDFElement z:Id="i53" i:type="Calibration"><Attributes><Attribute z:Id="i54"><AttributeType>rising</AttributeType><IsRequired>false</IsRequired><Value i:nil="true"/></Attribute><Attribute z:Id="i55"><AttributeType>falling</AttributeType><IsRequired>false</IsRequired><Value i:nil="true"/></Attribute></Attributes><ChildElements/><ElementName>calibration</ElementName><required>false</required><FallingAttribute z:Ref="i55"/><RisingAttribute z:Ref="i54"/></URDFElement><URDFElement z:Id="i56" i:type="Dynamics"><Attributes><Attribute z:Id="i57"><AttributeType>damping</AttributeType><IsRequired>false</IsRequired><Value i:nil="true"/></Attribute><Attribute z:Id="i58"><AttributeType>friction</AttributeType><IsRequired>false</IsRequired><Value i:nil="true"/></Attribute></Attributes><ChildElements/><ElementName>dynamics</ElementName><required>false</required><DampingAttribute z:Ref="i57"/><FrictionAttribute z:Ref="i58"/></URDFElement><URDFElement z:Id="i59" i:type="SafetyController"><Attributes><Attribute z:Id="i60"><AttributeType>soft_upper_limit</AttributeType><IsRequired>false</IsRequired><Value i:nil="true"/></Attribute><Attribute z:Id="i61"><AttributeType>soft_lower_limit</AttributeType><IsRequired>false</IsRequired><Value i:nil="true"/></Attribute><Attribute z:Id="i62"><AttributeType>k_position</AttributeType><IsRequired>false</IsRequired><Value i:nil="true"/></Attribute><Attribute z:Id="i63"><AttributeType>k_velocity</AttributeType><IsRequired>true</IsRequired><Value i:nil="true"/></Attribute></Attributes><ChildElements/><ElementName>safety_controller</ElementName><required>false</required><KPositionAttribute z:Ref="i62"/><KVelocityAttribute z:Ref="i63"/><SoftLowerAttribute z:Ref="i61"/><SoftUpperAttribute z:Ref="i60"/></URDFElement><URDFElement z:Id="i64" i:type="Mimic"><Attributes><Attribute z:Id="i65"><AttributeType>joint</AttributeType><IsRequired>true</IsRequired><Value i:nil="true"/></Attribute><Attribute z:Id="i66"><AttributeType>multiplier</AttributeType><IsRequired>false</IsRequired><Value i:nil="true"/></Attribute><Attribute z:Id="i67"><AttributeType>offset</AttributeType><IsRequired>false</IsRequired><Value i:nil="true"/></Attribute></Attributes><ChildElements/><ElementName>mimic</ElementName><required>false</required><JointNameAttribute z:Ref="i65"/><MultiplierAttribute z:Ref="i66"/><OffsetAttribute z:Ref="i67"/></URDFElement></ChildElements><ElementName>joint</ElementName><required>false</required><Axis z:Ref="i46"/><AxisName/><Calibration z:Ref="i53"/><Child z:Ref="i44"/><CoordinateSystemName>Koordinat Sistemi7</CoordinateSystemName><Dynamics z:Ref="i56"/><Limit z:Ref="i48"/><Mimic z:Ref="i64"/><NameAttribute z:Ref="i37"/><Origin z:Ref="i39"/><Parent z:Ref="i42"/><Safety z:Ref="i59"/><TypeAttribute z:Ref="i38"/></URDFElement></ChildElements><ElementName>link</ElementName><required>true</required><Children><Link z:Id="i68"><Attributes><Attribute z:Id="i69"><AttributeType>name</AttributeType><IsRequired>true</IsRequired><Value i:type="a:string" xmlns:a="http://www.w3.org/2001/XMLSchema">Sag suspansiyon merkezi</Value></Attribute></Attributes><ChildElements><URDFElement z:Id="i70" i:type="Inertial"><Attributes/><ChildElements><URDFElement z:Id="i71" i:type="Origin"><Attributes><Attribute z:Id="i72"><AttributeType>xyz</AttributeType><IsRequired>true</IsRequired><Value i:type="a:ArrayOfdouble" xmlns:a="http://schemas.microsoft.com/2003/10/Serialization/Arrays"><a:double>0</a:double><a:double>0</a:double><a:double>0</a:double></Value></Attribute><Attribute z:Id="i73"><AttributeType>rpy</AttributeType><IsRequired>true</IsRequired><Value i:type="a:ArrayOfdouble" xmlns:a="http://schemas.microsoft.com/2003/10/Serialization/Arrays"><a:double>0</a:double><a:double>0</a:double><a:double>0</a:double></Value></Attribute></Attributes><ChildElements/><ElementName>origin</ElementName><required>false</required><RPYAttribute z:Ref="i73"/><XYZAttribute z:Ref="i72"/><isCustomized>false</isCustomized></URDFElement><URDFElement z:Id="i74" i:type="Mass"><Attributes><Attribute z:Id="i75"><AttributeType>value</AttributeType><IsRequired>true</IsRequired><Value i:type="a:double" xmlns:a="http://www.w3.org/2001/XMLSchema">0</Value></Attribute></Attributes><ChildElements/><ElementName>mass</ElementName><required>false</required><ValueAttribute z:Ref="i75"/></URDFElement><URDFElement z:Id="i76" i:type="Inertia"><Attributes><Attribute z:Id="i77"><AttributeType>ixx</AttributeType><IsRequired>true</IsRequired><Value i:type="a:double" xmlns:a="http://www.w3.org/2001/XMLSchema">0</Value></Attribute><Attribute z:Id="i78"><AttributeType>ixy</AttributeType><IsRequired>true</IsRequired><Value i:type="a:double" xmlns:a="http://www.w3.org/2001/XMLSchema">0</Value></Attribute><Attribute z:Id="i79"><AttributeType>ixz</AttributeType><IsRequired>true</IsRequired><Value i:type="a:double" xmlns:a="http://www.w3.org/2001/XMLSchema">0</Value></Attribute><Attribute z:Id="i80"><AttributeType>iyy</AttributeType><IsRequired>true</IsRequired><Value i:type="a:double" xmlns:a="http://www.w3.org/2001/XMLSchema">0</Value></Attribute><Attribute z:Id="i81"><AttributeType>iyz</AttributeType><IsRequired>true</IsRequired><Value i:type="a:double" xmlns:a="http://www.w3.org/2001/XMLSchema">0</Value></Attribute><Attribute z:Id="i82"><AttributeType>izz</AttributeType><IsRequired>true</IsRequired><Value i:type="a:double" xmlns:a="http://www.w3.org/2001/XMLSchema">0</Value></Attribute></Attributes><ChildElements/><ElementName>inertia</ElementName><required>false</required><IxxAttribute z:Ref="i77"/><IxyAttribute z:Ref="i78"/><IxzAttribute z:Ref="i79"/><IyyAttribute z:Ref="i80"/><IyzAttribute z:Ref="i81"/><IzzAttribute z:Ref="i82"/></URDFElement></ChildElements><ElementName>inertial</ElementName><required>false</required><Inertia z:Ref="i76"/><Mass z:Ref="i74"/><Origin z:Ref="i71"/></URDFElement><URDFElement z:Id="i83" i:type="Visual"><Attributes/><ChildElements><URDFElement z:Id="i84" i:type="Origin"><Attributes><Attribute z:Id="i85"><AttributeType>xyz</AttributeType><IsRequired>true</IsRequired><Value i:type="a:ArrayOfdouble" xmlns:a="http://schemas.microsoft.com/2003/10/Serialization/Arrays"><a:double>0</a:double><a:double>0</a:double><a:double>0</a:double></Value></Attribute><Attribute z:Id="i86"><AttributeType>rpy</AttributeType><IsRequired>true</IsRequired><Value i:type="a:ArrayOfdouble" xmlns:a="http://schemas.microsoft.com/2003/10/Serialization/Arrays"><a:double>0</a:double><a:double>0</a:double><a:double>0</a:double></Value></Attribute></Attributes><ChildElements/><ElementName>origin</ElementName><required>false</required><RPYAttribute z:Ref="i86"/><XYZAttribute z:Ref="i85"/><isCustomized>false</isCustomized></URDFElement><URDFElement z:Id="i87" i:type="Geometry"><Attributes/><ChildElements><URDFElement z:Id="i88" i:type="Mesh"><Attributes><Attribute z:Id="i89"><AttributeType>filename</AttributeType><IsRequired>true</IsRequired><Value i:nil="true"/></Attribute></Attributes><ChildElements/><ElementName>mesh</ElementName><required>false</required><FilenameAttribute z:Ref="i89"/></URDFElement></ChildElements><ElementName>geometry</ElementName><required>true</required><Mesh z:Ref="i88"/></URDFElement><URDFElement z:Id="i90" i:type="Material"><Attributes><Attribute z:Id="i91"><AttributeType>name</AttributeType><IsRequired>true</IsRequired><Value i:type="a:string" xmlns:a="http://www.w3.org/2001/XMLSchema"/></Attribute></Attributes><ChildElements><URDFElement z:Id="i92" i:type="Color"><Attributes><Attribute z:Id="i93"><AttributeType>rgba</AttributeType><IsRequired>true</IsRequired><Value i:type="a:ArrayOfdouble" xmlns:a="http://schemas.microsoft.com/2003/10/Serialization/Arrays"><a:double>1</a:double><a:double>1</a:double><a:double>1</a:double><a:double>1</a:double></Value></Attribute></Attributes><ChildElements/><ElementName>color</ElementName><required>false</required><RGBAAttribute z:Ref="i93"/></URDFElement><URDFElement z:Id="i94" i:type="Texture"><Attributes><Attribute z:Id="i95"><AttributeType>filename</AttributeType><IsRequired>true</IsRequired><Value i:nil="true"/></Attribute></Attributes><ChildElements/><ElementName>texture</ElementName><required>false</required><FilenameAttribute z:Ref="i95"/><wFilename/></URDFElement></ChildElements><ElementName>material</ElementName><required>false</required><Color z:Ref="i92"/><NameAttribute z:Ref="i91"/><Texture z:Ref="i94"/></URDFElement></ChildElements><ElementName>visual</ElementName><required>false</required><Geometry z:Ref="i87"/><Material z:Ref="i90"/><Origin z:Ref="i84"/></URDFElement><URDFElement z:Id="i96" i:type="Collision"><Attributes/><ChildElements><URDFElement z:Id="i97" i:type="Origin"><Attributes><Attribute z:Id="i98"><AttributeType>xyz</AttributeType><IsRequired>true</IsRequired><Value i:type="a:ArrayOfdouble" xmlns:a="http://schemas.microsoft.com/2003/10/Serialization/Arrays"><a:double>0</a:double><a:double>0</a:double><a:double>0</a:double></Value></Attribute><Attribute z:Id="i99"><AttributeType>rpy</AttributeType><IsRequired>true</IsRequired><Value i:type="a:ArrayOfdouble" xmlns:a="http://schemas.microsoft.com/2003/10/Serialization/Arrays"><a:double>0</a:double><a:double>0</a:double><a:double>0</a:double></Value></Attribute></Attributes><ChildElements/><ElementName>origin</ElementName><required>false</required><RPYAttribute z:Ref="i99"/><XYZAttribute z:Ref="i98"/><isCustomized>false</isCustomized></URDFElement><URDFElement z:Id="i100" i:type="Geometry"><Attributes/><ChildElements><URDFElement z:Id="i101" i:type="Mesh"><Attributes><Attribute z:Id="i102"><AttributeType>filename</AttributeType><IsRequired>true</IsRequired><Value i:nil="true"/></Attribute></Attributes><ChildElements/><ElementName>mesh</ElementName><required>false</required><FilenameAttribute z:Ref="i102"/></URDFElement></ChildElements><ElementName>geometry</ElementName><required>true</required><Mesh z:Ref="i101"/></URDFElement></ChildElements><ElementName>collision</ElementName><required>false</required><Geometry z:Ref="i100"/><Origin z:Ref="i97"/></URDFElement><URDFElement z:Id="i103" i:type="Joint"><Attributes><Attribute z:Id="i104"><AttributeType>name</AttributeType><IsRequired>true</IsRequired><Value i:type="a:string" xmlns:a="http://www.w3.org/2001/XMLSchema">Sag Suspansiyon merkezi</Value></Attribute><Attribute z:Id="i105"><AttributeType>type</AttributeType><IsRequired>true</IsRequired><Value i:type="a:string" xmlns:a="http://www.w3.org/2001/XMLSchema">revolute</Value></Attribute></Attributes><ChildElements><URDFElement z:Id="i106" i:type="Origin"><Attributes><Attribute z:Id="i107"><AttributeType>xyz</AttributeType><IsRequired>true</IsRequired><Value i:type="a:ArrayOfdouble" xmlns:a="http://schemas.microsoft.com/2003/10/Serialization/Arrays"><a:double>0</a:double><a:double>0</a:double><a:double>0</a:double></Value></Attribute><Attribute z:Id="i108"><AttributeType>rpy</AttributeType><IsRequired>true</IsRequired><Value i:type="a:ArrayOfdouble" xmlns:a="http://schemas.microsoft.com/2003/10/Serialization/Arrays"><a:double>0</a:double><a:double>0</a:double><a:double>0</a:double></Value></Attribute></Attributes><ChildElements/><ElementName>origin</ElementName><required>false</required><RPYAttribute z:Ref="i108"/><XYZAttribute z:Ref="i107"/><isCustomized>false</isCustomized></URDFElement><URDFElement z:Id="i109" i:type="ParentLink"><Attributes><Attribute z:Id="i110"><AttributeType>link</AttributeType><IsRequired>true</IsRequired><Value i:type="a:string" xmlns:a="http://www.w3.org/2001/XMLSchema"/></Attribute></Attributes><ChildElements/><ElementName>parent</ElementName><required>true</required><NameAttribute z:Ref="i110"/></URDFElement><URDFElement z:Id="i111" i:type="ChildLink"><Attributes><Attribute z:Id="i112"><AttributeType>link</AttributeType><IsRequired>true</IsRequired><Value i:type="a:string" xmlns:a="http://www.w3.org/2001/XMLSchema"/></Attribute></Attributes><ChildElements/><ElementName>child</ElementName><required>true</required><NameAttribute z:Ref="i112"/></URDFElement><URDFElement z:Id="i113" i:type="Axis"><Attributes><Attribute z:Id="i114"><AttributeType>xyz</AttributeType><IsRequired>true</IsRequired><Value i:type="a:ArrayOfdouble" xmlns:a="http://schemas.microsoft.com/2003/10/Serialization/Arrays"><a:double>0</a:double><a:double>0</a:double><a:double>0</a:double></Value></Attribute></Attributes><ChildElements/><ElementName>axis</ElementName><required>false</required><XYZAttribute z:Ref="i114"/></URDFElement><URDFElement z:Id="i115" i:type="Limit"><Attributes><Attribute z:Id="i116"><AttributeType>lower</AttributeType><IsRequired>false</IsRequired><Value i:nil="true"/></Attribute><Attribute z:Id="i117"><AttributeType>upper</AttributeType><IsRequired>false</IsRequired><Value i:nil="true"/></Attribute><Attribute z:Id="i118"><AttributeType>effort</AttributeType><IsRequired>true</IsRequired><Value i:nil="true"/></Attribute><Attribute z:Id="i119"><AttributeType>velocity</AttributeType><IsRequired>true</IsRequired><Value i:nil="true"/></Attribute></Attributes><ChildElements/><ElementName>limit</ElementName><required>false</required><EffortAttribute z:Ref="i118"/><LowerAttribute z:Ref="i116"/><UpperAttribute z:Ref="i117"/><VelocityAttribute z:Ref="i119"/></URDFElement><URDFElement z:Id="i120" i:type="Calibration"><Attributes><Attribute z:Id="i121"><AttributeType>rising</AttributeType><IsRequired>false</IsRequired><Value i:nil="true"/></Attribute><Attribute z:Id="i122"><AttributeType>falling</AttributeType><IsRequired>false</IsRequired><Value i:nil="true"/></Attribute></Attributes><ChildElements/><ElementName>calibration</ElementName><required>false</required><FallingAttribute z:Ref="i122"/><RisingAttribute z:Ref="i121"/></URDFElement><URDFElement z:Id="i123" i:type="Dynamics"><Attributes><Attribute z:Id="i124"><AttributeType>damping</AttributeType><IsRequired>false</IsRequired><Value i:nil="true"/></Attribute><Attribute z:Id="i125"><AttributeType>friction</AttributeType><IsRequired>false</IsRequired><Value i:nil="true"/></Attribute></Attributes><ChildElements/><ElementName>dynamics</ElementName><required>false</required><DampingAttribute z:Ref="i124"/><FrictionAttribute z:Ref="i125"/></URDFElement><URDFElement z:Id="i126" i:type="SafetyController"><Attributes><Attribute z:Id="i127"><AttributeType>soft_upper_limit</AttributeType><IsRequired>false</IsRequired><Value i:nil="true"/></Attribute><Attribute z:Id="i128"><AttributeType>soft_lower_limit</AttributeType><IsRequired>false</IsRequired><Value i:nil="true"/></Attribute><Attribute z:Id="i129"><AttributeType>k_position</AttributeType><IsRequired>false</IsRequired><Value i:nil="true"/></Attribute><Attribute z:Id="i130"><AttributeType>k_velocity</AttributeType><IsRequired>true</IsRequired><Value i:nil="true"/></Attribute></Attributes><ChildElements/><ElementName>safety_controller</ElementName><required>false</required><KPositionAttribute z:Ref="i129"/><KVelocityAttribute z:Ref="i130"/><SoftLowerAttribute z:Ref="i128"/><SoftUpperAttribute z:Ref="i127"/></URDFElement><URDFElement z:Id="i131" i:type="Mimic"><Attributes><Attribute z:Id="i132"><AttributeType>joint</AttributeType><IsRequired>true</IsRequired><Value i:nil="true"/></Attribute><Attribute z:Id="i133"><AttributeType>multiplier</AttributeType><IsRequired>false</IsRequired><Value i:nil="true"/></Attribute><Attribute z:Id="i134"><AttributeType>offset</AttributeType><IsRequired>false</IsRequired><Value i:nil="true"/></Attribute></Attributes><ChildElements/><ElementName>mimic</ElementName><required>false</required><JointNameAttribute z:Ref="i132"/><MultiplierAttribute z:Ref="i133"/><OffsetAttribute z:Ref="i134"/></URDFElement></ChildElements><ElementName>joint</ElementName><required>false</required><Axis z:Ref="i113"/><AxisName>Eksen1</AxisName><Calibration z:Ref="i120"/><Child z:Ref="i111"/><CoordinateSystemName>Koordinat Sistemi1</CoordinateSystemName><Dynamics z:Ref="i123"/><Limit z:Ref="i115"/><Mimic z:Ref="i131"/><NameAttribute z:Ref="i104"/><Origin z:Ref="i106"/><Parent z:Ref="i109"/><Safety z:Ref="i126"/><TypeAttribute z:Ref="i105"/></URDFElement></ChildElements><ElementName>link</ElementName><required>true</required><Children><Link z:Id="i135"><Attributes><Attribute z:Id="i136"><AttributeType>name</AttributeType><IsRequired>true</IsRequired><Value i:type="a:string" xmlns:a="http://www.w3.org/2001/XMLSchema">Sag On</Value></Attribute></Attributes><ChildElements><URDFElement z:Id="i137" i:type="Inertial"><Attributes/><ChildElements><URDFElement z:Id="i138" i:type="Origin"><Attributes><Attribute z:Id="i139"><AttributeType>xyz</AttributeType><IsRequired>true</IsRequired><Value i:type="a:ArrayOfdouble" xmlns:a="http://schemas.microsoft.com/2003/10/Serialization/Arrays"><a:double>0</a:double><a:double>0</a:double><a:double>0</a:double></Value></Attribute><Attribute z:Id="i140"><AttributeType>rpy</AttributeType><IsRequired>true</IsRequired><Value i:type="a:ArrayOfdouble" xmlns:a="http://schemas.microsoft.com/2003/10/Serialization/Arrays"><a:double>0</a:double><a:double>0</a:double><a:double>0</a:double></Value></Attribute></Attributes><ChildElements/><ElementName>origin</ElementName><required>false</required><RPYAttribute z:Ref="i140"/><XYZAttribute z:Ref="i139"/><isCustomized>false</isCustomized></URDFElement><URDFElement z:Id="i141" i:type="Mass"><Attributes><Attribute z:Id="i142"><AttributeType>value</AttributeType><IsRequired>true</IsRequired><Value i:type="a:double" xmlns:a="http://www.w3.org/2001/XMLSchema">0</Value></Attribute></Attributes><ChildElements/><ElementName>mass</ElementName><required>false</required><ValueAttribute z:Ref="i142"/></URDFElement><URDFElement z:Id="i143" i:type="Inertia"><Attributes><Attribute z:Id="i144"><AttributeType>ixx</AttributeType><IsRequired>true</IsRequired><Value i:type="a:double" xmlns:a="http://www.w3.org/2001/XMLSchema">0</Value></Attribute><Attribute z:Id="i145"><AttributeType>ixy</AttributeType><IsRequired>true</IsRequired><Value i:type="a:double" xmlns:a="http://www.w3.org/2001/XMLSchema">0</Value></Attribute><Attribute z:Id="i146"><AttributeType>ixz</AttributeType><IsRequired>true</IsRequired><Value i:type="a:double" xmlns:a="http://www.w3.org/2001/XMLSchema">0</Value></Attribute><Attribute z:Id="i147"><AttributeType>iyy</AttributeType><IsRequired>true</IsRequired><Value i:type="a:double" xmlns:a="http://www.w3.org/2001/XMLSchema">0</Value></Attribute><Attribute z:Id="i148"><AttributeType>iyz</AttributeType><IsRequired>true</IsRequired><Value i:type="a:double" xmlns:a="http://www.w3.org/2001/XMLSchema">0</Value></Attribute><Attribute z:Id="i149"><AttributeType>izz</AttributeType><IsRequired>true</IsRequired><Value i:type="a:double" xmlns:a="http://www.w3.org/2001/XMLSchema">0</Value></Attribute></Attributes><ChildElements/><ElementName>inertia</ElementName><required>false</required><IxxAttribute z:Ref="i144"/><IxyAttribute z:Ref="i145"/><IxzAttribute z:Ref="i146"/><IyyAttribute z:Ref="i147"/><IyzAttribute z:Ref="i148"/><IzzAttribute z:Ref="i149"/></URDFElement></ChildElements><ElementName>inertial</ElementName><required>false</required><Inertia z:Ref="i143"/><Mass z:Ref="i141"/><Origin z:Ref="i138"/></URDFElement><URDFElement z:Id="i150" i:type="Visual"><Attributes/><ChildElements><URDFElement z:Id="i151" i:type="Origin"><Attributes><Attribute z:Id="i152"><AttributeType>xyz</AttributeType><IsRequired>true</IsRequired><Value i:type="a:ArrayOfdouble" xmlns:a="http://schemas.microsoft.com/2003/10/Serialization/Arrays"><a:double>0</a:double><a:double>0</a:double><a:double>0</a:double></Value></Attribute><Attribute z:Id="i153"><AttributeType>rpy</AttributeType><IsRequired>true</IsRequired><Value i:type="a:ArrayOfdouble" xmlns:a="http://schemas.microsoft.com/2003/10/Serialization/Arrays"><a:double>0</a:double><a:double>0</a:double><a:double>0</a:double></Value></Attribute></Attributes><ChildElements/><ElementName>origin</ElementName><required>false</required><RPYAttribute z:Ref="i153"/><XYZAttribute z:Ref="i152"/><isCustomized>false</isCustomized></URDFElement><URDFElement z:Id="i154" i:type="Geometry"><Attributes/><ChildElements><URDFElement z:Id="i155" i:type="Mesh"><Attributes><Attribute z:Id="i156"><AttributeType>filename</AttributeType><IsRequired>true</IsRequired><Value i:nil="true"/></Attribute></Attributes><ChildElements/><ElementName>mesh</ElementName><required>false</required><FilenameAttribute z:Ref="i156"/></URDFElement></ChildElements><ElementName>geometry</ElementName><required>true</required><Mesh z:Ref="i155"/></URDFElement><URDFElement z:Id="i157" i:type="Material"><Attributes><Attribute z:Id="i158"><AttributeType>name</AttributeType><IsRequired>true</IsRequired><Value i:type="a:string" xmlns:a="http://www.w3.org/2001/XMLSchema"/></Attribute></Attributes><ChildElements><URDFElement z:Id="i159" i:type="Color"><Attributes><Attribute z:Id="i160"><AttributeType>rgba</AttributeType><IsRequired>true</IsRequired><Value i:type="a:ArrayOfdouble" xmlns:a="http://schemas.microsoft.com/2003/10/Serialization/Arrays"><a:double>1</a:double><a:double>1</a:double><a:double>1</a:double><a:double>1</a:double></Value></Attribute></Attributes><ChildElements/><ElementName>color</ElementName><required>false</required><RGBAAttribute z:Ref="i160"/></URDFElement><URDFElement z:Id="i161" i:type="Texture"><Attributes><Attribute z:Id="i162"><AttributeType>filename</AttributeType><IsRequired>true</IsRequired><Value i:nil="true"/></Attribute></Attributes><ChildElements/><ElementName>texture</ElementName><required>false</required><FilenameAttribute z:Ref="i162"/><wFilename/></URDFElement></ChildElements><ElementName>material</ElementName><required>false</required><Color z:Ref="i159"/><NameAttribute z:Ref="i158"/><Texture z:Ref="i161"/></URDFElement></ChildElements><ElementName>visual</ElementName><required>false</required><Geometry z:Ref="i154"/><Material z:Ref="i157"/><Origin z:Ref="i151"/></URDFElement><URDFElement z:Id="i163" i:type="Collision"><Attributes/><ChildElements><URDFElement z:Id="i164" i:type="Origin"><Attributes><Attribute z:Id="i165"><AttributeType>xyz</AttributeType><IsRequired>true</IsRequired><Value i:type="a:ArrayOfdouble" xmlns:a="http://schemas.microsoft.com/2003/10/Serialization/Arrays"><a:double>0</a:double><a:double>0</a:double><a:double>0</a:double></Value></Attribute><Attribute z:Id="i166"><AttributeType>rpy</AttributeType><IsRequired>true</IsRequired><Value i:type="a:ArrayOfdouble" xmlns:a="http://schemas.microsoft.com/2003/10/Serialization/Arrays"><a:double>0</a:double><a:double>0</a:double><a:double>0</a:double></Value></Attribute></Attributes><ChildElements/><ElementName>origin</ElementName><required>false</required><RPYAttribute z:Ref="i166"/><XYZAttribute z:Ref="i165"/><isCustomized>false</isCustomized></URDFElement><URDFElement z:Id="i167" i:type="Geometry"><Attributes/><ChildElements><URDFElement z:Id="i168" i:type="Mesh"><Attributes><Attribute z:Id="i169"><AttributeType>filename</AttributeType><IsRequired>true</IsRequired><Value i:nil="true"/></Attribute></Attributes><ChildElements/><ElementName>mesh</ElementName><required>false</required><FilenameAttribute z:Ref="i169"/></URDFElement></ChildElements><ElementName>geometry</ElementName><required>true</required><Mesh z:Ref="i168"/></URDFElement></ChildElements><ElementName>collision</ElementName><required>false</required><Geometry z:Ref="i167"/><Origin z:Ref="i164"/></URDFElement><URDFElement z:Id="i170" i:type="Joint"><Attributes><Attribute z:Id="i171"><AttributeType>name</AttributeType><IsRequired>true</IsRequired><Value i:type="a:string" xmlns:a="http://www.w3.org/2001/XMLSchema">Joint Sag On</Value></Attribute><Attribute z:Id="i172"><AttributeType>type</AttributeType><IsRequired>true</IsRequired><Value i:type="a:string" xmlns:a="http://www.w3.org/2001/XMLSchema">continuous</Value></Attribute></Attributes><ChildElements><URDFElement z:Id="i173" i:type="Origin"><Attributes><Attribute z:Id="i174"><AttributeType>xyz</AttributeType><IsRequired>true</IsRequired><Value i:type="a:ArrayOfdouble" xmlns:a="http://schemas.microsoft.com/2003/10/Serialization/Arrays"><a:double>0</a:double><a:double>0</a:double><a:double>0</a:double></Value></Attribute><Attribute z:Id="i175"><AttributeType>rpy</AttributeType><IsRequired>true</IsRequired><Value i:type="a:ArrayOfdouble" xmlns:a="http://schemas.microsoft.com/2003/10/Serialization/Arrays"><a:double>0</a:double><a:double>0</a:double><a:double>0</a:double></Value></Attribute></Attributes><ChildElements/><ElementName>origin</ElementName><required>false</required><RPYAttribute z:Ref="i175"/><XYZAttribute z:Ref="i174"/><isCustomized>false</isCustomized></URDFElement><URDFElement z:Id="i176" i:type="ParentLink"><Attributes><Attribute z:Id="i177"><AttributeType>link</AttributeType><IsRequired>true</IsRequired><Value i:type="a:string" xmlns:a="http://www.w3.org/2001/XMLSchema"/></Attribute></Attributes><ChildElements/><ElementName>parent</ElementName><required>true</required><NameAttribute z:Ref="i177"/></URDFElement><URDFElement z:Id="i178" i:type="ChildLink"><Attributes><Attribute z:Id="i179"><AttributeType>link</AttributeType><IsRequired>true</IsRequired><Value i:type="a:string" xmlns:a="http://www.w3.org/2001/XMLSchema"/></Attribute></Attributes><ChildElements/><ElementName>child</ElementName><required>true</required><NameAttribute z:Ref="i179"/></URDFElement><URDFElement z:Id="i180" i:type="Axis"><Attributes><Attribute z:Id="i181"><AttributeType>xyz</AttributeType><IsRequired>true</IsRequired><Value i:type="a:ArrayOfdouble" xmlns:a="http://schemas.microsoft.com/2003/10/Serialization/Arrays"><a:double>0</a:double><a:double>0</a:double><a:double>0</a:double></Value></Attribute></Attributes><ChildElements/><ElementName>axis</ElementName><required>false</required><XYZAttribute z:Ref="i181"/></URDFElement><URDFElement z:Id="i182" i:type="Limit"><Attributes><Attribute z:Id="i183"><AttributeType>lower</AttributeType><IsRequired>false</IsRequired><Value i:nil="true"/></Attribute><Attribute z:Id="i184"><AttributeType>upper</AttributeType><IsRequired>false</IsRequired><Value i:nil="true"/></Attribute><Attribute z:Id="i185"><AttributeType>effort</AttributeType><IsRequired>true</IsRequired><Value i:nil="true"/></Attribute><Attribute z:Id="i186"><AttributeType>velocity</AttributeType><IsRequired>true</IsRequired><Value i:nil="true"/></Attribute></Attributes><ChildElements/><ElementName>limit</ElementName><required>false</required><EffortAttribute z:Ref="i185"/><LowerAttribute z:Ref="i183"/><UpperAttribute z:Ref="i184"/><VelocityAttribute z:Ref="i186"/></URDFElement><URDFElement z:Id="i187" i:type="Calibration"><Attributes><Attribute z:Id="i188"><AttributeType>rising</AttributeType><IsRequired>false</IsRequired><Value i:nil="true"/></Attribute><Attribute z:Id="i189"><AttributeType>falling</AttributeType><IsRequired>false</IsRequired><Value i:nil="true"/></Attribute></Attributes><ChildElements/><ElementName>calibration</ElementName><required>false</required><FallingAttribute z:Ref="i189"/><RisingAttribute z:Ref="i188"/></URDFElement><URDFElement z:Id="i190" i:type="Dynamics"><Attributes><Attribute z:Id="i191"><AttributeType>damping</AttributeType><IsRequired>false</IsRequired><Value i:nil="true"/></Attribute><Attribute z:Id="i192"><AttributeType>friction</AttributeType><IsRequired>false</IsRequired><Value i:nil="true"/></Attribute></Attributes><ChildElements/><ElementName>dynamics</ElementName><required>false</required><DampingAttribute z:Ref="i191"/><FrictionAttribute z:Ref="i192"/></URDFElement><URDFElement z:Id="i193" i:type="SafetyController"><Attributes><Attribute z:Id="i194"><AttributeType>soft_upper_limit</AttributeType><IsRequired>false</IsRequired><Value i:nil="true"/></Attribute><Attribute z:Id="i195"><AttributeType>soft_lower_limit</AttributeType><IsRequired>false</IsRequired><Value i:nil="true"/></Attribute><Attribute z:Id="i196"><AttributeType>k_position</AttributeType><IsRequired>false</IsRequired><Value i:nil="true"/></Attribute><Attribute z:Id="i197"><AttributeType>k_velocity</AttributeType><IsRequired>true</IsRequired><Value i:nil="true"/></Attribute></Attributes><ChildElements/><ElementName>safety_controller</ElementName><required>false</required><KPositionAttribute z:Ref="i196"/><KVelocityAttribute z:Ref="i197"/><SoftLowerAttribute z:Ref="i195"/><SoftUpperAttribute z:Ref="i194"/></URDFElement><URDFElement z:Id="i198" i:type="Mimic"><Attributes><Attribute z:Id="i199"><AttributeType>joint</AttributeType><IsRequired>true</IsRequired><Value i:nil="true"/></Attribute><Attribute z:Id="i200"><AttributeType>multiplier</AttributeType><IsRequired>false</IsRequired><Value i:nil="true"/></Attribute><Attribute z:Id="i201"><AttributeType>offset</AttributeType><IsRequired>false</IsRequired><Value i:nil="true"/></Attribute></Attributes><ChildElements/><ElementName>mimic</ElementName><required>false</required><JointNameAttribute z:Ref="i199"/><MultiplierAttribute z:Ref="i200"/><OffsetAttribute z:Ref="i201"/></URDFElement></ChildElements><ElementName>joint</ElementName><required>false</required><Axis z:Ref="i180"/><AxisName>Eksen6</AxisName><Calibration z:Ref="i187"/><Child z:Ref="i178"/><CoordinateSystemName>Koordinat Sistemi4</CoordinateSystemName><Dynamics z:Ref="i190"/><Limit z:Ref="i182"/><Mimic z:Ref="i198"/><NameAttribute z:Ref="i171"/><Origin z:Ref="i173"/><Parent z:Ref="i176"/><Safety z:Ref="i193"/><TypeAttribute z:Ref="i172"/></URDFElement></ChildElements><ElementName>link</ElementName><required>true</required><Children/><Collision z:Ref="i163"/><Inertial z:Ref="i137"/><Joint z:Ref="i170"/><NameAttribute z:Ref="i136"/><Parent z:Ref="i68"/><STLQualityFine>false</STLQualityFine><SWComponentPIDs xmlns:a="http://schemas.microsoft.com/2003/10/Serialization/Arrays"><a:base64Binary>gD4AAAUAAAD//v8hdABlAGsAZQByAGwAZQBrACAAKAAyACkALQAxAEAAZwD2AHYAZABlACAAVQByAGQAZgAgAE0AbwBuAHQAYQBqADEBBAAAABAAAAABAAAAAQAAAL8AAAA=</a:base64Binary></SWComponentPIDs><SWMainComponentPID i:nil="true"/><Visual z:Ref="i150"/><isFixedFrame>false</isFixedFrame><isIncomplete>false</isIncomplete></Link><Link z:Id="i202"><Attributes><Attribute z:Id="i203"><AttributeType>name</AttributeType><IsRequired>true</IsRequired><Value i:type="a:string" xmlns:a="http://www.w3.org/2001/XMLSchema">Sag Arka</Value></Attribute></Attributes><ChildElements><URDFElement z:Id="i204" i:type="Inertial"><Attributes/><ChildElements><URDFElement z:Id="i205" i:type="Origin"><Attributes><Attribute z:Id="i206"><AttributeType>xyz</AttributeType><IsRequired>true</IsRequired><Value i:type="a:ArrayOfdouble" xmlns:a="http://schemas.microsoft.com/2003/10/Serialization/Arrays"><a:double>0</a:double><a:double>0</a:double><a:double>0</a:double></Value></Attribute><Attribute z:Id="i207"><AttributeType>rpy</AttributeType><IsRequired>true</IsRequired><Value i:type="a:ArrayOfdouble" xmlns:a="http://schemas.microsoft.com/2003/10/Serialization/Arrays"><a:double>0</a:double><a:double>0</a:double><a:double>0</a:double></Value></Attribute></Attributes><ChildElements/><ElementName>origin</ElementName><required>false</required><RPYAttribute z:Ref="i207"/><XYZAttribute z:Ref="i206"/><isCustomized>false</isCustomized></URDFElement><URDFElement z:Id="i208" i:type="Mass"><Attributes><Attribute z:Id="i209"><AttributeType>value</AttributeType><IsRequired>true</IsRequired><Value i:type="a:double" xmlns:a="http://www.w3.org/2001/XMLSchema">0</Value></Attribute></Attributes><ChildElements/><ElementName>mass</ElementName><required>false</required><ValueAttribute z:Ref="i209"/></URDFElement><URDFElement z:Id="i210" i:type="Inertia"><Attributes><Attribute z:Id="i211"><AttributeType>ixx</AttributeType><IsRequired>true</IsRequired><Value i:type="a:double" xmlns:a="http://www.w3.org/2001/XMLSchema">0</Value></Attribute><Attribute z:Id="i212"><AttributeType>ixy</AttributeType><IsRequired>true</IsRequired><Value i:type="a:double" xmlns:a="http://www.w3.org/2001/XMLSchema">0</Value></Attribute><Attribute z:Id="i213"><AttributeType>ixz</AttributeType><IsRequired>true</IsRequired><Value i:type="a:double" xmlns:a="http://www.w3.org/2001/XMLSchema">0</Value></Attribute><Attribute z:Id="i214"><AttributeType>iyy</AttributeType><IsRequired>true</IsRequired><Value i:type="a:double" xmlns:a="http://www.w3.org/2001/XMLSchema">0</Value></Attribute><Attribute z:Id="i215"><AttributeType>iyz</AttributeType><IsRequired>true</IsRequired><Value i:type="a:double" xmlns:a="http://www.w3.org/2001/XMLSchema">0</Value></Attribute><Attribute z:Id="i216"><AttributeType>izz</AttributeType><IsRequired>true</IsRequired><Value i:type="a:double" xmlns:a="http://www.w3.org/2001/XMLSchema">0</Value></Attribute></Attributes><ChildElements/><ElementName>inertia</ElementName><required>false</required><IxxAttribute z:Ref="i211"/><IxyAttribute z:Ref="i212"/><IxzAttribute z:Ref="i213"/><IyyAttribute z:Ref="i214"/><IyzAttribute z:Ref="i215"/><IzzAttribute z:Ref="i216"/></URDFElement></ChildElements><ElementName>inertial</ElementName><required>false</required><Inertia z:Ref="i210"/><Mass z:Ref="i208"/><Origin z:Ref="i205"/></URDFElement><URDFElement z:Id="i217" i:type="Visual"><Attributes/><ChildElements><URDFElement z:Id="i218" i:type="Origin"><Attributes><Attribute z:Id="i219"><AttributeType>xyz</AttributeType><IsRequired>true</IsRequired><Value i:type="a:ArrayOfdouble" xmlns:a="http://schemas.microsoft.com/2003/10/Serialization/Arrays"><a:double>0</a:double><a:double>0</a:double><a:double>0</a:double></Value></Attribute><Attribute z:Id="i220"><AttributeType>rpy</AttributeType><IsRequired>true</IsRequired><Value i:type="a:ArrayOfdouble" xmlns:a="http://schemas.microsoft.com/2003/10/Serialization/Arrays"><a:double>0</a:double><a:double>0</a:double><a:double>0</a:double></Value></Attribute></Attributes><ChildElements/><ElementName>origin</ElementName><required>false</required><RPYAttribute z:Ref="i220"/><XYZAttribute z:Ref="i219"/><isCustomized>false</isCustomized></URDFElement><URDFElement z:Id="i221" i:type="Geometry"><Attributes/><ChildElements><URDFElement z:Id="i222" i:type="Mesh"><Attributes><Attribute z:Id="i223"><AttributeType>filename</AttributeType><IsRequired>true</IsRequired><Value i:nil="true"/></Attribute></Attributes><ChildElements/><ElementName>mesh</ElementName><required>false</required><FilenameAttribute z:Ref="i223"/></URDFElement></ChildElements><ElementName>geometry</ElementName><required>true</required><Mesh z:Ref="i222"/></URDFElement><URDFElement z:Id="i224" i:type="Material"><Attributes><Attribute z:Id="i225"><AttributeType>name</AttributeType><IsRequired>true</IsRequired><Value i:type="a:string" xmlns:a="http://www.w3.org/2001/XMLSchema"/></Attribute></Attributes><ChildElements><URDFElement z:Id="i226" i:type="Color"><Attributes><Attribute z:Id="i227"><AttributeType>rgba</AttributeType><IsRequired>true</IsRequired><Value i:type="a:ArrayOfdouble" xmlns:a="http://schemas.microsoft.com/2003/10/Serialization/Arrays"><a:double>1</a:double><a:double>1</a:double><a:double>1</a:double><a:double>1</a:double></Value></Attribute></Attributes><ChildElements/><ElementName>color</ElementName><required>false</required><RGBAAttribute z:Ref="i227"/></URDFElement><URDFElement z:Id="i228" i:type="Texture"><Attributes><Attribute z:Id="i229"><AttributeType>filename</AttributeType><IsRequired>true</IsRequired><Value i:nil="true"/></Attribute></Attributes><ChildElements/><ElementName>texture</ElementName><required>false</required><FilenameAttribute z:Ref="i229"/><wFilename/></URDFElement></ChildElements><ElementName>material</ElementName><required>false</required><Color z:Ref="i226"/><NameAttribute z:Ref="i225"/><Texture z:Ref="i228"/></URDFElement></ChildElements><ElementName>visual</ElementName><required>false</required><Geometry z:Ref="i221"/><Material z:Ref="i224"/><Origin z:Ref="i218"/></URDFElement><URDFElement z:Id="i230" i:type="Collision"><Attributes/><ChildElements><URDFElement z:Id="i231" i:type="Origin"><Attributes><Attribute z:Id="i232"><AttributeType>xyz</AttributeType><IsRequired>true</IsRequired><Value i:type="a:ArrayOfdouble" xmlns:a="http://schemas.microsoft.com/2003/10/Serialization/Arrays"><a:double>0</a:double><a:double>0</a:double><a:double>0</a:double></Value></Attribute><Attribute z:Id="i233"><AttributeType>rpy</AttributeType><IsRequired>true</IsRequired><Value i:type="a:ArrayOfdouble" xmlns:a="http://schemas.microsoft.com/2003/10/Serialization/Arrays"><a:double>0</a:double><a:double>0</a:double><a:double>0</a:double></Value></Attribute></Attributes><ChildElements/><ElementName>origin</ElementName><required>false</required><RPYAttribute z:Ref="i233"/><XYZAttribute z:Ref="i232"/><isCustomized>false</isCustomized></URDFElement><URDFElement z:Id="i234" i:type="Geometry"><Attributes/><ChildElements><URDFElement z:Id="i235" i:type="Mesh"><Attributes><Attribute z:Id="i236"><AttributeType>filename</AttributeType><IsRequired>true</IsRequired><Value i:nil="true"/></Attribute></Attributes><ChildElements/><ElementName>mesh</ElementName><required>false</required><FilenameAttribute z:Ref="i236"/></URDFElement></ChildElements><ElementName>geometry</ElementName><required>true</required><Mesh z:Ref="i235"/></URDFElement></ChildElements><ElementName>collision</ElementName><required>false</required><Geometry z:Ref="i234"/><Origin z:Ref="i231"/></URDFElement><URDFElement z:Id="i237" i:type="Joint"><Attributes><Attribute z:Id="i238"><AttributeType>name</AttributeType><IsRequired>true</IsRequired><Value i:type="a:string" xmlns:a="http://www.w3.org/2001/XMLSchema">Joint Sag Arka</Value></Attribute><Attribute z:Id="i239"><AttributeType>type</AttributeType><IsRequired>true</IsRequired><Value i:type="a:string" xmlns:a="http://www.w3.org/2001/XMLSchema">continuous</Value></Attribute></Attributes><ChildElements><URDFElement z:Id="i240" i:type="Origin"><Attributes><Attribute z:Id="i241"><AttributeType>xyz</AttributeType><IsRequired>true</IsRequired><Value i:type="a:ArrayOfdouble" xmlns:a="http://schemas.microsoft.com/2003/10/Serialization/Arrays"><a:double>0</a:double><a:double>0</a:double><a:double>0</a:double></Value></Attribute><Attribute z:Id="i242"><AttributeType>rpy</AttributeType><IsRequired>true</IsRequired><Value i:type="a:ArrayOfdouble" xmlns:a="http://schemas.microsoft.com/2003/10/Serialization/Arrays"><a:double>0</a:double><a:double>0</a:double><a:double>0</a:double></Value></Attribute></Attributes><ChildElements/><ElementName>origin</ElementName><required>false</required><RPYAttribute z:Ref="i242"/><XYZAttribute z:Ref="i241"/><isCustomized>false</isCustomized></URDFElement><URDFElement z:Id="i243" i:type="ParentLink"><Attributes><Attribute z:Id="i244"><AttributeType>link</AttributeType><IsRequired>true</IsRequired><Value i:type="a:string" xmlns:a="http://www.w3.org/2001/XMLSchema"/></Attribute></Attributes><ChildElements/><ElementName>parent</ElementName><required>true</required><NameAttribute z:Ref="i244"/></URDFElement><URDFElement z:Id="i245" i:type="ChildLink"><Attributes><Attribute z:Id="i246"><AttributeType>link</AttributeType><IsRequired>true</IsRequired><Value i:type="a:string" xmlns:a="http://www.w3.org/2001/XMLSchema"/></Attribute></Attributes><ChildElements/><ElementName>child</ElementName><required>true</required><NameAttribute z:Ref="i246"/></URDFElement><URDFElement z:Id="i247" i:type="Axis"><Attributes><Attribute z:Id="i248"><AttributeType>xyz</AttributeType><IsRequired>true</IsRequired><Value i:type="a:ArrayOfdouble" xmlns:a="http://schemas.microsoft.com/2003/10/Serialization/Arrays"><a:double>0</a:double><a:double>0</a:double><a:double>0</a:double></Value></Attribute></Attributes><ChildElements/><ElementName>axis</ElementName><required>false</required><XYZAttribute z:Ref="i248"/></URDFElement><URDFElement z:Id="i249" i:type="Limit"><Attributes><Attribute z:Id="i250"><AttributeType>lower</AttributeType><IsRequired>false</IsRequired><Value i:nil="true"/></Attribute><Attribute z:Id="i251"><AttributeType>upper</AttributeType><IsRequired>false</IsRequired><Value i:nil="true"/></Attribute><Attribute z:Id="i252"><AttributeType>effort</AttributeType><IsRequired>true</IsRequired><Value i:nil="true"/></Attribute><Attribute z:Id="i253"><AttributeType>velocity</AttributeType><IsRequired>true</IsRequired><Value i:nil="true"/></Attribute></Attributes><ChildElements/><ElementName>limit</ElementName><required>false</required><EffortAttribute z:Ref="i252"/><LowerAttribute z:Ref="i250"/><UpperAttribute z:Ref="i251"/><VelocityAttribute z:Ref="i253"/></URDFElement><URDFElement z:Id="i254" i:type="Calibration"><Attributes><Attribute z:Id="i255"><AttributeType>rising</AttributeType><IsRequired>false</IsRequired><Value i:nil="true"/></Attribute><Attribute z:Id="i256"><AttributeType>falling</AttributeType><IsRequired>false</IsRequired><Value i:nil="true"/></Attribute></Attributes><ChildElements/><ElementName>calibration</ElementName><required>false</required><FallingAttribute z:Ref="i256"/><RisingAttribute z:Ref="i255"/></URDFElement><URDFElement z:Id="i257" i:type="Dynamics"><Attributes><Attribute z:Id="i258"><AttributeType>damping</AttributeType><IsRequired>false</IsRequired><Value i:nil="true"/></Attribute><Attribute z:Id="i259"><AttributeType>friction</AttributeType><IsRequired>false</IsRequired><Value i:nil="true"/></Attribute></Attributes><ChildElements/><ElementName>dynamics</ElementName><required>false</required><DampingAttribute z:Ref="i258"/><FrictionAttribute z:Ref="i259"/></URDFElement><URDFElement z:Id="i260" i:type="SafetyController"><Attributes><Attribute z:Id="i261"><AttributeType>soft_upper_limit</AttributeType><IsRequired>false</IsRequired><Value i:nil="true"/></Attribute><Attribute z:Id="i262"><AttributeType>soft_lower_limit</AttributeType><IsRequired>false</IsRequired><Value i:nil="true"/></Attribute><Attribute z:Id="i263"><AttributeType>k_position</AttributeType><IsRequired>false</IsRequired><Value i:nil="true"/></Attribute><Attribute z:Id="i264"><AttributeType>k_velocity</AttributeType><IsRequired>true</IsRequired><Value i:nil="true"/></Attribute></Attributes><ChildElements/><ElementName>safety_controller</ElementName><required>false</required><KPositionAttribute z:Ref="i263"/><KVelocityAttribute z:Ref="i264"/><SoftLowerAttribute z:Ref="i262"/><SoftUpperAttribute z:Ref="i261"/></URDFElement><URDFElement z:Id="i265" i:type="Mimic"><Attributes><Attribute z:Id="i266"><AttributeType>joint</AttributeType><IsRequired>true</IsRequired><Value i:nil="true"/></Attribute><Attribute z:Id="i267"><AttributeType>multiplier</AttributeType><IsRequired>false</IsRequired><Value i:nil="true"/></Attribute><Attribute z:Id="i268"><AttributeType>offset</AttributeType><IsRequired>false</IsRequired><Value i:nil="true"/></Attribute></Attributes><ChildElements/><ElementName>mimic</ElementName><required>false</required><JointNameAttribute z:Ref="i266"/><MultiplierAttribute z:Ref="i267"/><OffsetAttribute z:Ref="i268"/></URDFElement></ChildElements><ElementName>joint</ElementName><required>false</required><Axis z:Ref="i247"/><AxisName>Eksen4</AxisName><Calibration z:Ref="i254"/><Child z:Ref="i245"/><CoordinateSystemName>Koordinat Sistemi5</CoordinateSystemName><Dynamics z:Ref="i257"/><Limit z:Ref="i249"/><Mimic z:Ref="i265"/><NameAttribute z:Ref="i238"/><Origin z:Ref="i240"/><Parent z:Ref="i243"/><Safety z:Ref="i260"/><TypeAttribute z:Ref="i239"/></URDFElement></ChildElements><ElementName>link</ElementName><required>true</required><Children/><Collision z:Ref="i230"/><Inertial z:Ref="i204"/><Joint z:Ref="i237"/><NameAttribute z:Ref="i203"/><Parent z:Ref="i68"/><STLQualityFine>false</STLQualityFine><SWComponentPIDs xmlns:a="http://schemas.microsoft.com/2003/10/Serialization/Arrays"><a:base64Binary>gD4AAAUAAAD//v8hdABlAGsAZQByAGwAZQBrACAAKAAyACkALQA0AEAAZwD2AHYAZABlACAAVQByAGQAZgAgAE0AbwBuAHQAYQBqADEBBAAAABAAAAABAAAAAQAAAMIAAAA=</a:base64Binary></SWComponentPIDs><SWMainComponentPID i:nil="true"/><Visual z:Ref="i217"/><isFixedFrame>false</isFixedFrame><isIncomplete>false</isIncomplete></Link></Children><Collision z:Ref="i96"/><Inertial z:Ref="i70"/><Joint z:Ref="i103"/><NameAttribute z:Ref="i69"/><Parent z:Ref="i1"/><STLQualityFine>false</STLQualityFine><SWComponentPIDs xmlns:a="http://schemas.microsoft.com/2003/10/Serialization/Arrays"><a:base64Binary>gD4AAAUAAAD//v8oMwAwACAAeAAgADMAMAAgAHAAcgBvAGYAaQBsAC4AcwB0AGUAcAAtADMAQABnAPYAdgBkAGUAIABVAHIAZABmACAATQBvAG4AdABhAGoAMQEEAAAAEAAAAAEAAAABAAAAhAAAAA==</a:base64Binary><a:base64Binary>gD4AAAUAAAD//v8oMwAwACAAeAAgADMAMAAgAHAAcgBvAGYAaQBsAC4AcwB0AGUAcAAtADQAQABnAPYAdgBkAGUAIABVAHIAZABmACAATQBvAG4AdABhAGoAMQEEAAAAEAAAAAEAAAABAAAAjQAAAA==</a:base64Binary><a:base64Binary>gD4AAAUAAAD//v+TXwFpAG0AZABpAGwAaQBrACAAbQBvAG4AdABhAGoAIABnAPYAdgBkAGUAIABkADEBXwEuAHMAdABlAHAALQA0AEAAZwD2AHYAZABlACAAVQByAGQAZgAgAE0AbwBuAHQAYQBqADEBLwBTAEsARgBfAEYAWQBUAEIAIAAyADAAIABUAEYALgBzAHQAZQBwAC0AMQBAAF8BaQBtAGQAaQBsAGkAawAgAG0AbwBuAHQAYQBqACAAZwD2AHYAZABlACAAZAAxAV8BLgBzAHQAZQBwAC8ARgBZAFQAQgAgADUAMAA0ACAATQArACsAMABfAGgALgBzAHQAZQBwAC0AMQBAAFMASwBGAF8ARgBZAFQAQgAgADIAMAAgAFQARgAuAHMAdABlAHAABAAAABAAAAABAAAAAwAAAJEAAAAYAAAAGAAAAA==</a:base64Binary><a:base64Binary>gD4AAAUAAAD//v9uXwFpAG0AZABpAGwAaQBrACAAbQBvAG4AdABhAGoAIABnAPYAdgBkAGUAIABkADEBXwEuAHMAdABlAHAALQAzAEAAZwD2AHYAZABlACAAVQByAGQAZgAgAE0AbwBuAHQAYQBqADEBLwBiAGEAHwFsAGEAbgB0ADEBIABwAGEAcgBfAFgAXwBFADcAYQBzADEBLgBzAHQAZQBwAC0AMQBAAF8BaQBtAGQAaQBsAGkAawAgAG0AbwBuAHQAYQBqACAAZwD2AHYAZABlACAAZAAxAV8BLgBzAHQAZQBwAAQAAAAQAAAAAQAAAAIAAACGAAAAGQAAAA==</a:base64Binary><a:base64Binary>gD4AAAUAAAD//v9uXwFpAG0AZABpAGwAaQBrACAAbQBvAG4AdABhAGoAIABnAPYAdgBkAGUAIABkADEBXwEuAHMAdABlAHAALQA0AEAAZwD2AHYAZABlACAAVQByAGQAZgAgAE0AbwBuAHQAYQBqADEBLwBiAGEAHwFsAGEAbgB0ADEBIABwAGEAcgBfAFgAXwBFADcAYQBzADEBLgBzAHQAZQBwAC0AMQBAAF8BaQBtAGQAaQBsAGkAawAgAG0AbwBuAHQAYQBqACAAZwD2AHYAZABlACAAZAAxAV8BLgBzAHQAZQBwAAQAAAAQAAAAAQAAAAIAAACRAAAAGQAAAA==</a:base64Binary><a:base64Binary>gD4AAAUAAAD//v+TXwFpAG0AZABpAGwAaQBrACAAbQBvAG4AdABhAGoAIABnAPYAdgBkAGUAIABkADEBXwEuAHMAdABlAHAALQAzAEAAZwD2AHYAZABlACAAVQByAGQAZgAgAE0AbwBuAHQAYQBqADEBLwBTAEsARgBfAEYAWQBUAEIAIAAyADAAIABUAEYALgBzAHQAZQBwAC0AMQBAAF8BaQBtAGQAaQBsAGkAawAgAG0AbwBuAHQAYQBqACAAZwD2AHYAZABlACAAZAAxAV8BLgBzAHQAZQBwAC8ARgBZAFQAQgAgADUAMAA0ACAATQArACsAMABfAGgALgBzAHQAZQBwAC0AMQBAAFMASwBGAF8ARgBZAFQAQgAgADIAMAAgAFQARgAuAHMAdABlAHAABAAAABAAAAABAAAAAwAAAIYAAAAYAAAAGAAAAA==</a:base64Binary><a:base64Binary>gD4AAAUAAAD//v9NTQBvAG4AdABhAGoANgAgACgAMQApAC4AcwB0AGUAcAAtADIAQABnAPYAdgBkAGUAIABVAHIAZABmACAATQBvAG4AdABhAGoAMQEvAE0AbwB0AG8AcgAgAGIAYQAfAWwAYQBtAGEAXwAyAC4AcwB0AGUAcAAtADkAQABNAG8AbgB0AGEAagA2ACAAKAAxACkALgBzAHQAZQBwAAQAAAAQAAAAAQAAAAIAAACjAAAAGQAAAA==</a:base64Binary><a:base64Binary>gD4AAAUAAAD//v9MTQBvAG4AdABhAGoANgAgACgAMQApAC4AcwB0AGUAcAAtADEAQABnAPYAdgBkAGUAIABVAHIAZABmACAATQBvAG4AdABhAGoAMQEvAFAAYQByAF8AWABfAEUANwBhADIAMQBfADEALgBzAHQAZQBwAC0AMQA5AEAATQBvAG4AdABhAGoANgAgACgAMQApAC4AcwB0AGUAcAAEAAAAEAAAAAEAAAACAAAAnAAAABoAAAA=</a:base64Binary><a:base64Binary>gD4AAAUAAAD//v/FTQBvAG4AdABhAGoANgAgACgAMQApAC4AcwB0AGUAcAAtADEAQABnAPYAdgBkAGUAIABVAHIAZABmACAATQBvAG4AdABhAGoAMQEvAE0AbwB0AG8AcgAzAGQAXwAxAC4AcwB0AGUAcAAtADEAMABAAE0AbwBuAHQAYQBqADYAIAAoADEAKQAuAHMAdABlAHAALwBNAG8AdABvAHIAMwBkAC4AUwBUAEUAUABfADEALgBzAHQAZQBwAC0AMQAwAEAATQBvAHQAbwByADMAZABfADEALgBzAHQAZQBwAC8AXwBfAF8AXwBfAF8AXwBfAC4AUwBUAEUAUABfADEALgBzAHQAZQBwAC0AMQAwAEAATQBvAHQAbwByADMAZAAuAFMAVABFAFAAXwAxAC4AcwB0AGUAcAAvAF8AXwBfAF8ALQA2AC4AUwBUAEUAUABfADEALgBzAHQAZQBwAC0AMQAwAEAAXwBfAF8AXwBfAF8AXwBfAC4AUwBUAEUAUABfADEALgBzAHQAZQBwAAQAAAAQAAAAAQAAAAUAAACcAAAAGAAAABgAAAAZAAAAGQAAAA==</a:base64Binary><a:base64Binary>gD4AAAUAAAD//v9MTQBvAG4AdABhAGoANgAgACgAMQApAC4AcwB0AGUAcAAtADEAQABnAPYAdgBkAGUAIABVAHIAZABmACAATQBvAG4AdABhAGoAMQEvAFAAYQByAF8AWABfAEUANwBhADIAMgBfADEALgBzAHQAZQBwAC0ANAAwAEAATQBvAG4AdABhAGoANgAgACgAMQApAC4AcwB0AGUAcAAEAAAAEAAAAAEAAAACAAAAnAAAAB0AAAA=</a:base64Binary><a:base64Binary>gD4AAAUAAAD//v9MTQBvAG4AdABhAGoANgAgACgAMQApAC4AcwB0AGUAcAAtADEAQABnAPYAdgBkAGUAIABVAHIAZABmACAATQBvAG4AdABhAGoAMQEvAFAAYQByAF8AWABfAEUANwBhADIAMgBfADEALgBzAHQAZQBwAC0ANAAxAEAATQBvAG4AdABhAGoANgAgACgAMQApAC4AcwB0AGUAcAAEAAAAEAAAAAEAAAACAAAAnAAAAB4AAAA=</a:base64Binary><a:base64Binary>gD4AAAUAAAD//v8lTQBvAG4AdABhAGoANgAgACgAMQApAC4AcwB0AGUAcAAtADEAQABnAPYAdgBkAGUAIABVAHIAZABmACAATQBvAG4AdABhAGoAMQEEAAAAEAAAAAEAAAABAAAAnAAAAA==</a:base64Binary><a:base64Binary>gD4AAAUAAAD//v8lTQBvAG4AdABhAGoANgAgACgAMQApAC4AcwB0AGUAcAAtADIAQABnAPYAdgBkAGUAIABVAHIAZABmACAATQBvAG4AdABhAGoAMQEEAAAAEAAAAAEAAAABAAAAowAAAA==</a:base64Binary></SWComponentPIDs><SWMainComponentPID i:nil="true"/><Visual z:Ref="i83"/><isFixedFrame>false</isFixedFrame><isIncomplete>false</isIncomplete></Link><Link z:Id="i269"><Attributes><Attribute z:Id="i270"><AttributeType>name</AttributeType><IsRequired>true</IsRequired><Value i:type="a:string" xmlns:a="http://www.w3.org/2001/XMLSchema">Sol Suspensiyon merkezi</Value></Attribute></Attributes><ChildElements><URDFElement z:Id="i271" i:type="Inertial"><Attributes/><ChildElements><URDFElement z:Id="i272" i:type="Origin"><Attributes><Attribute z:Id="i273"><AttributeType>xyz</AttributeType><IsRequired>true</IsRequired><Value i:type="a:ArrayOfdouble" xmlns:a="http://schemas.microsoft.com/2003/10/Serialization/Arrays"><a:double>0</a:double><a:double>0</a:double><a:double>0</a:double></Value></Attribute><Attribute z:Id="i274"><AttributeType>rpy</AttributeType><IsRequired>true</IsRequired><Value i:type="a:ArrayOfdouble" xmlns:a="http://schemas.microsoft.com/2003/10/Serialization/Arrays"><a:double>0</a:double><a:double>0</a:double><a:double>0</a:double></Value></Attribute></Attributes><ChildElements/><ElementName>origin</ElementName><required>false</required><RPYAttribute z:Ref="i274"/><XYZAttribute z:Ref="i273"/><isCustomized>false</isCustomized></URDFElement><URDFElement z:Id="i275" i:type="Mass"><Attributes><Attribute z:Id="i276"><AttributeType>value</AttributeType><IsRequired>true</IsRequired><Value i:type="a:double" xmlns:a="http://www.w3.org/2001/XMLSchema">0</Value></Attribute></Attributes><ChildElements/><ElementName>mass</ElementName><required>false</required><ValueAttribute z:Ref="i276"/></URDFElement><URDFElement z:Id="i277" i:type="Inertia"><Attributes><Attribute z:Id="i278"><AttributeType>ixx</AttributeType><IsRequired>true</IsRequired><Value i:type="a:double" xmlns:a="http://www.w3.org/2001/XMLSchema">0</Value></Attribute><Attribute z:Id="i279"><AttributeType>ixy</AttributeType><IsRequired>true</IsRequired><Value i:type="a:double" xmlns:a="http://www.w3.org/2001/XMLSchema">0</Value></Attribute><Attribute z:Id="i280"><AttributeType>ixz</AttributeType><IsRequired>true</IsRequired><Value i:type="a:double" xmlns:a="http://www.w3.org/2001/XMLSchema">0</Value></Attribute><Attribute z:Id="i281"><AttributeType>iyy</AttributeType><IsRequired>true</IsRequired><Value i:type="a:double" xmlns:a="http://www.w3.org/2001/XMLSchema">0</Value></Attribute><Attribute z:Id="i282"><AttributeType>iyz</AttributeType><IsRequired>true</IsRequired><Value i:type="a:double" xmlns:a="http://www.w3.org/2001/XMLSchema">0</Value></Attribute><Attribute z:Id="i283"><AttributeType>izz</AttributeType><IsRequired>true</IsRequired><Value i:type="a:double" xmlns:a="http://www.w3.org/2001/XMLSchema">0</Value></Attribute></Attributes><ChildElements/><ElementName>inertia</ElementName><required>false</required><IxxAttribute z:Ref="i278"/><IxyAttribute z:Ref="i279"/><IxzAttribute z:Ref="i280"/><IyyAttribute z:Ref="i281"/><IyzAttribute z:Ref="i282"/><IzzAttribute z:Ref="i283"/></URDFElement></ChildElements><ElementName>inertial</ElementName><required>false</required><Inertia z:Ref="i277"/><Mass z:Ref="i275"/><Origin z:Ref="i272"/></URDFElement><URDFElement z:Id="i284" i:type="Visual"><Attributes/><ChildElements><URDFElement z:Id="i285" i:type="Origin"><Attributes><Attribute z:Id="i286"><AttributeType>xyz</AttributeType><IsRequired>true</IsRequired><Value i:type="a:ArrayOfdouble" xmlns:a="http://schemas.microsoft.com/2003/10/Serialization/Arrays"><a:double>0</a:double><a:double>0</a:double><a:double>0</a:double></Value></Attribute><Attribute z:Id="i287"><AttributeType>rpy</AttributeType><IsRequired>true</IsRequired><Value i:type="a:ArrayOfdouble" xmlns:a="http://schemas.microsoft.com/2003/10/Serialization/Arrays"><a:double>0</a:double><a:double>0</a:double><a:double>0</a:double></Value></Attribute></Attributes><ChildElements/><ElementName>origin</ElementName><required>false</required><RPYAttribute z:Ref="i287"/><XYZAttribute z:Ref="i286"/><isCustomized>false</isCustomized></URDFElement><URDFElement z:Id="i288" i:type="Geometry"><Attributes/><ChildElements><URDFElement z:Id="i289" i:type="Mesh"><Attributes><Attribute z:Id="i290"><AttributeType>filename</AttributeType><IsRequired>true</IsRequired><Value i:nil="true"/></Attribute></Attributes><ChildElements/><ElementName>mesh</ElementName><required>false</required><FilenameAttribute z:Ref="i290"/></URDFElement></ChildElements><ElementName>geometry</ElementName><required>true</required><Mesh z:Ref="i289"/></URDFElement><URDFElement z:Id="i291" i:type="Material"><Attributes><Attribute z:Id="i292"><AttributeType>name</AttributeType><IsRequired>true</IsRequired><Value i:type="a:string" xmlns:a="http://www.w3.org/2001/XMLSchema"/></Attribute></Attributes><ChildElements><URDFElement z:Id="i293" i:type="Color"><Attributes><Attribute z:Id="i294"><AttributeType>rgba</AttributeType><IsRequired>true</IsRequired><Value i:type="a:ArrayOfdouble" xmlns:a="http://schemas.microsoft.com/2003/10/Serialization/Arrays"><a:double>1</a:double><a:double>1</a:double><a:double>1</a:double><a:double>1</a:double></Value></Attribute></Attributes><ChildElements/><ElementName>color</ElementName><required>false</required><RGBAAttribute z:Ref="i294"/></URDFElement><URDFElement z:Id="i295" i:type="Texture"><Attributes><Attribute z:Id="i296"><AttributeType>filename</AttributeType><IsRequired>true</IsRequired><Value i:nil="true"/></Attribute></Attributes><ChildElements/><ElementName>texture</ElementName><required>false</required><FilenameAttribute z:Ref="i296"/><wFilename/></URDFElement></ChildElements><ElementName>material</ElementName><required>false</required><Color z:Ref="i293"/><NameAttribute z:Ref="i292"/><Texture z:Ref="i295"/></URDFElement></ChildElements><ElementName>visual</ElementName><required>false</required><Geometry z:Ref="i288"/><Material z:Ref="i291"/><Origin z:Ref="i285"/></URDFElement><URDFElement z:Id="i297" i:type="Collision"><Attributes/><ChildElements><URDFElement z:Id="i298" i:type="Origin"><Attributes><Attribute z:Id="i299"><AttributeType>xyz</AttributeType><IsRequired>true</IsRequired><Value i:type="a:ArrayOfdouble" xmlns:a="http://schemas.microsoft.com/2003/10/Serialization/Arrays"><a:double>0</a:double><a:double>0</a:double><a:double>0</a:double></Value></Attribute><Attribute z:Id="i300"><AttributeType>rpy</AttributeType><IsRequired>true</IsRequired><Value i:type="a:ArrayOfdouble" xmlns:a="http://schemas.microsoft.com/2003/10/Serialization/Arrays"><a:double>0</a:double><a:double>0</a:double><a:double>0</a:double></Value></Attribute></Attributes><ChildElements/><ElementName>origin</ElementName><required>false</required><RPYAttribute z:Ref="i300"/><XYZAttribute z:Ref="i299"/><isCustomized>false</isCustomized></URDFElement><URDFElement z:Id="i301" i:type="Geometry"><Attributes/><ChildElements><URDFElement z:Id="i302" i:type="Mesh"><Attributes><Attribute z:Id="i303"><AttributeType>filename</AttributeType><IsRequired>true</IsRequired><Value i:nil="true"/></Attribute></Attributes><ChildElements/><ElementName>mesh</ElementName><required>false</required><FilenameAttribute z:Ref="i303"/></URDFElement></ChildElements><ElementName>geometry</ElementName><required>true</required><Mesh z:Ref="i302"/></URDFElement></ChildElements><ElementName>collision</ElementName><required>false</required><Geometry z:Ref="i301"/><Origin z:Ref="i298"/></URDFElement><URDFElement z:Id="i304" i:type="Joint"><Attributes><Attribute z:Id="i305"><AttributeType>name</AttributeType><IsRequired>true</IsRequired><Value i:type="a:string" xmlns:a="http://www.w3.org/2001/XMLSchema">Sol Suspensiyon merkezi</Value></Attribute><Attribute z:Id="i306"><AttributeType>type</AttributeType><IsRequired>true</IsRequired><Value i:type="a:string" xmlns:a="http://www.w3.org/2001/XMLSchema">revolute</Value></Attribute></Attributes><ChildElements><URDFElement z:Id="i307" i:type="Origin"><Attributes><Attribute z:Id="i308"><AttributeType>xyz</AttributeType><IsRequired>true</IsRequired><Value i:type="a:ArrayOfdouble" xmlns:a="http://schemas.microsoft.com/2003/10/Serialization/Arrays"><a:double>0</a:double><a:double>0</a:double><a:double>0</a:double></Value></Attribute><Attribute z:Id="i309"><AttributeType>rpy</AttributeType><IsRequired>true</IsRequired><Value i:type="a:ArrayOfdouble" xmlns:a="http://schemas.microsoft.com/2003/10/Serialization/Arrays"><a:double>0</a:double><a:double>0</a:double><a:double>0</a:double></Value></Attribute></Attributes><ChildElements/><ElementName>origin</ElementName><required>false</required><RPYAttribute z:Ref="i309"/><XYZAttribute z:Ref="i308"/><isCustomized>false</isCustomized></URDFElement><URDFElement z:Id="i310" i:type="ParentLink"><Attributes><Attribute z:Id="i311"><AttributeType>link</AttributeType><IsRequired>true</IsRequired><Value i:type="a:string" xmlns:a="http://www.w3.org/2001/XMLSchema"/></Attribute></Attributes><ChildElements/><ElementName>parent</ElementName><required>true</required><NameAttribute z:Ref="i311"/></URDFElement><URDFElement z:Id="i312" i:type="ChildLink"><Attributes><Attribute z:Id="i313"><AttributeType>link</AttributeType><IsRequired>true</IsRequired><Value i:type="a:string" xmlns:a="http://www.w3.org/2001/XMLSchema"/></Attribute></Attributes><ChildElements/><ElementName>child</ElementName><required>true</required><NameAttribute z:Ref="i313"/></URDFElement><URDFElement z:Id="i314" i:type="Axis"><Attributes><Attribute z:Id="i315"><AttributeType>xyz</AttributeType><IsRequired>true</IsRequired><Value i:type="a:ArrayOfdouble" xmlns:a="http://schemas.microsoft.com/2003/10/Serialization/Arrays"><a:double>0</a:double><a:double>0</a:double><a:double>0</a:double></Value></Attribute></Attributes><ChildElements/><ElementName>axis</ElementName><required>false</required><XYZAttribute z:Ref="i315"/></URDFElement><URDFElement z:Id="i316" i:type="Limit"><Attributes><Attribute z:Id="i317"><AttributeType>lower</AttributeType><IsRequired>false</IsRequired><Value i:nil="true"/></Attribute><Attribute z:Id="i318"><AttributeType>upper</AttributeType><IsRequired>false</IsRequired><Value i:nil="true"/></Attribute><Attribute z:Id="i319"><AttributeType>effort</AttributeType><IsRequired>true</IsRequired><Value i:nil="true"/></Attribute><Attribute z:Id="i320"><AttributeType>velocity</AttributeType><IsRequired>true</IsRequired><Value i:nil="true"/></Attribute></Attributes><ChildElements/><ElementName>limit</ElementName><required>false</required><EffortAttribute z:Ref="i319"/><LowerAttribute z:Ref="i317"/><UpperAttribute z:Ref="i318"/><VelocityAttribute z:Ref="i320"/></URDFElement><URDFElement z:Id="i321" i:type="Calibration"><Attributes><Attribute z:Id="i322"><AttributeType>rising</AttributeType><IsRequired>false</IsRequired><Value i:nil="true"/></Attribute><Attribute z:Id="i323"><AttributeType>falling</AttributeType><IsRequired>false</IsRequired><Value i:nil="true"/></Attribute></Attributes><ChildElements/><ElementName>calibration</ElementName><required>false</required><FallingAttribute z:Ref="i323"/><RisingAttribute z:Ref="i322"/></URDFElement><URDFElement z:Id="i324" i:type="Dynamics"><Attributes><Attribute z:Id="i325"><AttributeType>damping</AttributeType><IsRequired>false</IsRequired><Value i:nil="true"/></Attribute><Attribute z:Id="i326"><AttributeType>friction</AttributeType><IsRequired>false</IsRequired><Value i:nil="true"/></Attribute></Attributes><ChildElements/><ElementName>dynamics</ElementName><required>false</required><DampingAttribute z:Ref="i325"/><FrictionAttribute z:Ref="i326"/></URDFElement><URDFElement z:Id="i327" i:type="SafetyController"><Attributes><Attribute z:Id="i328"><AttributeType>soft_upper_limit</AttributeType><IsRequired>false</IsRequired><Value i:nil="true"/></Attribute><Attribute z:Id="i329"><AttributeType>soft_lower_limit</AttributeType><IsRequired>false</IsRequired><Value i:nil="true"/></Attribute><Attribute z:Id="i330"><AttributeType>k_position</AttributeType><IsRequired>false</IsRequired><Value i:nil="true"/></Attribute><Attribute z:Id="i331"><AttributeType>k_velocity</AttributeType><IsRequired>true</IsRequired><Value i:nil="true"/></Attribute></Attributes><ChildElements/><ElementName>safety_controller</ElementName><required>false</required><KPositionAttribute z:Ref="i330"/><KVelocityAttribute z:Ref="i331"/><SoftLowerAttribute z:Ref="i329"/><SoftUpperAttribute z:Ref="i328"/></URDFElement><URDFElement z:Id="i332" i:type="Mimic"><Attributes><Attribute z:Id="i333"><AttributeType>joint</AttributeType><IsRequired>true</IsRequired><Value i:nil="true"/></Attribute><Attribute z:Id="i334"><AttributeType>multiplier</AttributeType><IsRequired>false</IsRequired><Value i:nil="true"/></Attribute><Attribute z:Id="i335"><AttributeType>offset</AttributeType><IsRequired>false</IsRequired><Value i:nil="true"/></Attribute></Attributes><ChildElements/><ElementName>mimic</ElementName><required>false</required><JointNameAttribute z:Ref="i333"/><MultiplierAttribute z:Ref="i334"/><OffsetAttribute z:Ref="i335"/></URDFElement></ChildElements><ElementName>joint</ElementName><required>false</required><Axis z:Ref="i314"/><AxisName>Automatically Generate</AxisName><Calibration z:Ref="i321"/><Child z:Ref="i312"/><CoordinateSystemName>Koordinat Sistemi2</CoordinateSystemName><Dynamics z:Ref="i324"/><Limit z:Ref="i316"/><Mimic z:Ref="i332"/><NameAttribute z:Ref="i305"/><Origin z:Ref="i307"/><Parent z:Ref="i310"/><Safety z:Ref="i327"/><TypeAttribute z:Ref="i306"/></URDFElement></ChildElements><ElementName>link</ElementName><required>true</required><Children><Link z:Id="i336"><Attributes><Attribute z:Id="i337"><AttributeType>name</AttributeType><IsRequired>true</IsRequired><Value i:type="a:string" xmlns:a="http://www.w3.org/2001/XMLSchema">Sol On</Value></Attribute></Attributes><ChildElements><URDFElement z:Id="i338" i:type="Inertial"><Attributes/><ChildElements><URDFElement z:Id="i339" i:type="Origin"><Attributes><Attribute z:Id="i340"><AttributeType>xyz</AttributeType><IsRequired>true</IsRequired><Value i:type="a:ArrayOfdouble" xmlns:a="http://schemas.microsoft.com/2003/10/Serialization/Arrays"><a:double>0</a:double><a:double>0</a:double><a:double>0</a:double></Value></Attribute><Attribute z:Id="i341"><AttributeType>rpy</AttributeType><IsRequired>true</IsRequired><Value i:type="a:ArrayOfdouble" xmlns:a="http://schemas.microsoft.com/2003/10/Serialization/Arrays"><a:double>0</a:double><a:double>0</a:double><a:double>0</a:double></Value></Attribute></Attributes><ChildElements/><ElementName>origin</ElementName><required>false</required><RPYAttribute z:Ref="i341"/><XYZAttribute z:Ref="i340"/><isCustomized>false</isCustomized></URDFElement><URDFElement z:Id="i342" i:type="Mass"><Attributes><Attribute z:Id="i343"><AttributeType>value</AttributeType><IsRequired>true</IsRequired><Value i:type="a:double" xmlns:a="http://www.w3.org/2001/XMLSchema">0</Value></Attribute></Attributes><ChildElements/><ElementName>mass</ElementName><required>false</required><ValueAttribute z:Ref="i343"/></URDFElement><URDFElement z:Id="i344" i:type="Inertia"><Attributes><Attribute z:Id="i345"><AttributeType>ixx</AttributeType><IsRequired>true</IsRequired><Value i:type="a:double" xmlns:a="http://www.w3.org/2001/XMLSchema">0</Value></Attribute><Attribute z:Id="i346"><AttributeType>ixy</AttributeType><IsRequired>true</IsRequired><Value i:type="a:double" xmlns:a="http://www.w3.org/2001/XMLSchema">0</Value></Attribute><Attribute z:Id="i347"><AttributeType>ixz</AttributeType><IsRequired>true</IsRequired><Value i:type="a:double" xmlns:a="http://www.w3.org/2001/XMLSchema">0</Value></Attribute><Attribute z:Id="i348"><AttributeType>iyy</AttributeType><IsRequired>true</IsRequired><Value i:type="a:double" xmlns:a="http://www.w3.org/2001/XMLSchema">0</Value></Attribute><Attribute z:Id="i349"><AttributeType>iyz</AttributeType><IsRequired>true</IsRequired><Value i:type="a:double" xmlns:a="http://www.w3.org/2001/XMLSchema">0</Value></Attribute><Attribute z:Id="i350"><AttributeType>izz</AttributeType><IsRequired>true</IsRequired><Value i:type="a:double" xmlns:a="http://www.w3.org/2001/XMLSchema">0</Value></Attribute></Attributes><ChildElements/><ElementName>inertia</ElementName><required>false</required><IxxAttribute z:Ref="i345"/><IxyAttribute z:Ref="i346"/><IxzAttribute z:Ref="i347"/><IyyAttribute z:Ref="i348"/><IyzAttribute z:Ref="i349"/><IzzAttribute z:Ref="i350"/></URDFElement></ChildElements><ElementName>inertial</ElementName><required>false</required><Inertia z:Ref="i344"/><Mass z:Ref="i342"/><Origin z:Ref="i339"/></URDFElement><URDFElement z:Id="i351" i:type="Visual"><Attributes/><ChildElements><URDFElement z:Id="i352" i:type="Origin"><Attributes><Attribute z:Id="i353"><AttributeType>xyz</AttributeType><IsRequired>true</IsRequired><Value i:type="a:ArrayOfdouble" xmlns:a="http://schemas.microsoft.com/2003/10/Serialization/Arrays"><a:double>0</a:double><a:double>0</a:double><a:double>0</a:double></Value></Attribute><Attribute z:Id="i354"><AttributeType>rpy</AttributeType><IsRequired>true</IsRequired><Value i:type="a:ArrayOfdouble" xmlns:a="http://schemas.microsoft.com/2003/10/Serialization/Arrays"><a:double>0</a:double><a:double>0</a:double><a:double>0</a:double></Value></Attribute></Attributes><ChildElements/><ElementName>origin</ElementName><required>false</required><RPYAttribute z:Ref="i354"/><XYZAttribute z:Ref="i353"/><isCustomized>false</isCustomized></URDFElement><URDFElement z:Id="i355" i:type="Geometry"><Attributes/><ChildElements><URDFElement z:Id="i356" i:type="Mesh"><Attributes><Attribute z:Id="i357"><AttributeType>filename</AttributeType><IsRequired>true</IsRequired><Value i:nil="true"/></Attribute></Attributes><ChildElements/><ElementName>mesh</ElementName><required>false</required><FilenameAttribute z:Ref="i357"/></URDFElement></ChildElements><ElementName>geometry</ElementName><required>true</required><Mesh z:Ref="i356"/></URDFElement><URDFElement z:Id="i358" i:type="Material"><Attributes><Attribute z:Id="i359"><AttributeType>name</AttributeType><IsRequired>true</IsRequired><Value i:type="a:string" xmlns:a="http://www.w3.org/2001/XMLSchema"/></Attribute></Attributes><ChildElements><URDFElement z:Id="i360" i:type="Color"><Attributes><Attribute z:Id="i361"><AttributeType>rgba</AttributeType><IsRequired>true</IsRequired><Value i:type="a:ArrayOfdouble" xmlns:a="http://schemas.microsoft.com/2003/10/Serialization/Arrays"><a:double>1</a:double><a:double>1</a:double><a:double>1</a:double><a:double>1</a:double></Value></Attribute></Attributes><ChildElements/><ElementName>color</ElementName><required>false</required><RGBAAttribute z:Ref="i361"/></URDFElement><URDFElement z:Id="i362" i:type="Texture"><Attributes><Attribute z:Id="i363"><AttributeType>filename</AttributeType><IsRequired>true</IsRequired><Value i:nil="true"/></Attribute></Attributes><ChildElements/><ElementName>texture</ElementName><required>false</required><FilenameAttribute z:Ref="i363"/><wFilename/></URDFElement></ChildElements><ElementName>material</ElementName><required>false</required><Color z:Ref="i360"/><NameAttribute z:Ref="i359"/><Texture z:Ref="i362"/></URDFElement></ChildElements><ElementName>visual</ElementName><required>false</required><Geometry z:Ref="i355"/><Material z:Ref="i358"/><Origin z:Ref="i352"/></URDFElement><URDFElement z:Id="i364" i:type="Collision"><Attributes/><ChildElements><URDFElement z:Id="i365" i:type="Origin"><Attributes><Attribute z:Id="i366"><AttributeType>xyz</AttributeType><IsRequired>true</IsRequired><Value i:type="a:ArrayOfdouble" xmlns:a="http://schemas.microsoft.com/2003/10/Serialization/Arrays"><a:double>0</a:double><a:double>0</a:double><a:double>0</a:double></Value></Attribute><Attribute z:Id="i367"><AttributeType>rpy</AttributeType><IsRequired>true</IsRequired><Value i:type="a:ArrayOfdouble" xmlns:a="http://schemas.microsoft.com/2003/10/Serialization/Arrays"><a:double>0</a:double><a:double>0</a:double><a:double>0</a:double></Value></Attribute></Attributes><ChildElements/><ElementName>origin</ElementName><required>false</required><RPYAttribute z:Ref="i367"/><XYZAttribute z:Ref="i366"/><isCustomized>false</isCustomized></URDFElement><URDFElement z:Id="i368" i:type="Geometry"><Attributes/><ChildElements><URDFElement z:Id="i369" i:type="Mesh"><Attributes><Attribute z:Id="i370"><AttributeType>filename</AttributeType><IsRequired>true</IsRequired><Value i:nil="true"/></Attribute></Attributes><ChildElements/><ElementName>mesh</ElementName><required>false</required><FilenameAttribute z:Ref="i370"/></URDFElement></ChildElements><ElementName>geometry</ElementName><required>true</required><Mesh z:Ref="i369"/></URDFElement></ChildElements><ElementName>collision</ElementName><required>false</required><Geometry z:Ref="i368"/><Origin z:Ref="i365"/></URDFElement><URDFElement z:Id="i371" i:type="Joint"><Attributes><Attribute z:Id="i372"><AttributeType>name</AttributeType><IsRequired>true</IsRequired><Value i:type="a:string" xmlns:a="http://www.w3.org/2001/XMLSchema">Sol On </Value></Attribute><Attribute z:Id="i373"><AttributeType>type</AttributeType><IsRequired>true</IsRequired><Value i:type="a:string" xmlns:a="http://www.w3.org/2001/XMLSchema">continuous</Value></Attribute></Attributes><ChildElements><URDFElement z:Id="i374" i:type="Origin"><Attributes><Attribute z:Id="i375"><AttributeType>xyz</AttributeType><IsRequired>true</IsRequired><Value i:type="a:ArrayOfdouble" xmlns:a="http://schemas.microsoft.com/2003/10/Serialization/Arrays"><a:double>0</a:double><a:double>0</a:double><a:double>0</a:double></Value></Attribute><Attribute z:Id="i376"><AttributeType>rpy</AttributeType><IsRequired>true</IsRequired><Value i:type="a:ArrayOfdouble" xmlns:a="http://schemas.microsoft.com/2003/10/Serialization/Arrays"><a:double>0</a:double><a:double>0</a:double><a:double>0</a:double></Value></Attribute></Attributes><ChildElements/><ElementName>origin</ElementName><required>false</required><RPYAttribute z:Ref="i376"/><XYZAttribute z:Ref="i375"/><isCustomized>false</isCustomized></URDFElement><URDFElement z:Id="i377" i:type="ParentLink"><Attributes><Attribute z:Id="i378"><AttributeType>link</AttributeType><IsRequired>true</IsRequired><Value i:type="a:string" xmlns:a="http://www.w3.org/2001/XMLSchema"/></Attribute></Attributes><ChildElements/><ElementName>parent</ElementName><required>true</required><NameAttribute z:Ref="i378"/></URDFElement><URDFElement z:Id="i379" i:type="ChildLink"><Attributes><Attribute z:Id="i380"><AttributeType>link</AttributeType><IsRequired>true</IsRequired><Value i:type="a:string" xmlns:a="http://www.w3.org/2001/XMLSchema"/></Attribute></Attributes><ChildElements/><ElementName>child</ElementName><required>true</required><NameAttribute z:Ref="i380"/></URDFElement><URDFElement z:Id="i381" i:type="Axis"><Attributes><Attribute z:Id="i382"><AttributeType>xyz</AttributeType><IsRequired>true</IsRequired><Value i:type="a:ArrayOfdouble" xmlns:a="http://schemas.microsoft.com/2003/10/Serialization/Arrays"><a:double>0</a:double><a:double>0</a:double><a:double>0</a:double></Value></Attribute></Attributes><ChildElements/><ElementName>axis</ElementName><required>false</required><XYZAttribute z:Ref="i382"/></URDFElement><URDFElement z:Id="i383" i:type="Limit"><Attributes><Attribute z:Id="i384"><AttributeType>lower</AttributeType><IsRequired>false</IsRequired><Value i:nil="true"/></Attribute><Attribute z:Id="i385"><AttributeType>upper</AttributeType><IsRequired>false</IsRequired><Value i:nil="true"/></Attribute><Attribute z:Id="i386"><AttributeType>effort</AttributeType><IsRequired>true</IsRequired><Value i:nil="true"/></Attribute><Attribute z:Id="i387"><AttributeType>velocity</AttributeType><IsRequired>true</IsRequired><Value i:nil="true"/></Attribute></Attributes><ChildElements/><ElementName>limit</ElementName><required>false</required><EffortAttribute z:Ref="i386"/><LowerAttribute z:Ref="i384"/><UpperAttribute z:Ref="i385"/><VelocityAttribute z:Ref="i387"/></URDFElement><URDFElement z:Id="i388" i:type="Calibration"><Attributes><Attribute z:Id="i389"><AttributeType>rising</AttributeType><IsRequired>false</IsRequired><Value i:nil="true"/></Attribute><Attribute z:Id="i390"><AttributeType>falling</AttributeType><IsRequired>false</IsRequired><Value i:nil="true"/></Attribute></Attributes><ChildElements/><ElementName>calibration</ElementName><required>false</required><FallingAttribute z:Ref="i390"/><RisingAttribute z:Ref="i389"/></URDFElement><URDFElement z:Id="i391" i:type="Dynamics"><Attributes><Attribute z:Id="i392"><AttributeType>damping</AttributeType><IsRequired>false</IsRequired><Value i:nil="true"/></Attribute><Attribute z:Id="i393"><AttributeType>friction</AttributeType><IsRequired>false</IsRequired><Value i:nil="true"/></Attribute></Attributes><ChildElements/><ElementName>dynamics</ElementName><required>false</required><DampingAttribute z:Ref="i392"/><FrictionAttribute z:Ref="i393"/></URDFElement><URDFElement z:Id="i394" i:type="SafetyController"><Attributes><Attribute z:Id="i395"><AttributeType>soft_upper_limit</AttributeType><IsRequired>false</IsRequired><Value i:nil="true"/></Attribute><Attribute z:Id="i396"><AttributeType>soft_lower_limit</AttributeType><IsRequired>false</IsRequired><Value i:nil="true"/></Attribute><Attribute z:Id="i397"><AttributeType>k_position</AttributeType><IsRequired>false</IsRequired><Value i:nil="true"/></Attribute><Attribute z:Id="i398"><AttributeType>k_velocity</AttributeType><IsRequired>true</IsRequired><Value i:nil="true"/></Attribute></Attributes><ChildElements/><ElementName>safety_controller</ElementName><required>false</required><KPositionAttribute z:Ref="i397"/><KVelocityAttribute z:Ref="i398"/><SoftLowerAttribute z:Ref="i396"/><SoftUpperAttribute z:Ref="i395"/></URDFElement><URDFElement z:Id="i399" i:type="Mimic"><Attributes><Attribute z:Id="i400"><AttributeType>joint</AttributeType><IsRequired>true</IsRequired><Value i:nil="true"/></Attribute><Attribute z:Id="i401"><AttributeType>multiplier</AttributeType><IsRequired>false</IsRequired><Value i:nil="true"/></Attribute><Attribute z:Id="i402"><AttributeType>offset</AttributeType><IsRequired>false</IsRequired><Value i:nil="true"/></Attribute></Attributes><ChildElements/><ElementName>mimic</ElementName><required>false</required><JointNameAttribute z:Ref="i400"/><MultiplierAttribute z:Ref="i401"/><OffsetAttribute z:Ref="i402"/></URDFElement></ChildElements><ElementName>joint</ElementName><required>false</required><Axis z:Ref="i381"/><AxisName>Eksen5</AxisName><Calibration z:Ref="i388"/><Child z:Ref="i379"/><CoordinateSystemName>Koordinat Sistemi6</CoordinateSystemName><Dynamics z:Ref="i391"/><Limit z:Ref="i383"/><Mimic z:Ref="i399"/><NameAttribute z:Ref="i372"/><Origin z:Ref="i374"/><Parent z:Ref="i377"/><Safety z:Ref="i394"/><TypeAttribute z:Ref="i373"/></URDFElement></ChildElements><ElementName>link</ElementName><required>true</required><Children/><Collision z:Ref="i364"/><Inertial z:Ref="i338"/><Joint z:Ref="i371"/><NameAttribute z:Ref="i337"/><Parent z:Ref="i269"/><STLQualityFine>false</STLQualityFine><SWComponentPIDs xmlns:a="http://schemas.microsoft.com/2003/10/Serialization/Arrays"><a:base64Binary>gD4AAAUAAAD//v8hdABlAGsAZQByAGwAZQBrACAAKAAyACkALQAzAEAAZwD2AHYAZABlACAAVQByAGQAZgAgAE0AbwBuAHQAYQBqADEBBAAAABAAAAABAAAAAQAAAMEAAAA=</a:base64Binary></SWComponentPIDs><SWMainComponentPID i:nil="true"/><Visual z:Ref="i351"/><isFixedFrame>false</isFixedFrame><isIncomplete>false</isIncomplete></Link><Link z:Id="i403"><Attributes><Attribute z:Id="i404"><AttributeType>name</AttributeType><IsRequired>true</IsRequired><Value i:type="a:string" xmlns:a="http://www.w3.org/2001/XMLSchema">Sol Arka</Value></Attribute></Attributes><ChildElements><URDFElement z:Id="i405" i:type="Inertial"><Attributes/><ChildElements><URDFElement z:Id="i406" i:type="Origin"><Attributes><Attribute z:Id="i407"><AttributeType>xyz</AttributeType><IsRequired>true</IsRequired><Value i:type="a:ArrayOfdouble" xmlns:a="http://schemas.microsoft.com/2003/10/Serialization/Arrays"><a:double>0</a:double><a:double>0</a:double><a:double>0</a:double></Value></Attribute><Attribute z:Id="i408"><AttributeType>rpy</AttributeType><IsRequired>true</IsRequired><Value i:type="a:ArrayOfdouble" xmlns:a="http://schemas.microsoft.com/2003/10/Serialization/Arrays"><a:double>0</a:double><a:double>0</a:double><a:double>0</a:double></Value></Attribute></Attributes><ChildElements/><ElementName>origin</ElementName><required>false</required><RPYAttribute z:Ref="i408"/><XYZAttribute z:Ref="i407"/><isCustomized>false</isCustomized></URDFElement><URDFElement z:Id="i409" i:type="Mass"><Attributes><Attribute z:Id="i410"><AttributeType>value</AttributeType><IsRequired>true</IsRequired><Value i:type="a:double" xmlns:a="http://www.w3.org/2001/XMLSchema">0</Value></Attribute></Attributes><ChildElements/><ElementName>mass</ElementName><required>false</required><ValueAttribute z:Ref="i410"/></URDFElement><URDFElement z:Id="i411" i:type="Inertia"><Attributes><Attribute z:Id="i412"><AttributeType>ixx</AttributeType><IsRequired>true</IsRequired><Value i:type="a:double" xmlns:a="http://www.w3.org/2001/XMLSchema">0</Value></Attribute><Attribute z:Id="i413"><AttributeType>ixy</AttributeType><IsRequired>true</IsRequired><Value i:type="a:double" xmlns:a="http://www.w3.org/2001/XMLSchema">0</Value></Attribute><Attribute z:Id="i414"><AttributeType>ixz</AttributeType><IsRequired>true</IsRequired><Value i:type="a:double" xmlns:a="http://www.w3.org/2001/XMLSchema">0</Value></Attribute><Attribute z:Id="i415"><AttributeType>iyy</AttributeType><IsRequired>true</IsRequired><Value i:type="a:double" xmlns:a="http://www.w3.org/2001/XMLSchema">0</Value></Attribute><Attribute z:Id="i416"><AttributeType>iyz</AttributeType><IsRequired>true</IsRequired><Value i:type="a:double" xmlns:a="http://www.w3.org/2001/XMLSchema">0</Value></Attribute><Attribute z:Id="i417"><AttributeType>izz</AttributeType><IsRequired>true</IsRequired><Value i:type="a:double" xmlns:a="http://www.w3.org/2001/XMLSchema">0</Value></Attribute></Attributes><ChildElements/><ElementName>inertia</ElementName><required>false</required><IxxAttribute z:Ref="i412"/><IxyAttribute z:Ref="i413"/><IxzAttribute z:Ref="i414"/><IyyAttribute z:Ref="i415"/><IyzAttribute z:Ref="i416"/><IzzAttribute z:Ref="i417"/></URDFElement></ChildElements><ElementName>inertial</ElementName><required>false</required><Inertia z:Ref="i411"/><Mass z:Ref="i409"/><Origin z:Ref="i406"/></URDFElement><URDFElement z:Id="i418" i:type="Visual"><Attributes/><ChildElements><URDFElement z:Id="i419" i:type="Origin"><Attributes><Attribute z:Id="i420"><AttributeType>xyz</AttributeType><IsRequired>true</IsRequired><Value i:type="a:ArrayOfdouble" xmlns:a="http://schemas.microsoft.com/2003/10/Serialization/Arrays"><a:double>0</a:double><a:double>0</a:double><a:double>0</a:double></Value></Attribute><Attribute z:Id="i421"><AttributeType>rpy</AttributeType><IsRequired>true</IsRequired><Value i:type="a:ArrayOfdouble" xmlns:a="http://schemas.microsoft.com/2003/10/Serialization/Arrays"><a:double>0</a:double><a:double>0</a:double><a:double>0</a:double></Value></Attribute></Attributes><ChildElements/><ElementName>origin</ElementName><required>false</required><RPYAttribute z:Ref="i421"/><XYZAttribute z:Ref="i420"/><isCustomized>false</isCustomized></URDFElement><URDFElement z:Id="i422" i:type="Geometry"><Attributes/><ChildElements><URDFElement z:Id="i423" i:type="Mesh"><Attributes><Attribute z:Id="i424"><AttributeType>filename</AttributeType><IsRequired>true</IsRequired><Value i:nil="true"/></Attribute></Attributes><ChildElements/><ElementName>mesh</ElementName><required>false</required><FilenameAttribute z:Ref="i424"/></URDFElement></ChildElements><ElementName>geometry</ElementName><required>true</required><Mesh z:Ref="i423"/></URDFElement><URDFElement z:Id="i425" i:type="Material"><Attributes><Attribute z:Id="i426"><AttributeType>name</AttributeType><IsRequired>true</IsRequired><Value i:type="a:string" xmlns:a="http://www.w3.org/2001/XMLSchema"/></Attribute></Attributes><ChildElements><URDFElement z:Id="i427" i:type="Color"><Attributes><Attribute z:Id="i428"><AttributeType>rgba</AttributeType><IsRequired>true</IsRequired><Value i:type="a:ArrayOfdouble" xmlns:a="http://schemas.microsoft.com/2003/10/Serialization/Arrays"><a:double>1</a:double><a:double>1</a:double><a:double>1</a:double><a:double>1</a:double></Value></Attribute></Attributes><ChildElements/><ElementName>color</ElementName><required>false</required><RGBAAttribute z:Ref="i428"/></URDFElement><URDFElement z:Id="i429" i:type="Texture"><Attributes><Attribute z:Id="i430"><AttributeType>filename</AttributeType><IsRequired>true</IsRequired><Value i:nil="true"/></Attribute></Attributes><ChildElements/><ElementName>texture</ElementName><required>false</required><FilenameAttribute z:Ref="i430"/><wFilename/></URDFElement></ChildElements><ElementName>material</ElementName><required>false</required><Color z:Ref="i427"/><NameAttribute z:Ref="i426"/><Texture z:Ref="i429"/></URDFElement></ChildElements><ElementName>visual</ElementName><required>false</required><Geometry z:Ref="i422"/><Material z:Ref="i425"/><Origin z:Ref="i419"/></URDFElement><URDFElement z:Id="i431" i:type="Collision"><Attributes/><ChildElements><URDFElement z:Id="i432" i:type="Origin"><Attributes><Attribute z:Id="i433"><AttributeType>xyz</AttributeType><IsRequired>true</IsRequired><Value i:type="a:ArrayOfdouble" xmlns:a="http://schemas.microsoft.com/2003/10/Serialization/Arrays"><a:double>0</a:double><a:double>0</a:double><a:double>0</a:double></Value></Attribute><Attribute z:Id="i434"><AttributeType>rpy</AttributeType><IsRequired>true</IsRequired><Value i:type="a:ArrayOfdouble" xmlns:a="http://schemas.microsoft.com/2003/10/Serialization/Arrays"><a:double>0</a:double><a:double>0</a:double><a:double>0</a:double></Value></Attribute></Attributes><ChildElements/><ElementName>origin</ElementName><required>false</required><RPYAttribute z:Ref="i434"/><XYZAttribute z:Ref="i433"/><isCustomized>false</isCustomized></URDFElement><URDFElement z:Id="i435" i:type="Geometry"><Attributes/><ChildElements><URDFElement z:Id="i436" i:type="Mesh"><Attributes><Attribute z:Id="i437"><AttributeType>filename</AttributeType><IsRequired>true</IsRequired><Value i:nil="true"/></Attribute></Attributes><ChildElements/><ElementName>mesh</ElementName><required>false</required><FilenameAttribute z:Ref="i437"/></URDFElement></ChildElements><ElementName>geometry</ElementName><required>true</required><Mesh z:Ref="i436"/></URDFElement></ChildElements><ElementName>collision</ElementName><required>false</required><Geometry z:Ref="i435"/><Origin z:Ref="i432"/></URDFElement><URDFElement z:Id="i438" i:type="Joint"><Attributes><Attribute z:Id="i439"><AttributeType>name</AttributeType><IsRequired>true</IsRequired><Value i:type="a:string" xmlns:a="http://www.w3.org/2001/XMLSchema">Sol Arka</Value></Attribute><Attribute z:Id="i440"><AttributeType>type</AttributeType><IsRequired>true</IsRequired><Value i:type="a:string" xmlns:a="http://www.w3.org/2001/XMLSchema">continuous</Value></Attribute></Attributes><ChildElements><URDFElement z:Id="i441" i:type="Origin"><Attributes><Attribute z:Id="i442"><AttributeType>xyz</AttributeType><IsRequired>true</IsRequired><Value i:type="a:ArrayOfdouble" xmlns:a="http://schemas.microsoft.com/2003/10/Serialization/Arrays"><a:double>0</a:double><a:double>0</a:double><a:double>0</a:double></Value></Attribute><Attribute z:Id="i443"><AttributeType>rpy</AttributeType><IsRequired>true</IsRequired><Value i:type="a:ArrayOfdouble" xmlns:a="http://schemas.microsoft.com/2003/10/Serialization/Arrays"><a:double>0</a:double><a:double>0</a:double><a:double>0</a:double></Value></Attribute></Attributes><ChildElements/><ElementName>origin</ElementName><required>false</required><RPYAttribute z:Ref="i443"/><XYZAttribute z:Ref="i442"/><isCustomized>false</isCustomized></URDFElement><URDFElement z:Id="i444" i:type="ParentLink"><Attributes><Attribute z:Id="i445"><AttributeType>link</AttributeType><IsRequired>true</IsRequired><Value i:type="a:string" xmlns:a="http://www.w3.org/2001/XMLSchema"/></Attribute></Attributes><ChildElements/><ElementName>parent</ElementName><required>true</required><NameAttribute z:Ref="i445"/></URDFElement><URDFElement z:Id="i446" i:type="ChildLink"><Attributes><Attribute z:Id="i447"><AttributeType>link</AttributeType><IsRequired>true</IsRequired><Value i:type="a:string" xmlns:a="http://www.w3.org/2001/XMLSchema"/></Attribute></Attributes><ChildElements/><ElementName>child</ElementName><required>true</required><NameAttribute z:Ref="i447"/></URDFElement><URDFElement z:Id="i448" i:type="Axis"><Attributes><Attribute z:Id="i449"><AttributeType>xyz</AttributeType><IsRequired>true</IsRequired><Value i:type="a:ArrayOfdouble" xmlns:a="http://schemas.microsoft.com/2003/10/Serialization/Arrays"><a:double>0</a:double><a:double>0</a:double><a:double>0</a:double></Value></Attribute></Attributes><ChildElements/><ElementName>axis</ElementName><required>false</required><XYZAttribute z:Ref="i449"/></URDFElement><URDFElement z:Id="i450" i:type="Limit"><Attributes><Attribute z:Id="i451"><AttributeType>lower</AttributeType><IsRequired>false</IsRequired><Value i:nil="true"/></Attribute><Attribute z:Id="i452"><AttributeType>upper</AttributeType><IsRequired>false</IsRequired><Value i:nil="true"/></Attribute><Attribute z:Id="i453"><AttributeType>effort</AttributeType><IsRequired>true</IsRequired><Value i:nil="true"/></Attribute><Attribute z:Id="i454"><AttributeType>velocity</AttributeType><IsRequired>true</IsRequired><Value i:nil="true"/></Attribute></Attributes><ChildElements/><ElementName>limit</ElementName><required>false</required><EffortAttribute z:Ref="i453"/><LowerAttribute z:Ref="i451"/><UpperAttribute z:Ref="i452"/><VelocityAttribute z:Ref="i454"/></URDFElement><URDFElement z:Id="i455" i:type="Calibration"><Attributes><Attribute z:Id="i456"><AttributeType>rising</AttributeType><IsRequired>false</IsRequired><Value i:nil="true"/></Attribute><Attribute z:Id="i457"><AttributeType>falling</AttributeType><IsRequired>false</IsRequired><Value i:nil="true"/></Attribute></Attributes><ChildElements/><ElementName>calibration</ElementName><required>false</required><FallingAttribute z:Ref="i457"/><RisingAttribute z:Ref="i456"/></URDFElement><URDFElement z:Id="i458" i:type="Dynamics"><Attributes><Attribute z:Id="i459"><AttributeType>damping</AttributeType><IsRequired>false</IsRequired><Value i:nil="true"/></Attribute><Attribute z:Id="i460"><AttributeType>friction</AttributeType><IsRequired>false</IsRequired><Value i:nil="true"/></Attribute></Attributes><ChildElements/><ElementName>dynamics</ElementName><required>false</required><DampingAttribute z:Ref="i459"/><FrictionAttribute z:Ref="i460"/></URDFElement><URDFElement z:Id="i461" i:type="SafetyController"><Attributes><Attribute z:Id="i462"><AttributeType>soft_upper_limit</AttributeType><IsRequired>false</IsRequired><Value i:nil="true"/></Attribute><Attribute z:Id="i463"><AttributeType>soft_lower_limit</AttributeType><IsRequired>false</IsRequired><Value i:nil="true"/></Attribute><Attribute z:Id="i464"><AttributeType>k_position</AttributeType><IsRequired>false</IsRequired><Value i:nil="true"/></Attribute><Attribute z:Id="i465"><AttributeType>k_velocity</AttributeType><IsRequired>true</IsRequired><Value i:nil="true"/></Attribute></Attributes><ChildElements/><ElementName>safety_controller</ElementName><required>false</required><KPositionAttribute z:Ref="i464"/><KVelocityAttribute z:Ref="i465"/><SoftLowerAttribute z:Ref="i463"/><SoftUpperAttribute z:Ref="i462"/></URDFElement><URDFElement z:Id="i466" i:type="Mimic"><Attributes><Attribute z:Id="i467"><AttributeType>joint</AttributeType><IsRequired>true</IsRequired><Value i:nil="true"/></Attribute><Attribute z:Id="i468"><AttributeType>multiplier</AttributeType><IsRequired>false</IsRequired><Value i:nil="true"/></Attribute><Attribute z:Id="i469"><AttributeType>offset</AttributeType><IsRequired>false</IsRequired><Value i:nil="true"/></Attribute></Attributes><ChildElements/><ElementName>mimic</ElementName><required>false</required><JointNameAttribute z:Ref="i467"/><MultiplierAttribute z:Ref="i468"/><OffsetAttribute z:Ref="i469"/></URDFElement></ChildElements><ElementName>joint</ElementName><required>false</required><Axis z:Ref="i448"/><AxisName>Eksen3</AxisName><Calibration z:Ref="i455"/><Child z:Ref="i446"/><CoordinateSystemName>Koordinat Sistemi3</CoordinateSystemName><Dynamics z:Ref="i458"/><Limit z:Ref="i450"/><Mimic z:Ref="i466"/><NameAttribute z:Ref="i439"/><Origin z:Ref="i441"/><Parent z:Ref="i444"/><Safety z:Ref="i461"/><TypeAttribute z:Ref="i440"/></URDFElement></ChildElements><ElementName>link</ElementName><required>true</required><Children/><Collision z:Ref="i431"/><Inertial z:Ref="i405"/><Joint z:Ref="i438"/><NameAttribute z:Ref="i404"/><Parent z:Ref="i269"/><STLQualityFine>false</STLQualityFine><SWComponentPIDs xmlns:a="http://schemas.microsoft.com/2003/10/Serialization/Arrays"><a:base64Binary>gD4AAAUAAAD//v8hdABlAGsAZQByAGwAZQBrACAAKAAyACkALQAyAEAAZwD2AHYAZABlACAAVQByAGQAZgAgAE0AbwBuAHQAYQBqADEBBAAAABAAAAABAAAAAQAAAMAAAAA=</a:base64Binary></SWComponentPIDs><SWMainComponentPID i:nil="true"/><Visual z:Ref="i418"/><isFixedFrame>false</isFixedFrame><isIncomplete>false</isIncomplete></Link></Children><Collision z:Ref="i297"/><Inertial z:Ref="i271"/><Joint z:Ref="i304"/><NameAttribute z:Ref="i270"/><Parent z:Ref="i1"/><STLQualityFine>false</STLQualityFine><SWComponentPIDs xmlns:a="http://schemas.microsoft.com/2003/10/Serialization/Arrays"><a:base64Binary>gD4AAAUAAAD//v9uXwFpAG0AZABpAGwAaQBrACAAbQBvAG4AdABhAGoAIABnAPYAdgBkAGUAIABkADEBXwEuAHMAdABlAHAALQAxAEAAZwD2AHYAZABlACAAVQByAGQAZgAgAE0AbwBuAHQAYQBqADEBLwBiAGEAHwFsAGEAbgB0ADEBIABwAGEAcgBfAFgAXwBFADcAYQBzADEBLgBzAHQAZQBwAC0AMQBAAF8BaQBtAGQAaQBsAGkAawAgAG0AbwBuAHQAYQBqACAAZwD2AHYAZABlACAAZAAxAV8BLgBzAHQAZQBwAAQAAAAQAAAAAQAAAAIAAABvAAAAGQAAAA==</a:base64Binary><a:base64Binary>gD4AAAUAAAD//v8lTQBvAG4AdABhAGoANgAgACgAMQApAC4AcwB0AGUAcAAtADMAQABnAPYAdgBkAGUAIABVAHIAZABmACAATQBvAG4AdABhAGoAMQEEAAAAEAAAAAEAAAABAAAAtAAAAA==</a:base64Binary><a:base64Binary>gD4AAAUAAAD//v8lTQBvAG4AdABhAGoANgAgACgAMQApAC4AcwB0AGUAcAAtADQAQABnAPYAdgBkAGUAIABVAHIAZABmACAATQBvAG4AdABhAGoAMQEEAAAAEAAAAAEAAAABAAAAtQAAAA==</a:base64Binary><a:base64Binary>gD4AAAUAAAD//v9uXwFpAG0AZABpAGwAaQBrACAAbQBvAG4AdABhAGoAIABnAPYAdgBkAGUAIABkADEBXwEuAHMAdABlAHAALQAyAEAAZwD2AHYAZABlACAAVQByAGQAZgAgAE0AbwBuAHQAYQBqADEBLwBiAGEAHwFsAGEAbgB0ADEBIABwAGEAcgBfAFgAXwBFADcAYQBzADEBLgBzAHQAZQBwAC0AMQBAAF8BaQBtAGQAaQBsAGkAawAgAG0AbwBuAHQAYQBqACAAZwD2AHYAZABlACAAZAAxAV8BLgBzAHQAZQBwAAQAAAAQAAAAAQAAAAIAAAB+AAAAGQAAAA==</a:base64Binary><a:base64Binary>gD4AAAUAAAD//v9oXwFpAG0AZABpAGwAaQBrACAAbQBvAG4AdABhAGoAIABnAPYAdgBkAGUAIABkADEBXwEuAHMAdABlAHAALQAyAEAAZwD2AHYAZABlACAAVQByAGQAZgAgAE0AbwBuAHQAYQBqADEBLwBTAEsARgBfAEYAWQBUAEIAIAAyADAAIABUAEYALgBzAHQAZQBwAC0AMQBAAF8BaQBtAGQAaQBsAGkAawAgAG0AbwBuAHQAYQBqACAAZwD2AHYAZABlACAAZAAxAV8BLgBzAHQAZQBwAAQAAAAQAAAAAQAAAAIAAAB+AAAAGAAAAA==</a:base64Binary><a:base64Binary>gD4AAAUAAAD//v8zXwFpAG0AZABpAGwAaQBrACAAbQBvAG4AdABhAGoAIABnAPYAdgBkAGUAIABkADEBXwEuAHMAdABlAHAALQAyAEAAZwD2AHYAZABlACAAVQByAGQAZgAgAE0AbwBuAHQAYQBqADEBBAAAABAAAAABAAAAAQAAAH4AAAA=</a:base64Binary><a:base64Binary>gD4AAAUAAAD//v8oMwAwACAAeAAgADMAMAAgAHAAcgBvAGYAaQBsAC4AcwB0AGUAcAAtADIAQABnAPYAdgBkAGUAIABVAHIAZABmACAATQBvAG4AdABhAGoAMQEEAAAAEAAAAAEAAAABAAAAcQAAAA==</a:base64Binary><a:base64Binary>gD4AAAUAAAD//v8oMwAwACAAeAAgADMAMAAgAHAAcgBvAGYAaQBsAC4AcwB0AGUAcAAtADEAQABnAPYAdgBkAGUAIABVAHIAZABmACAATQBvAG4AdABhAGoAMQEEAAAAEAAAAAEAAAABAAAAcAAAAA==</a:base64Binary><a:base64Binary>gD4AAAUAAAD//v8zXwFpAG0AZABpAGwAaQBrACAAbQBvAG4AdABhAGoAIABnAPYAdgBkAGUAIABkADEBXwEuAHMAdABlAHAALQAxAEAAZwD2AHYAZABlACAAVQByAGQAZgAgAE0AbwBuAHQAYQBqADEBBAAAABAAAAABAAAAAQAAAG8AAAA=</a:base64Binary></SWComponentPIDs><SWMainComponentPID i:nil="true"/><Visual z:Ref="i284"/><isFixedFrame>false</isFixedFrame><isIncomplete>false</isIncomplete></Link></Children><Collision z:Ref="i29"/><Inertial z:Ref="i3"/><Joint z:Ref="i36"/><NameAttribute z:Ref="i2"/><Parent i:nil="true"/><STLQualityFine>false</STLQualityFine><SWComponentPIDs xmlns:a="http://schemas.microsoft.com/2003/10/Serialization/Arrays"><a:base64Binary>gD4AAAUAAAD//v8aaABhAHoAbgBlAC0AMQBAAGcA9gB2AGQAZQAgAFUAcgBkAGYAIABNAG8AbgB0AGEAagAxAQQAAAAQAAAAAQAAAAEAAAAYAAAA</a:base64Binary></SWComponentPIDs><SWMainComponentPID i:nil="true"/><Visual z:Ref="i16"/><isFixedFrame>false</isFixedFrame><isIncomplete>false</isIncomplete></Link>
2026-01-23 01:01:15,637 INFO  ExportHelperExtension.cs: 347 - Creating joint Sag suspansiyon merkezi
2026-01-23 01:01:15,899 WARN  ExportHelperExtension.cs: 351 - Creating joint from parent base_link to child Sag suspansiyon merkezi failed
2026-01-23 01:01:16,863 INFO  ExportHelperExtension.cs: 347 - Creating joint Sag On
2026-01-23 01:01:17,037 WARN  ExportHelperExtension.cs: 351 - Creating joint from parent Sag suspansiyon merkezi to child Sag On failed
2026-01-23 01:01:17,138 INFO  ExportHelperExtension.cs: 347 - Creating joint Sag Arka
2026-01-23 01:01:17,313 WARN  ExportHelperExtension.cs: 351 - Creating joint from parent Sag suspansiyon merkezi to child Sag Arka failed
2026-01-23 01:01:17,417 INFO  ExportHelperExtension.cs: 347 - Creating joint Sol Suspensiyon merkezi
2026-01-23 01:01:17,417 INFO  ExportHelperExtension.cs: 1397 - Fixing components for base_link
2026-01-23 01:01:17,417 INFO  ExportHelperExtension.cs: 1402 - Fixing 24
2026-01-23 01:01:17,417 INFO  ExportHelperExtension.cs: 1409 - Component 24 is already fixed
2026-01-23 01:01:17,849 INFO  ExportHelperExtension.cs: 828 - R1: 1, System.__ComObject, 1, System.Double[]
2026-01-23 01:01:17,849 INFO  ExportHelperExtension.cs: 841 - R2: 0, 0
2026-01-23 01:01:17,849 INFO  ExportHelperExtension.cs: 849 - L1: 0
2026-01-23 01:01:17,849 INFO  ExportHelperExtension.cs: 857 - L2: 0
2026-01-23 01:01:19,677 WARN  ExportHelperExtension.cs: 351 - Creating joint from parent base_link to child Sol Suspensiyon merkezi failed
2026-01-23 01:01:20,698 INFO  ExportHelperExtension.cs: 347 - Creating joint Sol On
2026-01-23 01:01:20,867 WARN  ExportHelperExtension.cs: 351 - Creating joint from parent Sol Suspensiyon merkezi to child Sol On failed
2026-01-23 01:01:20,969 INFO  ExportHelperExtension.cs: 347 - Creating joint Sol Arka
2026-01-23 01:01:21,131 WARN  ExportHelperExtension.cs: 351 - Creating joint from parent Sol Suspensiyon merkezi to child Sol Arka failed
2026-01-23 01:01:21,281 INFO  ExportHelperExtension.cs: 1125 - Retrieving features of type [CoordSys] from gövde Urdf Montajý
2026-01-23 01:01:21,281 INFO  ExportHelperExtension.cs: 1136 - Found 115 in gövde Urdf Montajý
2026-01-23 01:01:21,281 INFO  ExportHelperExtension.cs: 1145 - Found 7 features of type [CoordSys] in gövde Urdf Montajý
2026-01-23 01:01:21,281 INFO  ExportHelperExtension.cs: 1148 - Proceeding through assembly components
2026-01-23 01:01:21,281 INFO  ExportHelperExtension.cs: 1160 - 19 components to check
2026-01-23 01:01:21,281 INFO  ExportHelperExtension.cs: 1125 - Retrieving features of type [CoordSys] from tekerlek (2)-1
2026-01-23 01:01:21,281 INFO  ExportHelperExtension.cs: 1136 - Found 5 in tekerlek (2)-1
2026-01-23 01:01:21,281 INFO  ExportHelperExtension.cs: 1145 - Found 0 features of type [CoordSys] in tekerlek (2)-1
2026-01-23 01:01:21,281 INFO  ExportHelperExtension.cs: 1125 - Retrieving features of type [CoordSys] from Montaj6 (1).step-1
2026-01-23 01:01:21,281 INFO  ExportHelperExtension.cs: 1136 - Found 30 in Montaj6 (1).step-1
2026-01-23 01:01:21,281 INFO  ExportHelperExtension.cs: 1145 - Found 0 features of type [CoordSys] in Montaj6 (1).step-1
2026-01-23 01:01:21,281 INFO  ExportHelperExtension.cs: 1125 - Retrieving features of type [CoordSys] from Gövde Baðlantý Parçasý düzenlenmiþ-1
2026-01-23 01:01:21,281 INFO  ExportHelperExtension.cs: 1136 - Found 25 in Gövde Baðlantý Parçasý düzenlenmiþ-1
2026-01-23 01:01:21,281 INFO  ExportHelperExtension.cs: 1145 - Found 0 features of type [CoordSys] in Gövde Baðlantý Parçasý düzenlenmiþ-1
2026-01-23 01:01:21,281 INFO  ExportHelperExtension.cs: 1125 - Retrieving features of type [CoordSys] from þimdilik montaj gövde dýþ.step-1
2026-01-23 01:01:21,281 INFO  ExportHelperExtension.cs: 1136 - Found 24 in þimdilik montaj gövde dýþ.step-1
2026-01-23 01:01:21,287 INFO  ExportHelperExtension.cs: 1145 - Found 0 features of type [CoordSys] in þimdilik montaj gövde dýþ.step-1
2026-01-23 01:01:21,287 INFO  ExportHelperExtension.cs: 1125 - Retrieving features of type [CoordSys] from hazne-1
2026-01-23 01:01:21,287 INFO  ExportHelperExtension.cs: 1136 - Found 29 in hazne-1
2026-01-23 01:01:21,287 INFO  ExportHelperExtension.cs: 1145 - Found 0 features of type [CoordSys] in hazne-1
2026-01-23 01:01:21,287 INFO  ExportHelperExtension.cs: 1125 - Retrieving features of type [CoordSys] from 30 x 30 profil.step-1
2026-01-23 01:01:21,287 INFO  ExportHelperExtension.cs: 1136 - Found 36 in 30 x 30 profil.step-1
2026-01-23 01:01:21,287 INFO  ExportHelperExtension.cs: 1145 - Found 0 features of type [CoordSys] in 30 x 30 profil.step-1
2026-01-23 01:01:21,287 INFO  ExportHelperExtension.cs: 1125 - Retrieving features of type [CoordSys] from Gövde Baðlantý Parçasý düzenlenmiþ-2
2026-01-23 01:01:21,287 INFO  ExportHelperExtension.cs: 1136 - Found 25 in Gövde Baðlantý Parçasý düzenlenmiþ-2
2026-01-23 01:01:21,287 INFO  ExportHelperExtension.cs: 1145 - Found 0 features of type [CoordSys] in Gövde Baðlantý Parçasý düzenlenmiþ-2
2026-01-23 01:01:21,287 INFO  ExportHelperExtension.cs: 1125 - Retrieving features of type [CoordSys] from 30 x 30 profil.step-2
2026-01-23 01:01:21,287 INFO  ExportHelperExtension.cs: 1136 - Found 36 in 30 x 30 profil.step-2
2026-01-23 01:01:21,287 INFO  ExportHelperExtension.cs: 1145 - Found 0 features of type [CoordSys] in 30 x 30 profil.step-2
2026-01-23 01:01:21,287 INFO  ExportHelperExtension.cs: 1125 - Retrieving features of type [CoordSys] from þimdilik montaj gövde dýþ.step-2
2026-01-23 01:01:21,287 INFO  ExportHelperExtension.cs: 1136 - Found 24 in þimdilik montaj gövde dýþ.step-2
2026-01-23 01:01:21,287 INFO  ExportHelperExtension.cs: 1145 - Found 0 features of type [CoordSys] in þimdilik montaj gövde dýþ.step-2
2026-01-23 01:01:21,287 INFO  ExportHelperExtension.cs: 1125 - Retrieving features of type [CoordSys] from þimdilik montaj gövde dýþ.step-3
2026-01-23 01:01:21,287 INFO  ExportHelperExtension.cs: 1136 - Found 24 in þimdilik montaj gövde dýþ.step-3
2026-01-23 01:01:21,287 INFO  ExportHelperExtension.cs: 1145 - Found 0 features of type [CoordSys] in þimdilik montaj gövde dýþ.step-3
2026-01-23 01:01:21,287 INFO  ExportHelperExtension.cs: 1125 - Retrieving features of type [CoordSys] from 30 x 30 profil.step-3
2026-01-23 01:01:21,287 INFO  ExportHelperExtension.cs: 1136 - Found 36 in 30 x 30 profil.step-3
2026-01-23 01:01:21,287 INFO  ExportHelperExtension.cs: 1145 - Found 0 features of type [CoordSys] in 30 x 30 profil.step-3
2026-01-23 01:01:21,287 INFO  ExportHelperExtension.cs: 1125 - Retrieving features of type [CoordSys] from Montaj6 (1).step-3
2026-01-23 01:01:21,287 INFO  ExportHelperExtension.cs: 1136 - Found 30 in Montaj6 (1).step-3
2026-01-23 01:01:21,287 INFO  ExportHelperExtension.cs: 1145 - Found 0 features of type [CoordSys] in Montaj6 (1).step-3
2026-01-23 01:01:21,287 INFO  ExportHelperExtension.cs: 1125 - Retrieving features of type [CoordSys] from 30 x 30 profil.step-4
2026-01-23 01:01:21,287 INFO  ExportHelperExtension.cs: 1136 - Found 36 in 30 x 30 profil.step-4
2026-01-23 01:01:21,287 INFO  ExportHelperExtension.cs: 1145 - Found 0 features of type [CoordSys] in 30 x 30 profil.step-4
2026-01-23 01:01:21,287 INFO  ExportHelperExtension.cs: 1125 - Retrieving features of type [CoordSys] from þimdilik montaj gövde dýþ.step-4
2026-01-23 01:01:21,287 INFO  ExportHelperExtension.cs: 1136 - Found 24 in þimdilik montaj gövde dýþ.step-4
2026-01-23 01:01:21,287 INFO  ExportHelperExtension.cs: 1145 - Found 0 features of type [CoordSys] in þimdilik montaj gövde dýþ.step-4
2026-01-23 01:01:21,297 INFO  ExportHelperExtension.cs: 1125 - Retrieving features of type [CoordSys] from tekerlek (2)-2
2026-01-23 01:01:21,297 INFO  ExportHelperExtension.cs: 1136 - Found 5 in tekerlek (2)-2
2026-01-23 01:01:21,297 INFO  ExportHelperExtension.cs: 1145 - Found 0 features of type [CoordSys] in tekerlek (2)-2
2026-01-23 01:01:21,297 INFO  ExportHelperExtension.cs: 1125 - Retrieving features of type [CoordSys] from tekerlek (2)-4
2026-01-23 01:01:21,297 INFO  ExportHelperExtension.cs: 1136 - Found 5 in tekerlek (2)-4
2026-01-23 01:01:21,297 INFO  ExportHelperExtension.cs: 1145 - Found 0 features of type [CoordSys] in tekerlek (2)-4
2026-01-23 01:01:21,297 INFO  ExportHelperExtension.cs: 1125 - Retrieving features of type [CoordSys] from tekerlek (2)-3
2026-01-23 01:01:21,297 INFO  ExportHelperExtension.cs: 1136 - Found 5 in tekerlek (2)-3
2026-01-23 01:01:21,297 INFO  ExportHelperExtension.cs: 1145 - Found 0 features of type [CoordSys] in tekerlek (2)-3
2026-01-23 01:01:21,297 INFO  ExportHelperExtension.cs: 1125 - Retrieving features of type [CoordSys] from Montaj6 (1).step-2
2026-01-23 01:01:21,297 INFO  ExportHelperExtension.cs: 1136 - Found 30 in Montaj6 (1).step-2
2026-01-23 01:01:21,297 INFO  ExportHelperExtension.cs: 1145 - Found 0 features of type [CoordSys] in Montaj6 (1).step-2
2026-01-23 01:01:21,297 INFO  ExportHelperExtension.cs: 1125 - Retrieving features of type [CoordSys] from Montaj6 (1).step-4
2026-01-23 01:01:21,297 INFO  ExportHelperExtension.cs: 1136 - Found 30 in Montaj6 (1).step-4
2026-01-23 01:01:21,297 INFO  ExportHelperExtension.cs: 1145 - Found 0 features of type [CoordSys] in Montaj6 (1).step-4
2026-01-23 01:01:21,297 INFO  ExportHelperExtension.cs: 1125 - Retrieving features of type [RefAxis] from gövde Urdf Montajý
2026-01-23 01:01:21,297 INFO  ExportHelperExtension.cs: 1136 - Found 115 in gövde Urdf Montajý
2026-01-23 01:01:21,297 INFO  ExportHelperExtension.cs: 1145 - Found 8 features of type [RefAxis] in gövde Urdf Montajý
2026-01-23 01:01:21,297 INFO  ExportHelperExtension.cs: 1148 - Proceeding through assembly components
2026-01-23 01:01:21,297 INFO  ExportHelperExtension.cs: 1160 - 19 components to check
2026-01-23 01:01:21,297 INFO  ExportHelperExtension.cs: 1125 - Retrieving features of type [RefAxis] from tekerlek (2)-1
2026-01-23 01:01:21,297 INFO  ExportHelperExtension.cs: 1136 - Found 5 in tekerlek (2)-1
2026-01-23 01:01:21,297 INFO  ExportHelperExtension.cs: 1145 - Found 0 features of type [RefAxis] in tekerlek (2)-1
2026-01-23 01:01:21,297 INFO  ExportHelperExtension.cs: 1125 - Retrieving features of type [RefAxis] from Montaj6 (1).step-1
2026-01-23 01:01:21,297 INFO  ExportHelperExtension.cs: 1136 - Found 30 in Montaj6 (1).step-1
2026-01-23 01:01:21,297 INFO  ExportHelperExtension.cs: 1145 - Found 0 features of type [RefAxis] in Montaj6 (1).step-1
2026-01-23 01:01:21,297 INFO  ExportHelperExtension.cs: 1125 - Retrieving features of type [RefAxis] from Gövde Baðlantý Parçasý düzenlenmiþ-1
2026-01-23 01:01:21,297 INFO  ExportHelperExtension.cs: 1136 - Found 25 in Gövde Baðlantý Parçasý düzenlenmiþ-1
2026-01-23 01:01:21,297 INFO  ExportHelperExtension.cs: 1145 - Found 0 features of type [RefAxis] in Gövde Baðlantý Parçasý düzenlenmiþ-1
2026-01-23 01:01:21,297 INFO  ExportHelperExtension.cs: 1125 - Retrieving features of type [RefAxis] from þimdilik montaj gövde dýþ.step-1
2026-01-23 01:01:21,307 INFO  ExportHelperExtension.cs: 1136 - Found 24 in þimdilik montaj gövde dýþ.step-1
2026-01-23 01:01:21,307 INFO  ExportHelperExtension.cs: 1145 - Found 0 features of type [RefAxis] in þimdilik montaj gövde dýþ.step-1
2026-01-23 01:01:21,307 INFO  ExportHelperExtension.cs: 1125 - Retrieving features of type [RefAxis] from hazne-1
2026-01-23 01:01:21,328 INFO  ExportHelperExtension.cs: 1136 - Found 29 in hazne-1
2026-01-23 01:01:21,329 INFO  ExportHelperExtension.cs: 1145 - Found 0 features of type [RefAxis] in hazne-1
2026-01-23 01:01:21,329 INFO  ExportHelperExtension.cs: 1125 - Retrieving features of type [RefAxis] from 30 x 30 profil.step-1
2026-01-23 01:01:21,329 INFO  ExportHelperExtension.cs: 1136 - Found 36 in 30 x 30 profil.step-1
2026-01-23 01:01:21,329 INFO  ExportHelperExtension.cs: 1145 - Found 0 features of type [RefAxis] in 30 x 30 profil.step-1
2026-01-23 01:01:21,329 INFO  ExportHelperExtension.cs: 1125 - Retrieving features of type [RefAxis] from Gövde Baðlantý Parçasý düzenlenmiþ-2
2026-01-23 01:01:21,331 INFO  ExportHelperExtension.cs: 1136 - Found 25 in Gövde Baðlantý Parçasý düzenlenmiþ-2
2026-01-23 01:01:21,331 INFO  ExportHelperExtension.cs: 1145 - Found 0 features of type [RefAxis] in Gövde Baðlantý Parçasý düzenlenmiþ-2
2026-01-23 01:01:21,331 INFO  ExportHelperExtension.cs: 1125 - Retrieving features of type [RefAxis] from 30 x 30 profil.step-2
2026-01-23 01:01:21,331 INFO  ExportHelperExtension.cs: 1136 - Found 36 in 30 x 30 profil.step-2
2026-01-23 01:01:21,331 INFO  ExportHelperExtension.cs: 1145 - Found 0 features of type [RefAxis] in 30 x 30 profil.step-2
2026-01-23 01:01:21,331 INFO  ExportHelperExtension.cs: 1125 - Retrieving features of type [RefAxis] from þimdilik montaj gövde dýþ.step-2
2026-01-23 01:01:21,333 INFO  ExportHelperExtension.cs: 1136 - Found 24 in þimdilik montaj gövde dýþ.step-2
2026-01-23 01:01:21,333 INFO  ExportHelperExtension.cs: 1145 - Found 0 features of type [RefAxis] in þimdilik montaj gövde dýþ.step-2
2026-01-23 01:01:21,333 INFO  ExportHelperExtension.cs: 1125 - Retrieving features of type [RefAxis] from þimdilik montaj gövde dýþ.step-3
2026-01-23 01:01:21,333 INFO  ExportHelperExtension.cs: 1136 - Found 24 in þimdilik montaj gövde dýþ.step-3
2026-01-23 01:01:21,333 INFO  ExportHelperExtension.cs: 1145 - Found 0 features of type [RefAxis] in þimdilik montaj gövde dýþ.step-3
2026-01-23 01:01:21,333 INFO  ExportHelperExtension.cs: 1125 - Retrieving features of type [RefAxis] from 30 x 30 profil.step-3
2026-01-23 01:01:21,335 INFO  ExportHelperExtension.cs: 1136 - Found 36 in 30 x 30 profil.step-3
2026-01-23 01:01:21,335 INFO  ExportHelperExtension.cs: 1145 - Found 0 features of type [RefAxis] in 30 x 30 profil.step-3
2026-01-23 01:01:21,335 INFO  ExportHelperExtension.cs: 1125 - Retrieving features of type [RefAxis] from Montaj6 (1).step-3
2026-01-23 01:01:21,335 INFO  ExportHelperExtension.cs: 1136 - Found 30 in Montaj6 (1).step-3
2026-01-23 01:01:21,335 INFO  ExportHelperExtension.cs: 1145 - Found 0 features of type [RefAxis] in Montaj6 (1).step-3
2026-01-23 01:01:21,335 INFO  ExportHelperExtension.cs: 1125 - Retrieving features of type [RefAxis] from 30 x 30 profil.step-4
2026-01-23 01:01:21,335 INFO  ExportHelperExtension.cs: 1136 - Found 36 in 30 x 30 profil.step-4
2026-01-23 01:01:21,337 INFO  ExportHelperExtension.cs: 1145 - Found 0 features of type [RefAxis] in 30 x 30 profil.step-4
2026-01-23 01:01:21,337 INFO  ExportHelperExtension.cs: 1125 - Retrieving features of type [RefAxis] from þimdilik montaj gövde dýþ.step-4
2026-01-23 01:01:21,337 INFO  ExportHelperExtension.cs: 1136 - Found 24 in þimdilik montaj gövde dýþ.step-4
2026-01-23 01:01:21,337 INFO  ExportHelperExtension.cs: 1145 - Found 0 features of type [RefAxis] in þimdilik montaj gövde dýþ.step-4
2026-01-23 01:01:21,337 INFO  ExportHelperExtension.cs: 1125 - Retrieving features of type [RefAxis] from tekerlek (2)-2
2026-01-23 01:01:21,339 INFO  ExportHelperExtension.cs: 1136 - Found 5 in tekerlek (2)-2
2026-01-23 01:01:21,339 INFO  ExportHelperExtension.cs: 1145 - Found 0 features of type [RefAxis] in tekerlek (2)-2
2026-01-23 01:01:21,339 INFO  ExportHelperExtension.cs: 1125 - Retrieving features of type [RefAxis] from tekerlek (2)-4
2026-01-23 01:01:21,339 INFO  ExportHelperExtension.cs: 1136 - Found 5 in tekerlek (2)-4
2026-01-23 01:01:21,339 INFO  ExportHelperExtension.cs: 1145 - Found 0 features of type [RefAxis] in tekerlek (2)-4
2026-01-23 01:01:21,339 INFO  ExportHelperExtension.cs: 1125 - Retrieving features of type [RefAxis] from tekerlek (2)-3
2026-01-23 01:01:21,339 INFO  ExportHelperExtension.cs: 1136 - Found 5 in tekerlek (2)-3
2026-01-23 01:01:21,341 INFO  ExportHelperExtension.cs: 1145 - Found 0 features of type [RefAxis] in tekerlek (2)-3
2026-01-23 01:01:21,341 INFO  ExportHelperExtension.cs: 1125 - Retrieving features of type [RefAxis] from Montaj6 (1).step-2
2026-01-23 01:01:21,341 INFO  ExportHelperExtension.cs: 1136 - Found 30 in Montaj6 (1).step-2
2026-01-23 01:01:21,341 INFO  ExportHelperExtension.cs: 1145 - Found 0 features of type [RefAxis] in Montaj6 (1).step-2
2026-01-23 01:01:21,341 INFO  ExportHelperExtension.cs: 1125 - Retrieving features of type [RefAxis] from Montaj6 (1).step-4
2026-01-23 01:01:21,341 INFO  ExportHelperExtension.cs: 1136 - Found 30 in Montaj6 (1).step-4
2026-01-23 01:01:21,343 INFO  ExportHelperExtension.cs: 1145 - Found 0 features of type [RefAxis] in Montaj6 (1).step-4
2026-01-23 01:01:21,383 INFO  ExportPropertyManager.cs: 1142 - AfterClose called. This method no longer throws an Exception. It just silently does nothing. Ok, except for this logging message
2026-01-23 01:11:18,253 INFO  AssemblyExportForm.cs: 253 - Completing URDF export
2026-01-23 01:11:18,267 INFO  ConfigurationSerialization.cs: 276 - URDF Configuration found
<Link z:Id="i1" xmlns="http://schemas.datacontract.org/2004/07/SW2URDF" xmlns:i="http://www.w3.org/2001/XMLSchema-instance" xmlns:z="http://schemas.microsoft.com/2003/10/Serialization/"><Attributes><Attribute z:Id="i2"><AttributeType>name</AttributeType><IsRequired>true</IsRequired><Value i:type="a:string" xmlns:a="http://www.w3.org/2001/XMLSchema">base_link</Value></Attribute></Attributes><ChildElements><URDFElement z:Id="i3" i:type="Inertial"><Attributes/><ChildElements><URDFElement z:Id="i4" i:type="Origin"><Attributes><Attribute z:Id="i5"><AttributeType>xyz</AttributeType><IsRequired>true</IsRequired><Value i:type="a:ArrayOfdouble" xmlns:a="http://schemas.microsoft.com/2003/10/Serialization/Arrays"><a:double>0</a:double><a:double>0</a:double><a:double>0</a:double></Value></Attribute><Attribute z:Id="i6"><AttributeType>rpy</AttributeType><IsRequired>true</IsRequired><Value i:type="a:ArrayOfdouble" xmlns:a="http://schemas.microsoft.com/2003/10/Serialization/Arrays"><a:double>0</a:double><a:double>0</a:double><a:double>0</a:double></Value></Attribute></Attributes><ChildElements/><ElementName>origin</ElementName><required>false</required><RPYAttribute z:Ref="i6"/><XYZAttribute z:Ref="i5"/><isCustomized>false</isCustomized></URDFElement><URDFElement z:Id="i7" i:type="Mass"><Attributes><Attribute z:Id="i8"><AttributeType>value</AttributeType><IsRequired>true</IsRequired><Value i:type="a:double" xmlns:a="http://www.w3.org/2001/XMLSchema">0</Value></Attribute></Attributes><ChildElements/><ElementName>mass</ElementName><required>false</required><ValueAttribute z:Ref="i8"/></URDFElement><URDFElement z:Id="i9" i:type="Inertia"><Attributes><Attribute z:Id="i10"><AttributeType>ixx</AttributeType><IsRequired>true</IsRequired><Value i:type="a:double" xmlns:a="http://www.w3.org/2001/XMLSchema">0</Value></Attribute><Attribute z:Id="i11"><AttributeType>ixy</AttributeType><IsRequired>true</IsRequired><Value i:type="a:double" xmlns:a="http://www.w3.org/2001/XMLSchema">0</Value></Attribute><Attribute z:Id="i12"><AttributeType>ixz</AttributeType><IsRequired>true</IsRequired><Value i:type="a:double" xmlns:a="http://www.w3.org/2001/XMLSchema">0</Value></Attribute><Attribute z:Id="i13"><AttributeType>iyy</AttributeType><IsRequired>true</IsRequired><Value i:type="a:double" xmlns:a="http://www.w3.org/2001/XMLSchema">0</Value></Attribute><Attribute z:Id="i14"><AttributeType>iyz</AttributeType><IsRequired>true</IsRequired><Value i:type="a:double" xmlns:a="http://www.w3.org/2001/XMLSchema">0</Value></Attribute><Attribute z:Id="i15"><AttributeType>izz</AttributeType><IsRequired>true</IsRequired><Value i:type="a:double" xmlns:a="http://www.w3.org/2001/XMLSchema">0</Value></Attribute></Attributes><ChildElements/><ElementName>inertia</ElementName><required>false</required><IxxAttribute z:Ref="i10"/><IxyAttribute z:Ref="i11"/><IxzAttribute z:Ref="i12"/><IyyAttribute z:Ref="i13"/><IyzAttribute z:Ref="i14"/><IzzAttribute z:Ref="i15"/></URDFElement></ChildElements><ElementName>inertial</ElementName><required>false</required><Inertia z:Ref="i9"/><Mass z:Ref="i7"/><Origin z:Ref="i4"/></URDFElement><URDFElement z:Id="i16" i:type="Visual"><Attributes/><ChildElements><URDFElement z:Id="i17" i:type="Origin"><Attributes><Attribute z:Id="i18"><AttributeType>xyz</AttributeType><IsRequired>true</IsRequired><Value i:type="a:ArrayOfdouble" xmlns:a="http://schemas.microsoft.com/2003/10/Serialization/Arrays"><a:double>0</a:double><a:double>0</a:double><a:double>0</a:double></Value></Attribute><Attribute z:Id="i19"><AttributeType>rpy</AttributeType><IsRequired>true</IsRequired><Value i:type="a:ArrayOfdouble" xmlns:a="http://schemas.microsoft.com/2003/10/Serialization/Arrays"><a:double>0</a:double><a:double>0</a:double><a:double>0</a:double></Value></Attribute></Attributes><ChildElements/><ElementName>origin</ElementName><required>false</required><RPYAttribute z:Ref="i19"/><XYZAttribute z:Ref="i18"/><isCustomized>false</isCustomized></URDFElement><URDFElement z:Id="i20" i:type="Geometry"><Attributes/><ChildElements><URDFElement z:Id="i21" i:type="Mesh"><Attributes><Attribute z:Id="i22"><AttributeType>filename</AttributeType><IsRequired>true</IsRequired><Value i:nil="true"/></Attribute></Attributes><ChildElements/><ElementName>mesh</ElementName><required>false</required><FilenameAttribute z:Ref="i22"/></URDFElement></ChildElements><ElementName>geometry</ElementName><required>true</required><Mesh z:Ref="i21"/></URDFElement><URDFElement z:Id="i23" i:type="Material"><Attributes><Attribute z:Id="i24"><AttributeType>name</AttributeType><IsRequired>true</IsRequired><Value i:type="a:string" xmlns:a="http://www.w3.org/2001/XMLSchema"/></Attribute></Attributes><ChildElements><URDFElement z:Id="i25" i:type="Color"><Attributes><Attribute z:Id="i26"><AttributeType>rgba</AttributeType><IsRequired>true</IsRequired><Value i:type="a:ArrayOfdouble" xmlns:a="http://schemas.microsoft.com/2003/10/Serialization/Arrays"><a:double>1</a:double><a:double>1</a:double><a:double>1</a:double><a:double>1</a:double></Value></Attribute></Attributes><ChildElements/><ElementName>color</ElementName><required>false</required><RGBAAttribute z:Ref="i26"/></URDFElement><URDFElement z:Id="i27" i:type="Texture"><Attributes><Attribute z:Id="i28"><AttributeType>filename</AttributeType><IsRequired>true</IsRequired><Value i:nil="true"/></Attribute></Attributes><ChildElements/><ElementName>texture</ElementName><required>false</required><FilenameAttribute z:Ref="i28"/><wFilename/></URDFElement></ChildElements><ElementName>material</ElementName><required>false</required><Color z:Ref="i25"/><NameAttribute z:Ref="i24"/><Texture z:Ref="i27"/></URDFElement></ChildElements><ElementName>visual</ElementName><required>false</required><Geometry z:Ref="i20"/><Material z:Ref="i23"/><Origin z:Ref="i17"/></URDFElement><URDFElement z:Id="i29" i:type="Collision"><Attributes/><ChildElements><URDFElement z:Id="i30" i:type="Origin"><Attributes><Attribute z:Id="i31"><AttributeType>xyz</AttributeType><IsRequired>true</IsRequired><Value i:type="a:ArrayOfdouble" xmlns:a="http://schemas.microsoft.com/2003/10/Serialization/Arrays"><a:double>0</a:double><a:double>0</a:double><a:double>0</a:double></Value></Attribute><Attribute z:Id="i32"><AttributeType>rpy</AttributeType><IsRequired>true</IsRequired><Value i:type="a:ArrayOfdouble" xmlns:a="http://schemas.microsoft.com/2003/10/Serialization/Arrays"><a:double>0</a:double><a:double>0</a:double><a:double>0</a:double></Value></Attribute></Attributes><ChildElements/><ElementName>origin</ElementName><required>false</required><RPYAttribute z:Ref="i32"/><XYZAttribute z:Ref="i31"/><isCustomized>false</isCustomized></URDFElement><URDFElement z:Id="i33" i:type="Geometry"><Attributes/><ChildElements><URDFElement z:Id="i34" i:type="Mesh"><Attributes><Attribute z:Id="i35"><AttributeType>filename</AttributeType><IsRequired>true</IsRequired><Value i:nil="true"/></Attribute></Attributes><ChildElements/><ElementName>mesh</ElementName><required>false</required><FilenameAttribute z:Ref="i35"/></URDFElement></ChildElements><ElementName>geometry</ElementName><required>true</required><Mesh z:Ref="i34"/></URDFElement></ChildElements><ElementName>collision</ElementName><required>false</required><Geometry z:Ref="i33"/><Origin z:Ref="i30"/></URDFElement><URDFElement z:Id="i36" i:type="Joint"><Attributes><Attribute z:Id="i37"><AttributeType>name</AttributeType><IsRequired>true</IsRequired><Value i:type="a:string" xmlns:a="http://www.w3.org/2001/XMLSchema"/></Attribute><Attribute z:Id="i38"><AttributeType>type</AttributeType><IsRequired>true</IsRequired><Value i:type="a:string" xmlns:a="http://www.w3.org/2001/XMLSchema"/></Attribute></Attributes><ChildElements><URDFElement z:Id="i39" i:type="Origin"><Attributes><Attribute z:Id="i40"><AttributeType>xyz</AttributeType><IsRequired>true</IsRequired><Value i:type="a:ArrayOfdouble" xmlns:a="http://schemas.microsoft.com/2003/10/Serialization/Arrays"><a:double>0</a:double><a:double>0</a:double><a:double>0</a:double></Value></Attribute><Attribute z:Id="i41"><AttributeType>rpy</AttributeType><IsRequired>true</IsRequired><Value i:type="a:ArrayOfdouble" xmlns:a="http://schemas.microsoft.com/2003/10/Serialization/Arrays"><a:double>0</a:double><a:double>0</a:double><a:double>0</a:double></Value></Attribute></Attributes><ChildElements/><ElementName>origin</ElementName><required>false</required><RPYAttribute z:Ref="i41"/><XYZAttribute z:Ref="i40"/><isCustomized>false</isCustomized></URDFElement><URDFElement z:Id="i42" i:type="ParentLink"><Attributes><Attribute z:Id="i43"><AttributeType>link</AttributeType><IsRequired>true</IsRequired><Value i:type="a:string" xmlns:a="http://www.w3.org/2001/XMLSchema"/></Attribute></Attributes><ChildElements/><ElementName>parent</ElementName><required>true</required><NameAttribute z:Ref="i43"/></URDFElement><URDFElement z:Id="i44" i:type="ChildLink"><Attributes><Attribute z:Id="i45"><AttributeType>link</AttributeType><IsRequired>true</IsRequired><Value i:type="a:string" xmlns:a="http://www.w3.org/2001/XMLSchema"/></Attribute></Attributes><ChildElements/><ElementName>child</ElementName><required>true</required><NameAttribute z:Ref="i45"/></URDFElement><URDFElement z:Id="i46" i:type="Axis"><Attributes><Attribute z:Id="i47"><AttributeType>xyz</AttributeType><IsRequired>true</IsRequired><Value i:type="a:ArrayOfdouble" xmlns:a="http://schemas.microsoft.com/2003/10/Serialization/Arrays"><a:double>0</a:double><a:double>0</a:double><a:double>0</a:double></Value></Attribute></Attributes><ChildElements/><ElementName>axis</ElementName><required>false</required><XYZAttribute z:Ref="i47"/></URDFElement><URDFElement z:Id="i48" i:type="Limit"><Attributes><Attribute z:Id="i49"><AttributeType>lower</AttributeType><IsRequired>false</IsRequired><Value i:nil="true"/></Attribute><Attribute z:Id="i50"><AttributeType>upper</AttributeType><IsRequired>false</IsRequired><Value i:nil="true"/></Attribute><Attribute z:Id="i51"><AttributeType>effort</AttributeType><IsRequired>true</IsRequired><Value i:nil="true"/></Attribute><Attribute z:Id="i52"><AttributeType>velocity</AttributeType><IsRequired>true</IsRequired><Value i:nil="true"/></Attribute></Attributes><ChildElements/><ElementName>limit</ElementName><required>false</required><EffortAttribute z:Ref="i51"/><LowerAttribute z:Ref="i49"/><UpperAttribute z:Ref="i50"/><VelocityAttribute z:Ref="i52"/></URDFElement><URDFElement z:Id="i53" i:type="Calibration"><Attributes><Attribute z:Id="i54"><AttributeType>rising</AttributeType><IsRequired>false</IsRequired><Value i:nil="true"/></Attribute><Attribute z:Id="i55"><AttributeType>falling</AttributeType><IsRequired>false</IsRequired><Value i:nil="true"/></Attribute></Attributes><ChildElements/><ElementName>calibration</ElementName><required>false</required><FallingAttribute z:Ref="i55"/><RisingAttribute z:Ref="i54"/></URDFElement><URDFElement z:Id="i56" i:type="Dynamics"><Attributes><Attribute z:Id="i57"><AttributeType>damping</AttributeType><IsRequired>false</IsRequired><Value i:nil="true"/></Attribute><Attribute z:Id="i58"><AttributeType>friction</AttributeType><IsRequired>false</IsRequired><Value i:nil="true"/></Attribute></Attributes><ChildElements/><ElementName>dynamics</ElementName><required>false</required><DampingAttribute z:Ref="i57"/><FrictionAttribute z:Ref="i58"/></URDFElement><URDFElement z:Id="i59" i:type="SafetyController"><Attributes><Attribute z:Id="i60"><AttributeType>soft_upper_limit</AttributeType><IsRequired>false</IsRequired><Value i:nil="true"/></Attribute><Attribute z:Id="i61"><AttributeType>soft_lower_limit</AttributeType><IsRequired>false</IsRequired><Value i:nil="true"/></Attribute><Attribute z:Id="i62"><AttributeType>k_position</AttributeType><IsRequired>false</IsRequired><Value i:nil="true"/></Attribute><Attribute z:Id="i63"><AttributeType>k_velocity</AttributeType><IsRequired>true</IsRequired><Value i:nil="true"/></Attribute></Attributes><ChildElements/><ElementName>safety_controller</ElementName><required>false</required><KPositionAttribute z:Ref="i62"/><KVelocityAttribute z:Ref="i63"/><SoftLowerAttribute z:Ref="i61"/><SoftUpperAttribute z:Ref="i60"/></URDFElement><URDFElement z:Id="i64" i:type="Mimic"><Attributes><Attribute z:Id="i65"><AttributeType>joint</AttributeType><IsRequired>true</IsRequired><Value i:nil="true"/></Attribute><Attribute z:Id="i66"><AttributeType>multiplier</AttributeType><IsRequired>false</IsRequired><Value i:nil="true"/></Attribute><Attribute z:Id="i67"><AttributeType>offset</AttributeType><IsRequired>false</IsRequired><Value i:nil="true"/></Attribute></Attributes><ChildElements/><ElementName>mimic</ElementName><required>false</required><JointNameAttribute z:Ref="i65"/><MultiplierAttribute z:Ref="i66"/><OffsetAttribute z:Ref="i67"/></URDFElement></ChildElements><ElementName>joint</ElementName><required>false</required><Axis z:Ref="i46"/><AxisName/><Calibration z:Ref="i53"/><Child z:Ref="i44"/><CoordinateSystemName>Koordinat Sistemi7</CoordinateSystemName><Dynamics z:Ref="i56"/><Limit z:Ref="i48"/><Mimic z:Ref="i64"/><NameAttribute z:Ref="i37"/><Origin z:Ref="i39"/><Parent z:Ref="i42"/><Safety z:Ref="i59"/><TypeAttribute z:Ref="i38"/></URDFElement></ChildElements><ElementName>link</ElementName><required>true</required><Children><Link z:Id="i68"><Attributes><Attribute z:Id="i69"><AttributeType>name</AttributeType><IsRequired>true</IsRequired><Value i:type="a:string" xmlns:a="http://www.w3.org/2001/XMLSchema">Sag suspansiyon merkezi</Value></Attribute></Attributes><ChildElements><URDFElement z:Id="i70" i:type="Inertial"><Attributes/><ChildElements><URDFElement z:Id="i71" i:type="Origin"><Attributes><Attribute z:Id="i72"><AttributeType>xyz</AttributeType><IsRequired>true</IsRequired><Value i:type="a:ArrayOfdouble" xmlns:a="http://schemas.microsoft.com/2003/10/Serialization/Arrays"><a:double>0</a:double><a:double>0</a:double><a:double>0</a:double></Value></Attribute><Attribute z:Id="i73"><AttributeType>rpy</AttributeType><IsRequired>true</IsRequired><Value i:type="a:ArrayOfdouble" xmlns:a="http://schemas.microsoft.com/2003/10/Serialization/Arrays"><a:double>0</a:double><a:double>0</a:double><a:double>0</a:double></Value></Attribute></Attributes><ChildElements/><ElementName>origin</ElementName><required>false</required><RPYAttribute z:Ref="i73"/><XYZAttribute z:Ref="i72"/><isCustomized>false</isCustomized></URDFElement><URDFElement z:Id="i74" i:type="Mass"><Attributes><Attribute z:Id="i75"><AttributeType>value</AttributeType><IsRequired>true</IsRequired><Value i:type="a:double" xmlns:a="http://www.w3.org/2001/XMLSchema">0</Value></Attribute></Attributes><ChildElements/><ElementName>mass</ElementName><required>false</required><ValueAttribute z:Ref="i75"/></URDFElement><URDFElement z:Id="i76" i:type="Inertia"><Attributes><Attribute z:Id="i77"><AttributeType>ixx</AttributeType><IsRequired>true</IsRequired><Value i:type="a:double" xmlns:a="http://www.w3.org/2001/XMLSchema">0</Value></Attribute><Attribute z:Id="i78"><AttributeType>ixy</AttributeType><IsRequired>true</IsRequired><Value i:type="a:double" xmlns:a="http://www.w3.org/2001/XMLSchema">0</Value></Attribute><Attribute z:Id="i79"><AttributeType>ixz</AttributeType><IsRequired>true</IsRequired><Value i:type="a:double" xmlns:a="http://www.w3.org/2001/XMLSchema">0</Value></Attribute><Attribute z:Id="i80"><AttributeType>iyy</AttributeType><IsRequired>true</IsRequired><Value i:type="a:double" xmlns:a="http://www.w3.org/2001/XMLSchema">0</Value></Attribute><Attribute z:Id="i81"><AttributeType>iyz</AttributeType><IsRequired>true</IsRequired><Value i:type="a:double" xmlns:a="http://www.w3.org/2001/XMLSchema">0</Value></Attribute><Attribute z:Id="i82"><AttributeType>izz</AttributeType><IsRequired>true</IsRequired><Value i:type="a:double" xmlns:a="http://www.w3.org/2001/XMLSchema">0</Value></Attribute></Attributes><ChildElements/><ElementName>inertia</ElementName><required>false</required><IxxAttribute z:Ref="i77"/><IxyAttribute z:Ref="i78"/><IxzAttribute z:Ref="i79"/><IyyAttribute z:Ref="i80"/><IyzAttribute z:Ref="i81"/><IzzAttribute z:Ref="i82"/></URDFElement></ChildElements><ElementName>inertial</ElementName><required>false</required><Inertia z:Ref="i76"/><Mass z:Ref="i74"/><Origin z:Ref="i71"/></URDFElement><URDFElement z:Id="i83" i:type="Visual"><Attributes/><ChildElements><URDFElement z:Id="i84" i:type="Origin"><Attributes><Attribute z:Id="i85"><AttributeType>xyz</AttributeType><IsRequired>true</IsRequired><Value i:type="a:ArrayOfdouble" xmlns:a="http://schemas.microsoft.com/2003/10/Serialization/Arrays"><a:double>0</a:double><a:double>0</a:double><a:double>0</a:double></Value></Attribute><Attribute z:Id="i86"><AttributeType>rpy</AttributeType><IsRequired>true</IsRequired><Value i:type="a:ArrayOfdouble" xmlns:a="http://schemas.microsoft.com/2003/10/Serialization/Arrays"><a:double>0</a:double><a:double>0</a:double><a:double>0</a:double></Value></Attribute></Attributes><ChildElements/><ElementName>origin</ElementName><required>false</required><RPYAttribute z:Ref="i86"/><XYZAttribute z:Ref="i85"/><isCustomized>false</isCustomized></URDFElement><URDFElement z:Id="i87" i:type="Geometry"><Attributes/><ChildElements><URDFElement z:Id="i88" i:type="Mesh"><Attributes><Attribute z:Id="i89"><AttributeType>filename</AttributeType><IsRequired>true</IsRequired><Value i:nil="true"/></Attribute></Attributes><ChildElements/><ElementName>mesh</ElementName><required>false</required><FilenameAttribute z:Ref="i89"/></URDFElement></ChildElements><ElementName>geometry</ElementName><required>true</required><Mesh z:Ref="i88"/></URDFElement><URDFElement z:Id="i90" i:type="Material"><Attributes><Attribute z:Id="i91"><AttributeType>name</AttributeType><IsRequired>true</IsRequired><Value i:type="a:string" xmlns:a="http://www.w3.org/2001/XMLSchema"/></Attribute></Attributes><ChildElements><URDFElement z:Id="i92" i:type="Color"><Attributes><Attribute z:Id="i93"><AttributeType>rgba</AttributeType><IsRequired>true</IsRequired><Value i:type="a:ArrayOfdouble" xmlns:a="http://schemas.microsoft.com/2003/10/Serialization/Arrays"><a:double>1</a:double><a:double>1</a:double><a:double>1</a:double><a:double>1</a:double></Value></Attribute></Attributes><ChildElements/><ElementName>color</ElementName><required>false</required><RGBAAttribute z:Ref="i93"/></URDFElement><URDFElement z:Id="i94" i:type="Texture"><Attributes><Attribute z:Id="i95"><AttributeType>filename</AttributeType><IsRequired>true</IsRequired><Value i:nil="true"/></Attribute></Attributes><ChildElements/><ElementName>texture</ElementName><required>false</required><FilenameAttribute z:Ref="i95"/><wFilename/></URDFElement></ChildElements><ElementName>material</ElementName><required>false</required><Color z:Ref="i92"/><NameAttribute z:Ref="i91"/><Texture z:Ref="i94"/></URDFElement></ChildElements><ElementName>visual</ElementName><required>false</required><Geometry z:Ref="i87"/><Material z:Ref="i90"/><Origin z:Ref="i84"/></URDFElement><URDFElement z:Id="i96" i:type="Collision"><Attributes/><ChildElements><URDFElement z:Id="i97" i:type="Origin"><Attributes><Attribute z:Id="i98"><AttributeType>xyz</AttributeType><IsRequired>true</IsRequired><Value i:type="a:ArrayOfdouble" xmlns:a="http://schemas.microsoft.com/2003/10/Serialization/Arrays"><a:double>0</a:double><a:double>0</a:double><a:double>0</a:double></Value></Attribute><Attribute z:Id="i99"><AttributeType>rpy</AttributeType><IsRequired>true</IsRequired><Value i:type="a:ArrayOfdouble" xmlns:a="http://schemas.microsoft.com/2003/10/Serialization/Arrays"><a:double>0</a:double><a:double>0</a:double><a:double>0</a:double></Value></Attribute></Attributes><ChildElements/><ElementName>origin</ElementName><required>false</required><RPYAttribute z:Ref="i99"/><XYZAttribute z:Ref="i98"/><isCustomized>false</isCustomized></URDFElement><URDFElement z:Id="i100" i:type="Geometry"><Attributes/><ChildElements><URDFElement z:Id="i101" i:type="Mesh"><Attributes><Attribute z:Id="i102"><AttributeType>filename</AttributeType><IsRequired>true</IsRequired><Value i:nil="true"/></Attribute></Attributes><ChildElements/><ElementName>mesh</ElementName><required>false</required><FilenameAttribute z:Ref="i102"/></URDFElement></ChildElements><ElementName>geometry</ElementName><required>true</required><Mesh z:Ref="i101"/></URDFElement></ChildElements><ElementName>collision</ElementName><required>false</required><Geometry z:Ref="i100"/><Origin z:Ref="i97"/></URDFElement><URDFElement z:Id="i103" i:type="Joint"><Attributes><Attribute z:Id="i104"><AttributeType>name</AttributeType><IsRequired>true</IsRequired><Value i:type="a:string" xmlns:a="http://www.w3.org/2001/XMLSchema">Sag Suspansiyon merkezi</Value></Attribute><Attribute z:Id="i105"><AttributeType>type</AttributeType><IsRequired>true</IsRequired><Value i:type="a:string" xmlns:a="http://www.w3.org/2001/XMLSchema">revolute</Value></Attribute></Attributes><ChildElements><URDFElement z:Id="i106" i:type="Origin"><Attributes><Attribute z:Id="i107"><AttributeType>xyz</AttributeType><IsRequired>true</IsRequired><Value i:type="a:ArrayOfdouble" xmlns:a="http://schemas.microsoft.com/2003/10/Serialization/Arrays"><a:double>0</a:double><a:double>0</a:double><a:double>0</a:double></Value></Attribute><Attribute z:Id="i108"><AttributeType>rpy</AttributeType><IsRequired>true</IsRequired><Value i:type="a:ArrayOfdouble" xmlns:a="http://schemas.microsoft.com/2003/10/Serialization/Arrays"><a:double>0</a:double><a:double>0</a:double><a:double>0</a:double></Value></Attribute></Attributes><ChildElements/><ElementName>origin</ElementName><required>false</required><RPYAttribute z:Ref="i108"/><XYZAttribute z:Ref="i107"/><isCustomized>false</isCustomized></URDFElement><URDFElement z:Id="i109" i:type="ParentLink"><Attributes><Attribute z:Id="i110"><AttributeType>link</AttributeType><IsRequired>true</IsRequired><Value i:type="a:string" xmlns:a="http://www.w3.org/2001/XMLSchema"/></Attribute></Attributes><ChildElements/><ElementName>parent</ElementName><required>true</required><NameAttribute z:Ref="i110"/></URDFElement><URDFElement z:Id="i111" i:type="ChildLink"><Attributes><Attribute z:Id="i112"><AttributeType>link</AttributeType><IsRequired>true</IsRequired><Value i:type="a:string" xmlns:a="http://www.w3.org/2001/XMLSchema"/></Attribute></Attributes><ChildElements/><ElementName>child</ElementName><required>true</required><NameAttribute z:Ref="i112"/></URDFElement><URDFElement z:Id="i113" i:type="Axis"><Attributes><Attribute z:Id="i114"><AttributeType>xyz</AttributeType><IsRequired>true</IsRequired><Value i:type="a:ArrayOfdouble" xmlns:a="http://schemas.microsoft.com/2003/10/Serialization/Arrays"><a:double>0</a:double><a:double>0</a:double><a:double>0</a:double></Value></Attribute></Attributes><ChildElements/><ElementName>axis</ElementName><required>false</required><XYZAttribute z:Ref="i114"/></URDFElement><URDFElement z:Id="i115" i:type="Limit"><Attributes><Attribute z:Id="i116"><AttributeType>lower</AttributeType><IsRequired>true</IsRequired><Value i:nil="true"/></Attribute><Attribute z:Id="i117"><AttributeType>upper</AttributeType><IsRequired>true</IsRequired><Value i:nil="true"/></Attribute><Attribute z:Id="i118"><AttributeType>effort</AttributeType><IsRequired>true</IsRequired><Value i:nil="true"/></Attribute><Attribute z:Id="i119"><AttributeType>velocity</AttributeType><IsRequired>true</IsRequired><Value i:nil="true"/></Attribute></Attributes><ChildElements/><ElementName>limit</ElementName><required>true</required><EffortAttribute z:Ref="i118"/><LowerAttribute z:Ref="i116"/><UpperAttribute z:Ref="i117"/><VelocityAttribute z:Ref="i119"/></URDFElement><URDFElement z:Id="i120" i:type="Calibration"><Attributes><Attribute z:Id="i121"><AttributeType>rising</AttributeType><IsRequired>false</IsRequired><Value i:nil="true"/></Attribute><Attribute z:Id="i122"><AttributeType>falling</AttributeType><IsRequired>false</IsRequired><Value i:nil="true"/></Attribute></Attributes><ChildElements/><ElementName>calibration</ElementName><required>false</required><FallingAttribute z:Ref="i122"/><RisingAttribute z:Ref="i121"/></URDFElement><URDFElement z:Id="i123" i:type="Dynamics"><Attributes><Attribute z:Id="i124"><AttributeType>damping</AttributeType><IsRequired>false</IsRequired><Value i:nil="true"/></Attribute><Attribute z:Id="i125"><AttributeType>friction</AttributeType><IsRequired>false</IsRequired><Value i:nil="true"/></Attribute></Attributes><ChildElements/><ElementName>dynamics</ElementName><required>false</required><DampingAttribute z:Ref="i124"/><FrictionAttribute z:Ref="i125"/></URDFElement><URDFElement z:Id="i126" i:type="SafetyController"><Attributes><Attribute z:Id="i127"><AttributeType>soft_upper_limit</AttributeType><IsRequired>false</IsRequired><Value i:nil="true"/></Attribute><Attribute z:Id="i128"><AttributeType>soft_lower_limit</AttributeType><IsRequired>false</IsRequired><Value i:nil="true"/></Attribute><Attribute z:Id="i129"><AttributeType>k_position</AttributeType><IsRequired>false</IsRequired><Value i:nil="true"/></Attribute><Attribute z:Id="i130"><AttributeType>k_velocity</AttributeType><IsRequired>true</IsRequired><Value i:nil="true"/></Attribute></Attributes><ChildElements/><ElementName>safety_controller</ElementName><required>false</required><KPositionAttribute z:Ref="i129"/><KVelocityAttribute z:Ref="i130"/><SoftLowerAttribute z:Ref="i128"/><SoftUpperAttribute z:Ref="i127"/></URDFElement><URDFElement z:Id="i131" i:type="Mimic"><Attributes><Attribute z:Id="i132"><AttributeType>joint</AttributeType><IsRequired>true</IsRequired><Value i:nil="true"/></Attribute><Attribute z:Id="i133"><AttributeType>multiplier</AttributeType><IsRequired>false</IsRequired><Value i:nil="true"/></Attribute><Attribute z:Id="i134"><AttributeType>offset</AttributeType><IsRequired>false</IsRequired><Value i:nil="true"/></Attribute></Attributes><ChildElements/><ElementName>mimic</ElementName><required>false</required><JointNameAttribute z:Ref="i132"/><MultiplierAttribute z:Ref="i133"/><OffsetAttribute z:Ref="i134"/></URDFElement></ChildElements><ElementName>joint</ElementName><required>false</required><Axis z:Ref="i113"/><AxisName>Eksen1</AxisName><Calibration z:Ref="i120"/><Child z:Ref="i111"/><CoordinateSystemName>Koordinat Sistemi1</CoordinateSystemName><Dynamics z:Ref="i123"/><Limit z:Ref="i115"/><Mimic z:Ref="i131"/><NameAttribute z:Ref="i104"/><Origin z:Ref="i106"/><Parent z:Ref="i109"/><Safety z:Ref="i126"/><TypeAttribute z:Ref="i105"/></URDFElement></ChildElements><ElementName>link</ElementName><required>true</required><Children><Link z:Id="i135"><Attributes><Attribute z:Id="i136"><AttributeType>name</AttributeType><IsRequired>true</IsRequired><Value i:type="a:string" xmlns:a="http://www.w3.org/2001/XMLSchema">Sag On</Value></Attribute></Attributes><ChildElements><URDFElement z:Id="i137" i:type="Inertial"><Attributes/><ChildElements><URDFElement z:Id="i138" i:type="Origin"><Attributes><Attribute z:Id="i139"><AttributeType>xyz</AttributeType><IsRequired>true</IsRequired><Value i:type="a:ArrayOfdouble" xmlns:a="http://schemas.microsoft.com/2003/10/Serialization/Arrays"><a:double>0</a:double><a:double>0</a:double><a:double>0</a:double></Value></Attribute><Attribute z:Id="i140"><AttributeType>rpy</AttributeType><IsRequired>true</IsRequired><Value i:type="a:ArrayOfdouble" xmlns:a="http://schemas.microsoft.com/2003/10/Serialization/Arrays"><a:double>0</a:double><a:double>0</a:double><a:double>0</a:double></Value></Attribute></Attributes><ChildElements/><ElementName>origin</ElementName><required>false</required><RPYAttribute z:Ref="i140"/><XYZAttribute z:Ref="i139"/><isCustomized>false</isCustomized></URDFElement><URDFElement z:Id="i141" i:type="Mass"><Attributes><Attribute z:Id="i142"><AttributeType>value</AttributeType><IsRequired>true</IsRequired><Value i:type="a:double" xmlns:a="http://www.w3.org/2001/XMLSchema">0</Value></Attribute></Attributes><ChildElements/><ElementName>mass</ElementName><required>false</required><ValueAttribute z:Ref="i142"/></URDFElement><URDFElement z:Id="i143" i:type="Inertia"><Attributes><Attribute z:Id="i144"><AttributeType>ixx</AttributeType><IsRequired>true</IsRequired><Value i:type="a:double" xmlns:a="http://www.w3.org/2001/XMLSchema">0</Value></Attribute><Attribute z:Id="i145"><AttributeType>ixy</AttributeType><IsRequired>true</IsRequired><Value i:type="a:double" xmlns:a="http://www.w3.org/2001/XMLSchema">0</Value></Attribute><Attribute z:Id="i146"><AttributeType>ixz</AttributeType><IsRequired>true</IsRequired><Value i:type="a:double" xmlns:a="http://www.w3.org/2001/XMLSchema">0</Value></Attribute><Attribute z:Id="i147"><AttributeType>iyy</AttributeType><IsRequired>true</IsRequired><Value i:type="a:double" xmlns:a="http://www.w3.org/2001/XMLSchema">0</Value></Attribute><Attribute z:Id="i148"><AttributeType>iyz</AttributeType><IsRequired>true</IsRequired><Value i:type="a:double" xmlns:a="http://www.w3.org/2001/XMLSchema">0</Value></Attribute><Attribute z:Id="i149"><AttributeType>izz</AttributeType><IsRequired>true</IsRequired><Value i:type="a:double" xmlns:a="http://www.w3.org/2001/XMLSchema">0</Value></Attribute></Attributes><ChildElements/><ElementName>inertia</ElementName><required>false</required><IxxAttribute z:Ref="i144"/><IxyAttribute z:Ref="i145"/><IxzAttribute z:Ref="i146"/><IyyAttribute z:Ref="i147"/><IyzAttribute z:Ref="i148"/><IzzAttribute z:Ref="i149"/></URDFElement></ChildElements><ElementName>inertial</ElementName><required>false</required><Inertia z:Ref="i143"/><Mass z:Ref="i141"/><Origin z:Ref="i138"/></URDFElement><URDFElement z:Id="i150" i:type="Visual"><Attributes/><ChildElements><URDFElement z:Id="i151" i:type="Origin"><Attributes><Attribute z:Id="i152"><AttributeType>xyz</AttributeType><IsRequired>true</IsRequired><Value i:type="a:ArrayOfdouble" xmlns:a="http://schemas.microsoft.com/2003/10/Serialization/Arrays"><a:double>0</a:double><a:double>0</a:double><a:double>0</a:double></Value></Attribute><Attribute z:Id="i153"><AttributeType>rpy</AttributeType><IsRequired>true</IsRequired><Value i:type="a:ArrayOfdouble" xmlns:a="http://schemas.microsoft.com/2003/10/Serialization/Arrays"><a:double>0</a:double><a:double>0</a:double><a:double>0</a:double></Value></Attribute></Attributes><ChildElements/><ElementName>origin</ElementName><required>false</required><RPYAttribute z:Ref="i153"/><XYZAttribute z:Ref="i152"/><isCustomized>false</isCustomized></URDFElement><URDFElement z:Id="i154" i:type="Geometry"><Attributes/><ChildElements><URDFElement z:Id="i155" i:type="Mesh"><Attributes><Attribute z:Id="i156"><AttributeType>filename</AttributeType><IsRequired>true</IsRequired><Value i:nil="true"/></Attribute></Attributes><ChildElements/><ElementName>mesh</ElementName><required>false</required><FilenameAttribute z:Ref="i156"/></URDFElement></ChildElements><ElementName>geometry</ElementName><required>true</required><Mesh z:Ref="i155"/></URDFElement><URDFElement z:Id="i157" i:type="Material"><Attributes><Attribute z:Id="i158"><AttributeType>name</AttributeType><IsRequired>true</IsRequired><Value i:type="a:string" xmlns:a="http://www.w3.org/2001/XMLSchema"/></Attribute></Attributes><ChildElements><URDFElement z:Id="i159" i:type="Color"><Attributes><Attribute z:Id="i160"><AttributeType>rgba</AttributeType><IsRequired>true</IsRequired><Value i:type="a:ArrayOfdouble" xmlns:a="http://schemas.microsoft.com/2003/10/Serialization/Arrays"><a:double>1</a:double><a:double>1</a:double><a:double>1</a:double><a:double>1</a:double></Value></Attribute></Attributes><ChildElements/><ElementName>color</ElementName><required>false</required><RGBAAttribute z:Ref="i160"/></URDFElement><URDFElement z:Id="i161" i:type="Texture"><Attributes><Attribute z:Id="i162"><AttributeType>filename</AttributeType><IsRequired>true</IsRequired><Value i:nil="true"/></Attribute></Attributes><ChildElements/><ElementName>texture</ElementName><required>false</required><FilenameAttribute z:Ref="i162"/><wFilename/></URDFElement></ChildElements><ElementName>material</ElementName><required>false</required><Color z:Ref="i159"/><NameAttribute z:Ref="i158"/><Texture z:Ref="i161"/></URDFElement></ChildElements><ElementName>visual</ElementName><required>false</required><Geometry z:Ref="i154"/><Material z:Ref="i157"/><Origin z:Ref="i151"/></URDFElement><URDFElement z:Id="i163" i:type="Collision"><Attributes/><ChildElements><URDFElement z:Id="i164" i:type="Origin"><Attributes><Attribute z:Id="i165"><AttributeType>xyz</AttributeType><IsRequired>true</IsRequired><Value i:type="a:ArrayOfdouble" xmlns:a="http://schemas.microsoft.com/2003/10/Serialization/Arrays"><a:double>0</a:double><a:double>0</a:double><a:double>0</a:double></Value></Attribute><Attribute z:Id="i166"><AttributeType>rpy</AttributeType><IsRequired>true</IsRequired><Value i:type="a:ArrayOfdouble" xmlns:a="http://schemas.microsoft.com/2003/10/Serialization/Arrays"><a:double>0</a:double><a:double>0</a:double><a:double>0</a:double></Value></Attribute></Attributes><ChildElements/><ElementName>origin</ElementName><required>false</required><RPYAttribute z:Ref="i166"/><XYZAttribute z:Ref="i165"/><isCustomized>false</isCustomized></URDFElement><URDFElement z:Id="i167" i:type="Geometry"><Attributes/><ChildElements><URDFElement z:Id="i168" i:type="Mesh"><Attributes><Attribute z:Id="i169"><AttributeType>filename</AttributeType><IsRequired>true</IsRequired><Value i:nil="true"/></Attribute></Attributes><ChildElements/><ElementName>mesh</ElementName><required>false</required><FilenameAttribute z:Ref="i169"/></URDFElement></ChildElements><ElementName>geometry</ElementName><required>true</required><Mesh z:Ref="i168"/></URDFElement></ChildElements><ElementName>collision</ElementName><required>false</required><Geometry z:Ref="i167"/><Origin z:Ref="i164"/></URDFElement><URDFElement z:Id="i170" i:type="Joint"><Attributes><Attribute z:Id="i171"><AttributeType>name</AttributeType><IsRequired>true</IsRequired><Value i:type="a:string" xmlns:a="http://www.w3.org/2001/XMLSchema">Joint Sag On</Value></Attribute><Attribute z:Id="i172"><AttributeType>type</AttributeType><IsRequired>true</IsRequired><Value i:type="a:string" xmlns:a="http://www.w3.org/2001/XMLSchema">continuous</Value></Attribute></Attributes><ChildElements><URDFElement z:Id="i173" i:type="Origin"><Attributes><Attribute z:Id="i174"><AttributeType>xyz</AttributeType><IsRequired>true</IsRequired><Value i:type="a:ArrayOfdouble" xmlns:a="http://schemas.microsoft.com/2003/10/Serialization/Arrays"><a:double>0</a:double><a:double>0</a:double><a:double>0</a:double></Value></Attribute><Attribute z:Id="i175"><AttributeType>rpy</AttributeType><IsRequired>true</IsRequired><Value i:type="a:ArrayOfdouble" xmlns:a="http://schemas.microsoft.com/2003/10/Serialization/Arrays"><a:double>0</a:double><a:double>0</a:double><a:double>0</a:double></Value></Attribute></Attributes><ChildElements/><ElementName>origin</ElementName><required>false</required><RPYAttribute z:Ref="i175"/><XYZAttribute z:Ref="i174"/><isCustomized>false</isCustomized></URDFElement><URDFElement z:Id="i176" i:type="ParentLink"><Attributes><Attribute z:Id="i177"><AttributeType>link</AttributeType><IsRequired>true</IsRequired><Value i:type="a:string" xmlns:a="http://www.w3.org/2001/XMLSchema"/></Attribute></Attributes><ChildElements/><ElementName>parent</ElementName><required>true</required><NameAttribute z:Ref="i177"/></URDFElement><URDFElement z:Id="i178" i:type="ChildLink"><Attributes><Attribute z:Id="i179"><AttributeType>link</AttributeType><IsRequired>true</IsRequired><Value i:type="a:string" xmlns:a="http://www.w3.org/2001/XMLSchema"/></Attribute></Attributes><ChildElements/><ElementName>child</ElementName><required>true</required><NameAttribute z:Ref="i179"/></URDFElement><URDFElement z:Id="i180" i:type="Axis"><Attributes><Attribute z:Id="i181"><AttributeType>xyz</AttributeType><IsRequired>true</IsRequired><Value i:type="a:ArrayOfdouble" xmlns:a="http://schemas.microsoft.com/2003/10/Serialization/Arrays"><a:double>0</a:double><a:double>0</a:double><a:double>0</a:double></Value></Attribute></Attributes><ChildElements/><ElementName>axis</ElementName><required>false</required><XYZAttribute z:Ref="i181"/></URDFElement><URDFElement z:Id="i182" i:type="Limit"><Attributes><Attribute z:Id="i183"><AttributeType>lower</AttributeType><IsRequired>false</IsRequired><Value i:nil="true"/></Attribute><Attribute z:Id="i184"><AttributeType>upper</AttributeType><IsRequired>false</IsRequired><Value i:nil="true"/></Attribute><Attribute z:Id="i185"><AttributeType>effort</AttributeType><IsRequired>true</IsRequired><Value i:nil="true"/></Attribute><Attribute z:Id="i186"><AttributeType>velocity</AttributeType><IsRequired>true</IsRequired><Value i:nil="true"/></Attribute></Attributes><ChildElements/><ElementName>limit</ElementName><required>false</required><EffortAttribute z:Ref="i185"/><LowerAttribute z:Ref="i183"/><UpperAttribute z:Ref="i184"/><VelocityAttribute z:Ref="i186"/></URDFElement><URDFElement z:Id="i187" i:type="Calibration"><Attributes><Attribute z:Id="i188"><AttributeType>rising</AttributeType><IsRequired>false</IsRequired><Value i:nil="true"/></Attribute><Attribute z:Id="i189"><AttributeType>falling</AttributeType><IsRequired>false</IsRequired><Value i:nil="true"/></Attribute></Attributes><ChildElements/><ElementName>calibration</ElementName><required>false</required><FallingAttribute z:Ref="i189"/><RisingAttribute z:Ref="i188"/></URDFElement><URDFElement z:Id="i190" i:type="Dynamics"><Attributes><Attribute z:Id="i191"><AttributeType>damping</AttributeType><IsRequired>false</IsRequired><Value i:nil="true"/></Attribute><Attribute z:Id="i192"><AttributeType>friction</AttributeType><IsRequired>false</IsRequired><Value i:nil="true"/></Attribute></Attributes><ChildElements/><ElementName>dynamics</ElementName><required>false</required><DampingAttribute z:Ref="i191"/><FrictionAttribute z:Ref="i192"/></URDFElement><URDFElement z:Id="i193" i:type="SafetyController"><Attributes><Attribute z:Id="i194"><AttributeType>soft_upper_limit</AttributeType><IsRequired>false</IsRequired><Value i:nil="true"/></Attribute><Attribute z:Id="i195"><AttributeType>soft_lower_limit</AttributeType><IsRequired>false</IsRequired><Value i:nil="true"/></Attribute><Attribute z:Id="i196"><AttributeType>k_position</AttributeType><IsRequired>false</IsRequired><Value i:nil="true"/></Attribute><Attribute z:Id="i197"><AttributeType>k_velocity</AttributeType><IsRequired>true</IsRequired><Value i:nil="true"/></Attribute></Attributes><ChildElements/><ElementName>safety_controller</ElementName><required>false</required><KPositionAttribute z:Ref="i196"/><KVelocityAttribute z:Ref="i197"/><SoftLowerAttribute z:Ref="i195"/><SoftUpperAttribute z:Ref="i194"/></URDFElement><URDFElement z:Id="i198" i:type="Mimic"><Attributes><Attribute z:Id="i199"><AttributeType>joint</AttributeType><IsRequired>true</IsRequired><Value i:nil="true"/></Attribute><Attribute z:Id="i200"><AttributeType>multiplier</AttributeType><IsRequired>false</IsRequired><Value i:nil="true"/></Attribute><Attribute z:Id="i201"><AttributeType>offset</AttributeType><IsRequired>false</IsRequired><Value i:nil="true"/></Attribute></Attributes><ChildElements/><ElementName>mimic</ElementName><required>false</required><JointNameAttribute z:Ref="i199"/><MultiplierAttribute z:Ref="i200"/><OffsetAttribute z:Ref="i201"/></URDFElement></ChildElements><ElementName>joint</ElementName><required>false</required><Axis z:Ref="i180"/><AxisName>Eksen6</AxisName><Calibration z:Ref="i187"/><Child z:Ref="i178"/><CoordinateSystemName>Koordinat Sistemi4</CoordinateSystemName><Dynamics z:Ref="i190"/><Limit z:Ref="i182"/><Mimic z:Ref="i198"/><NameAttribute z:Ref="i171"/><Origin z:Ref="i173"/><Parent z:Ref="i176"/><Safety z:Ref="i193"/><TypeAttribute z:Ref="i172"/></URDFElement></ChildElements><ElementName>link</ElementName><required>true</required><Children/><Collision z:Ref="i163"/><Inertial z:Ref="i137"/><Joint z:Ref="i170"/><NameAttribute z:Ref="i136"/><Parent z:Ref="i68"/><STLQualityFine>false</STLQualityFine><SWComponentPIDs xmlns:a="http://schemas.microsoft.com/2003/10/Serialization/Arrays"><a:base64Binary>gD4AAAUAAAD//v8hdABlAGsAZQByAGwAZQBrACAAKAAyACkALQAxAEAAZwD2AHYAZABlACAAVQByAGQAZgAgAE0AbwBuAHQAYQBqADEBBAAAABAAAAABAAAAAQAAAL8AAAA=</a:base64Binary></SWComponentPIDs><SWMainComponentPID i:nil="true"/><Visual z:Ref="i150"/><isFixedFrame>false</isFixedFrame><isIncomplete>false</isIncomplete></Link><Link z:Id="i202"><Attributes><Attribute z:Id="i203"><AttributeType>name</AttributeType><IsRequired>true</IsRequired><Value i:type="a:string" xmlns:a="http://www.w3.org/2001/XMLSchema">Sag Arka</Value></Attribute></Attributes><ChildElements><URDFElement z:Id="i204" i:type="Inertial"><Attributes/><ChildElements><URDFElement z:Id="i205" i:type="Origin"><Attributes><Attribute z:Id="i206"><AttributeType>xyz</AttributeType><IsRequired>true</IsRequired><Value i:type="a:ArrayOfdouble" xmlns:a="http://schemas.microsoft.com/2003/10/Serialization/Arrays"><a:double>0</a:double><a:double>0</a:double><a:double>0</a:double></Value></Attribute><Attribute z:Id="i207"><AttributeType>rpy</AttributeType><IsRequired>true</IsRequired><Value i:type="a:ArrayOfdouble" xmlns:a="http://schemas.microsoft.com/2003/10/Serialization/Arrays"><a:double>0</a:double><a:double>0</a:double><a:double>0</a:double></Value></Attribute></Attributes><ChildElements/><ElementName>origin</ElementName><required>false</required><RPYAttribute z:Ref="i207"/><XYZAttribute z:Ref="i206"/><isCustomized>false</isCustomized></URDFElement><URDFElement z:Id="i208" i:type="Mass"><Attributes><Attribute z:Id="i209"><AttributeType>value</AttributeType><IsRequired>true</IsRequired><Value i:type="a:double" xmlns:a="http://www.w3.org/2001/XMLSchema">0</Value></Attribute></Attributes><ChildElements/><ElementName>mass</ElementName><required>false</required><ValueAttribute z:Ref="i209"/></URDFElement><URDFElement z:Id="i210" i:type="Inertia"><Attributes><Attribute z:Id="i211"><AttributeType>ixx</AttributeType><IsRequired>true</IsRequired><Value i:type="a:double" xmlns:a="http://www.w3.org/2001/XMLSchema">0</Value></Attribute><Attribute z:Id="i212"><AttributeType>ixy</AttributeType><IsRequired>true</IsRequired><Value i:type="a:double" xmlns:a="http://www.w3.org/2001/XMLSchema">0</Value></Attribute><Attribute z:Id="i213"><AttributeType>ixz</AttributeType><IsRequired>true</IsRequired><Value i:type="a:double" xmlns:a="http://www.w3.org/2001/XMLSchema">0</Value></Attribute><Attribute z:Id="i214"><AttributeType>iyy</AttributeType><IsRequired>true</IsRequired><Value i:type="a:double" xmlns:a="http://www.w3.org/2001/XMLSchema">0</Value></Attribute><Attribute z:Id="i215"><AttributeType>iyz</AttributeType><IsRequired>true</IsRequired><Value i:type="a:double" xmlns:a="http://www.w3.org/2001/XMLSchema">0</Value></Attribute><Attribute z:Id="i216"><AttributeType>izz</AttributeType><IsRequired>true</IsRequired><Value i:type="a:double" xmlns:a="http://www.w3.org/2001/XMLSchema">0</Value></Attribute></Attributes><ChildElements/><ElementName>inertia</ElementName><required>false</required><IxxAttribute z:Ref="i211"/><IxyAttribute z:Ref="i212"/><IxzAttribute z:Ref="i213"/><IyyAttribute z:Ref="i214"/><IyzAttribute z:Ref="i215"/><IzzAttribute z:Ref="i216"/></URDFElement></ChildElements><ElementName>inertial</ElementName><required>false</required><Inertia z:Ref="i210"/><Mass z:Ref="i208"/><Origin z:Ref="i205"/></URDFElement><URDFElement z:Id="i217" i:type="Visual"><Attributes/><ChildElements><URDFElement z:Id="i218" i:type="Origin"><Attributes><Attribute z:Id="i219"><AttributeType>xyz</AttributeType><IsRequired>true</IsRequired><Value i:type="a:ArrayOfdouble" xmlns:a="http://schemas.microsoft.com/2003/10/Serialization/Arrays"><a:double>0</a:double><a:double>0</a:double><a:double>0</a:double></Value></Attribute><Attribute z:Id="i220"><AttributeType>rpy</AttributeType><IsRequired>true</IsRequired><Value i:type="a:ArrayOfdouble" xmlns:a="http://schemas.microsoft.com/2003/10/Serialization/Arrays"><a:double>0</a:double><a:double>0</a:double><a:double>0</a:double></Value></Attribute></Attributes><ChildElements/><ElementName>origin</ElementName><required>false</required><RPYAttribute z:Ref="i220"/><XYZAttribute z:Ref="i219"/><isCustomized>false</isCustomized></URDFElement><URDFElement z:Id="i221" i:type="Geometry"><Attributes/><ChildElements><URDFElement z:Id="i222" i:type="Mesh"><Attributes><Attribute z:Id="i223"><AttributeType>filename</AttributeType><IsRequired>true</IsRequired><Value i:nil="true"/></Attribute></Attributes><ChildElements/><ElementName>mesh</ElementName><required>false</required><FilenameAttribute z:Ref="i223"/></URDFElement></ChildElements><ElementName>geometry</ElementName><required>true</required><Mesh z:Ref="i222"/></URDFElement><URDFElement z:Id="i224" i:type="Material"><Attributes><Attribute z:Id="i225"><AttributeType>name</AttributeType><IsRequired>true</IsRequired><Value i:type="a:string" xmlns:a="http://www.w3.org/2001/XMLSchema"/></Attribute></Attributes><ChildElements><URDFElement z:Id="i226" i:type="Color"><Attributes><Attribute z:Id="i227"><AttributeType>rgba</AttributeType><IsRequired>true</IsRequired><Value i:type="a:ArrayOfdouble" xmlns:a="http://schemas.microsoft.com/2003/10/Serialization/Arrays"><a:double>1</a:double><a:double>1</a:double><a:double>1</a:double><a:double>1</a:double></Value></Attribute></Attributes><ChildElements/><ElementName>color</ElementName><required>false</required><RGBAAttribute z:Ref="i227"/></URDFElement><URDFElement z:Id="i228" i:type="Texture"><Attributes><Attribute z:Id="i229"><AttributeType>filename</AttributeType><IsRequired>true</IsRequired><Value i:nil="true"/></Attribute></Attributes><ChildElements/><ElementName>texture</ElementName><required>false</required><FilenameAttribute z:Ref="i229"/><wFilename/></URDFElement></ChildElements><ElementName>material</ElementName><required>false</required><Color z:Ref="i226"/><NameAttribute z:Ref="i225"/><Texture z:Ref="i228"/></URDFElement></ChildElements><ElementName>visual</ElementName><required>false</required><Geometry z:Ref="i221"/><Material z:Ref="i224"/><Origin z:Ref="i218"/></URDFElement><URDFElement z:Id="i230" i:type="Collision"><Attributes/><ChildElements><URDFElement z:Id="i231" i:type="Origin"><Attributes><Attribute z:Id="i232"><AttributeType>xyz</AttributeType><IsRequired>true</IsRequired><Value i:type="a:ArrayOfdouble" xmlns:a="http://schemas.microsoft.com/2003/10/Serialization/Arrays"><a:double>0</a:double><a:double>0</a:double><a:double>0</a:double></Value></Attribute><Attribute z:Id="i233"><AttributeType>rpy</AttributeType><IsRequired>true</IsRequired><Value i:type="a:ArrayOfdouble" xmlns:a="http://schemas.microsoft.com/2003/10/Serialization/Arrays"><a:double>0</a:double><a:double>0</a:double><a:double>0</a:double></Value></Attribute></Attributes><ChildElements/><ElementName>origin</ElementName><required>false</required><RPYAttribute z:Ref="i233"/><XYZAttribute z:Ref="i232"/><isCustomized>false</isCustomized></URDFElement><URDFElement z:Id="i234" i:type="Geometry"><Attributes/><ChildElements><URDFElement z:Id="i235" i:type="Mesh"><Attributes><Attribute z:Id="i236"><AttributeType>filename</AttributeType><IsRequired>true</IsRequired><Value i:nil="true"/></Attribute></Attributes><ChildElements/><ElementName>mesh</ElementName><required>false</required><FilenameAttribute z:Ref="i236"/></URDFElement></ChildElements><ElementName>geometry</ElementName><required>true</required><Mesh z:Ref="i235"/></URDFElement></ChildElements><ElementName>collision</ElementName><required>false</required><Geometry z:Ref="i234"/><Origin z:Ref="i231"/></URDFElement><URDFElement z:Id="i237" i:type="Joint"><Attributes><Attribute z:Id="i238"><AttributeType>name</AttributeType><IsRequired>true</IsRequired><Value i:type="a:string" xmlns:a="http://www.w3.org/2001/XMLSchema">Joint Sag Arka</Value></Attribute><Attribute z:Id="i239"><AttributeType>type</AttributeType><IsRequired>true</IsRequired><Value i:type="a:string" xmlns:a="http://www.w3.org/2001/XMLSchema">continuous</Value></Attribute></Attributes><ChildElements><URDFElement z:Id="i240" i:type="Origin"><Attributes><Attribute z:Id="i241"><AttributeType>xyz</AttributeType><IsRequired>true</IsRequired><Value i:type="a:ArrayOfdouble" xmlns:a="http://schemas.microsoft.com/2003/10/Serialization/Arrays"><a:double>0</a:double><a:double>0</a:double><a:double>0</a:double></Value></Attribute><Attribute z:Id="i242"><AttributeType>rpy</AttributeType><IsRequired>true</IsRequired><Value i:type="a:ArrayOfdouble" xmlns:a="http://schemas.microsoft.com/2003/10/Serialization/Arrays"><a:double>0</a:double><a:double>0</a:double><a:double>0</a:double></Value></Attribute></Attributes><ChildElements/><ElementName>origin</ElementName><required>false</required><RPYAttribute z:Ref="i242"/><XYZAttribute z:Ref="i241"/><isCustomized>false</isCustomized></URDFElement><URDFElement z:Id="i243" i:type="ParentLink"><Attributes><Attribute z:Id="i244"><AttributeType>link</AttributeType><IsRequired>true</IsRequired><Value i:type="a:string" xmlns:a="http://www.w3.org/2001/XMLSchema"/></Attribute></Attributes><ChildElements/><ElementName>parent</ElementName><required>true</required><NameAttribute z:Ref="i244"/></URDFElement><URDFElement z:Id="i245" i:type="ChildLink"><Attributes><Attribute z:Id="i246"><AttributeType>link</AttributeType><IsRequired>true</IsRequired><Value i:type="a:string" xmlns:a="http://www.w3.org/2001/XMLSchema"/></Attribute></Attributes><ChildElements/><ElementName>child</ElementName><required>true</required><NameAttribute z:Ref="i246"/></URDFElement><URDFElement z:Id="i247" i:type="Axis"><Attributes><Attribute z:Id="i248"><AttributeType>xyz</AttributeType><IsRequired>true</IsRequired><Value i:type="a:ArrayOfdouble" xmlns:a="http://schemas.microsoft.com/2003/10/Serialization/Arrays"><a:double>0</a:double><a:double>0</a:double><a:double>0</a:double></Value></Attribute></Attributes><ChildElements/><ElementName>axis</ElementName><required>false</required><XYZAttribute z:Ref="i248"/></URDFElement><URDFElement z:Id="i249" i:type="Limit"><Attributes><Attribute z:Id="i250"><AttributeType>lower</AttributeType><IsRequired>false</IsRequired><Value i:nil="true"/></Attribute><Attribute z:Id="i251"><AttributeType>upper</AttributeType><IsRequired>false</IsRequired><Value i:nil="true"/></Attribute><Attribute z:Id="i252"><AttributeType>effort</AttributeType><IsRequired>true</IsRequired><Value i:nil="true"/></Attribute><Attribute z:Id="i253"><AttributeType>velocity</AttributeType><IsRequired>true</IsRequired><Value i:nil="true"/></Attribute></Attributes><ChildElements/><ElementName>limit</ElementName><required>false</required><EffortAttribute z:Ref="i252"/><LowerAttribute z:Ref="i250"/><UpperAttribute z:Ref="i251"/><VelocityAttribute z:Ref="i253"/></URDFElement><URDFElement z:Id="i254" i:type="Calibration"><Attributes><Attribute z:Id="i255"><AttributeType>rising</AttributeType><IsRequired>false</IsRequired><Value i:nil="true"/></Attribute><Attribute z:Id="i256"><AttributeType>falling</AttributeType><IsRequired>false</IsRequired><Value i:nil="true"/></Attribute></Attributes><ChildElements/><ElementName>calibration</ElementName><required>false</required><FallingAttribute z:Ref="i256"/><RisingAttribute z:Ref="i255"/></URDFElement><URDFElement z:Id="i257" i:type="Dynamics"><Attributes><Attribute z:Id="i258"><AttributeType>damping</AttributeType><IsRequired>false</IsRequired><Value i:nil="true"/></Attribute><Attribute z:Id="i259"><AttributeType>friction</AttributeType><IsRequired>false</IsRequired><Value i:nil="true"/></Attribute></Attributes><ChildElements/><ElementName>dynamics</ElementName><required>false</required><DampingAttribute z:Ref="i258"/><FrictionAttribute z:Ref="i259"/></URDFElement><URDFElement z:Id="i260" i:type="SafetyController"><Attributes><Attribute z:Id="i261"><AttributeType>soft_upper_limit</AttributeType><IsRequired>false</IsRequired><Value i:nil="true"/></Attribute><Attribute z:Id="i262"><AttributeType>soft_lower_limit</AttributeType><IsRequired>false</IsRequired><Value i:nil="true"/></Attribute><Attribute z:Id="i263"><AttributeType>k_position</AttributeType><IsRequired>false</IsRequired><Value i:nil="true"/></Attribute><Attribute z:Id="i264"><AttributeType>k_velocity</AttributeType><IsRequired>true</IsRequired><Value i:nil="true"/></Attribute></Attributes><ChildElements/><ElementName>safety_controller</ElementName><required>false</required><KPositionAttribute z:Ref="i263"/><KVelocityAttribute z:Ref="i264"/><SoftLowerAttribute z:Ref="i262"/><SoftUpperAttribute z:Ref="i261"/></URDFElement><URDFElement z:Id="i265" i:type="Mimic"><Attributes><Attribute z:Id="i266"><AttributeType>joint</AttributeType><IsRequired>true</IsRequired><Value i:nil="true"/></Attribute><Attribute z:Id="i267"><AttributeType>multiplier</AttributeType><IsRequired>false</IsRequired><Value i:nil="true"/></Attribute><Attribute z:Id="i268"><AttributeType>offset</AttributeType><IsRequired>false</IsRequired><Value i:nil="true"/></Attribute></Attributes><ChildElements/><ElementName>mimic</ElementName><required>false</required><JointNameAttribute z:Ref="i266"/><MultiplierAttribute z:Ref="i267"/><OffsetAttribute z:Ref="i268"/></URDFElement></ChildElements><ElementName>joint</ElementName><required>false</required><Axis z:Ref="i247"/><AxisName>Eksen4</AxisName><Calibration z:Ref="i254"/><Child z:Ref="i245"/><CoordinateSystemName>Koordinat Sistemi5</CoordinateSystemName><Dynamics z:Ref="i257"/><Limit z:Ref="i249"/><Mimic z:Ref="i265"/><NameAttribute z:Ref="i238"/><Origin z:Ref="i240"/><Parent z:Ref="i243"/><Safety z:Ref="i260"/><TypeAttribute z:Ref="i239"/></URDFElement></ChildElements><ElementName>link</ElementName><required>true</required><Children/><Collision z:Ref="i230"/><Inertial z:Ref="i204"/><Joint z:Ref="i237"/><NameAttribute z:Ref="i203"/><Parent z:Ref="i68"/><STLQualityFine>false</STLQualityFine><SWComponentPIDs xmlns:a="http://schemas.microsoft.com/2003/10/Serialization/Arrays"><a:base64Binary>gD4AAAUAAAD//v8hdABlAGsAZQByAGwAZQBrACAAKAAyACkALQA0AEAAZwD2AHYAZABlACAAVQByAGQAZgAgAE0AbwBuAHQAYQBqADEBBAAAABAAAAABAAAAAQAAAMIAAAA=</a:base64Binary></SWComponentPIDs><SWMainComponentPID i:nil="true"/><Visual z:Ref="i217"/><isFixedFrame>false</isFixedFrame><isIncomplete>false</isIncomplete></Link></Children><Collision z:Ref="i96"/><Inertial z:Ref="i70"/><Joint z:Ref="i103"/><NameAttribute z:Ref="i69"/><Parent z:Ref="i1"/><STLQualityFine>false</STLQualityFine><SWComponentPIDs xmlns:a="http://schemas.microsoft.com/2003/10/Serialization/Arrays"><a:base64Binary>gD4AAAUAAAD//v8oMwAwACAAeAAgADMAMAAgAHAAcgBvAGYAaQBsAC4AcwB0AGUAcAAtADMAQABnAPYAdgBkAGUAIABVAHIAZABmACAATQBvAG4AdABhAGoAMQEEAAAAEAAAAAEAAAABAAAAhAAAAA==</a:base64Binary><a:base64Binary>gD4AAAUAAAD//v8oMwAwACAAeAAgADMAMAAgAHAAcgBvAGYAaQBsAC4AcwB0AGUAcAAtADQAQABnAPYAdgBkAGUAIABVAHIAZABmACAATQBvAG4AdABhAGoAMQEEAAAAEAAAAAEAAAABAAAAjQAAAA==</a:base64Binary><a:base64Binary>gD4AAAUAAAD//v+TXwFpAG0AZABpAGwAaQBrACAAbQBvAG4AdABhAGoAIABnAPYAdgBkAGUAIABkADEBXwEuAHMAdABlAHAALQA0AEAAZwD2AHYAZABlACAAVQByAGQAZgAgAE0AbwBuAHQAYQBqADEBLwBTAEsARgBfAEYAWQBUAEIAIAAyADAAIABUAEYALgBzAHQAZQBwAC0AMQBAAF8BaQBtAGQAaQBsAGkAawAgAG0AbwBuAHQAYQBqACAAZwD2AHYAZABlACAAZAAxAV8BLgBzAHQAZQBwAC8ARgBZAFQAQgAgADUAMAA0ACAATQArACsAMABfAGgALgBzAHQAZQBwAC0AMQBAAFMASwBGAF8ARgBZAFQAQgAgADIAMAAgAFQARgAuAHMAdABlAHAABAAAABAAAAABAAAAAwAAAJEAAAAYAAAAGAAAAA==</a:base64Binary><a:base64Binary>gD4AAAUAAAD//v9uXwFpAG0AZABpAGwAaQBrACAAbQBvAG4AdABhAGoAIABnAPYAdgBkAGUAIABkADEBXwEuAHMAdABlAHAALQAzAEAAZwD2AHYAZABlACAAVQByAGQAZgAgAE0AbwBuAHQAYQBqADEBLwBiAGEAHwFsAGEAbgB0ADEBIABwAGEAcgBfAFgAXwBFADcAYQBzADEBLgBzAHQAZQBwAC0AMQBAAF8BaQBtAGQAaQBsAGkAawAgAG0AbwBuAHQAYQBqACAAZwD2AHYAZABlACAAZAAxAV8BLgBzAHQAZQBwAAQAAAAQAAAAAQAAAAIAAACGAAAAGQAAAA==</a:base64Binary><a:base64Binary>gD4AAAUAAAD//v9uXwFpAG0AZABpAGwAaQBrACAAbQBvAG4AdABhAGoAIABnAPYAdgBkAGUAIABkADEBXwEuAHMAdABlAHAALQA0AEAAZwD2AHYAZABlACAAVQByAGQAZgAgAE0AbwBuAHQAYQBqADEBLwBiAGEAHwFsAGEAbgB0ADEBIABwAGEAcgBfAFgAXwBFADcAYQBzADEBLgBzAHQAZQBwAC0AMQBAAF8BaQBtAGQAaQBsAGkAawAgAG0AbwBuAHQAYQBqACAAZwD2AHYAZABlACAAZAAxAV8BLgBzAHQAZQBwAAQAAAAQAAAAAQAAAAIAAACRAAAAGQAAAA==</a:base64Binary><a:base64Binary>gD4AAAUAAAD//v+TXwFpAG0AZABpAGwAaQBrACAAbQBvAG4AdABhAGoAIABnAPYAdgBkAGUAIABkADEBXwEuAHMAdABlAHAALQAzAEAAZwD2AHYAZABlACAAVQByAGQAZgAgAE0AbwBuAHQAYQBqADEBLwBTAEsARgBfAEYAWQBUAEIAIAAyADAAIABUAEYALgBzAHQAZQBwAC0AMQBAAF8BaQBtAGQAaQBsAGkAawAgAG0AbwBuAHQAYQBqACAAZwD2AHYAZABlACAAZAAxAV8BLgBzAHQAZQBwAC8ARgBZAFQAQgAgADUAMAA0ACAATQArACsAMABfAGgALgBzAHQAZQBwAC0AMQBAAFMASwBGAF8ARgBZAFQAQgAgADIAMAAgAFQARgAuAHMAdABlAHAABAAAABAAAAABAAAAAwAAAIYAAAAYAAAAGAAAAA==</a:base64Binary><a:base64Binary>gD4AAAUAAAD//v9NTQBvAG4AdABhAGoANgAgACgAMQApAC4AcwB0AGUAcAAtADIAQABnAPYAdgBkAGUAIABVAHIAZABmACAATQBvAG4AdABhAGoAMQEvAE0AbwB0AG8AcgAgAGIAYQAfAWwAYQBtAGEAXwAyAC4AcwB0AGUAcAAtADkAQABNAG8AbgB0AGEAagA2ACAAKAAxACkALgBzAHQAZQBwAAQAAAAQAAAAAQAAAAIAAACjAAAAGQAAAA==</a:base64Binary><a:base64Binary>gD4AAAUAAAD//v9MTQBvAG4AdABhAGoANgAgACgAMQApAC4AcwB0AGUAcAAtADEAQABnAPYAdgBkAGUAIABVAHIAZABmACAATQBvAG4AdABhAGoAMQEvAFAAYQByAF8AWABfAEUANwBhADIAMQBfADEALgBzAHQAZQBwAC0AMQA5AEAATQBvAG4AdABhAGoANgAgACgAMQApAC4AcwB0AGUAcAAEAAAAEAAAAAEAAAACAAAAnAAAABoAAAA=</a:base64Binary><a:base64Binary>gD4AAAUAAAD//v/FTQBvAG4AdABhAGoANgAgACgAMQApAC4AcwB0AGUAcAAtADEAQABnAPYAdgBkAGUAIABVAHIAZABmACAATQBvAG4AdABhAGoAMQEvAE0AbwB0AG8AcgAzAGQAXwAxAC4AcwB0AGUAcAAtADEAMABAAE0AbwBuAHQAYQBqADYAIAAoADEAKQAuAHMAdABlAHAALwBNAG8AdABvAHIAMwBkAC4AUwBUAEUAUABfADEALgBzAHQAZQBwAC0AMQAwAEAATQBvAHQAbwByADMAZABfADEALgBzAHQAZQBwAC8AXwBfAF8AXwBfAF8AXwBfAC4AUwBUAEUAUABfADEALgBzAHQAZQBwAC0AMQAwAEAATQBvAHQAbwByADMAZAAuAFMAVABFAFAAXwAxAC4AcwB0AGUAcAAvAF8AXwBfAF8ALQA2AC4AUwBUAEUAUABfADEALgBzAHQAZQBwAC0AMQAwAEAAXwBfAF8AXwBfAF8AXwBfAC4AUwBUAEUAUABfADEALgBzAHQAZQBwAAQAAAAQAAAAAQAAAAUAAACcAAAAGAAAABgAAAAZAAAAGQAAAA==</a:base64Binary><a:base64Binary>gD4AAAUAAAD//v9MTQBvAG4AdABhAGoANgAgACgAMQApAC4AcwB0AGUAcAAtADEAQABnAPYAdgBkAGUAIABVAHIAZABmACAATQBvAG4AdABhAGoAMQEvAFAAYQByAF8AWABfAEUANwBhADIAMgBfADEALgBzAHQAZQBwAC0ANAAwAEAATQBvAG4AdABhAGoANgAgACgAMQApAC4AcwB0AGUAcAAEAAAAEAAAAAEAAAACAAAAnAAAAB0AAAA=</a:base64Binary><a:base64Binary>gD4AAAUAAAD//v9MTQBvAG4AdABhAGoANgAgACgAMQApAC4AcwB0AGUAcAAtADEAQABnAPYAdgBkAGUAIABVAHIAZABmACAATQBvAG4AdABhAGoAMQEvAFAAYQByAF8AWABfAEUANwBhADIAMgBfADEALgBzAHQAZQBwAC0ANAAxAEAATQBvAG4AdABhAGoANgAgACgAMQApAC4AcwB0AGUAcAAEAAAAEAAAAAEAAAACAAAAnAAAAB4AAAA=</a:base64Binary><a:base64Binary>gD4AAAUAAAD//v8lTQBvAG4AdABhAGoANgAgACgAMQApAC4AcwB0AGUAcAAtADEAQABnAPYAdgBkAGUAIABVAHIAZABmACAATQBvAG4AdABhAGoAMQEEAAAAEAAAAAEAAAABAAAAnAAAAA==</a:base64Binary><a:base64Binary>gD4AAAUAAAD//v8lTQBvAG4AdABhAGoANgAgACgAMQApAC4AcwB0AGUAcAAtADIAQABnAPYAdgBkAGUAIABVAHIAZABmACAATQBvAG4AdABhAGoAMQEEAAAAEAAAAAEAAAABAAAAowAAAA==</a:base64Binary></SWComponentPIDs><SWMainComponentPID i:nil="true"/><Visual z:Ref="i83"/><isFixedFrame>false</isFixedFrame><isIncomplete>false</isIncomplete></Link><Link z:Id="i269"><Attributes><Attribute z:Id="i270"><AttributeType>name</AttributeType><IsRequired>true</IsRequired><Value i:type="a:string" xmlns:a="http://www.w3.org/2001/XMLSchema">Sol Suspensiyon merkezi</Value></Attribute></Attributes><ChildElements><URDFElement z:Id="i271" i:type="Inertial"><Attributes/><ChildElements><URDFElement z:Id="i272" i:type="Origin"><Attributes><Attribute z:Id="i273"><AttributeType>xyz</AttributeType><IsRequired>true</IsRequired><Value i:type="a:ArrayOfdouble" xmlns:a="http://schemas.microsoft.com/2003/10/Serialization/Arrays"><a:double>0</a:double><a:double>0</a:double><a:double>0</a:double></Value></Attribute><Attribute z:Id="i274"><AttributeType>rpy</AttributeType><IsRequired>true</IsRequired><Value i:type="a:ArrayOfdouble" xmlns:a="http://schemas.microsoft.com/2003/10/Serialization/Arrays"><a:double>0</a:double><a:double>0</a:double><a:double>0</a:double></Value></Attribute></Attributes><ChildElements/><ElementName>origin</ElementName><required>false</required><RPYAttribute z:Ref="i274"/><XYZAttribute z:Ref="i273"/><isCustomized>false</isCustomized></URDFElement><URDFElement z:Id="i275" i:type="Mass"><Attributes><Attribute z:Id="i276"><AttributeType>value</AttributeType><IsRequired>true</IsRequired><Value i:type="a:double" xmlns:a="http://www.w3.org/2001/XMLSchema">0</Value></Attribute></Attributes><ChildElements/><ElementName>mass</ElementName><required>false</required><ValueAttribute z:Ref="i276"/></URDFElement><URDFElement z:Id="i277" i:type="Inertia"><Attributes><Attribute z:Id="i278"><AttributeType>ixx</AttributeType><IsRequired>true</IsRequired><Value i:type="a:double" xmlns:a="http://www.w3.org/2001/XMLSchema">0</Value></Attribute><Attribute z:Id="i279"><AttributeType>ixy</AttributeType><IsRequired>true</IsRequired><Value i:type="a:double" xmlns:a="http://www.w3.org/2001/XMLSchema">0</Value></Attribute><Attribute z:Id="i280"><AttributeType>ixz</AttributeType><IsRequired>true</IsRequired><Value i:type="a:double" xmlns:a="http://www.w3.org/2001/XMLSchema">0</Value></Attribute><Attribute z:Id="i281"><AttributeType>iyy</AttributeType><IsRequired>true</IsRequired><Value i:type="a:double" xmlns:a="http://www.w3.org/2001/XMLSchema">0</Value></Attribute><Attribute z:Id="i282"><AttributeType>iyz</AttributeType><IsRequired>true</IsRequired><Value i:type="a:double" xmlns:a="http://www.w3.org/2001/XMLSchema">0</Value></Attribute><Attribute z:Id="i283"><AttributeType>izz</AttributeType><IsRequired>true</IsRequired><Value i:type="a:double" xmlns:a="http://www.w3.org/2001/XMLSchema">0</Value></Attribute></Attributes><ChildElements/><ElementName>inertia</ElementName><required>false</required><IxxAttribute z:Ref="i278"/><IxyAttribute z:Ref="i279"/><IxzAttribute z:Ref="i280"/><IyyAttribute z:Ref="i281"/><IyzAttribute z:Ref="i282"/><IzzAttribute z:Ref="i283"/></URDFElement></ChildElements><ElementName>inertial</ElementName><required>false</required><Inertia z:Ref="i277"/><Mass z:Ref="i275"/><Origin z:Ref="i272"/></URDFElement><URDFElement z:Id="i284" i:type="Visual"><Attributes/><ChildElements><URDFElement z:Id="i285" i:type="Origin"><Attributes><Attribute z:Id="i286"><AttributeType>xyz</AttributeType><IsRequired>true</IsRequired><Value i:type="a:ArrayOfdouble" xmlns:a="http://schemas.microsoft.com/2003/10/Serialization/Arrays"><a:double>0</a:double><a:double>0</a:double><a:double>0</a:double></Value></Attribute><Attribute z:Id="i287"><AttributeType>rpy</AttributeType><IsRequired>true</IsRequired><Value i:type="a:ArrayOfdouble" xmlns:a="http://schemas.microsoft.com/2003/10/Serialization/Arrays"><a:double>0</a:double><a:double>0</a:double><a:double>0</a:double></Value></Attribute></Attributes><ChildElements/><ElementName>origin</ElementName><required>false</required><RPYAttribute z:Ref="i287"/><XYZAttribute z:Ref="i286"/><isCustomized>false</isCustomized></URDFElement><URDFElement z:Id="i288" i:type="Geometry"><Attributes/><ChildElements><URDFElement z:Id="i289" i:type="Mesh"><Attributes><Attribute z:Id="i290"><AttributeType>filename</AttributeType><IsRequired>true</IsRequired><Value i:nil="true"/></Attribute></Attributes><ChildElements/><ElementName>mesh</ElementName><required>false</required><FilenameAttribute z:Ref="i290"/></URDFElement></ChildElements><ElementName>geometry</ElementName><required>true</required><Mesh z:Ref="i289"/></URDFElement><URDFElement z:Id="i291" i:type="Material"><Attributes><Attribute z:Id="i292"><AttributeType>name</AttributeType><IsRequired>true</IsRequired><Value i:type="a:string" xmlns:a="http://www.w3.org/2001/XMLSchema"/></Attribute></Attributes><ChildElements><URDFElement z:Id="i293" i:type="Color"><Attributes><Attribute z:Id="i294"><AttributeType>rgba</AttributeType><IsRequired>true</IsRequired><Value i:type="a:ArrayOfdouble" xmlns:a="http://schemas.microsoft.com/2003/10/Serialization/Arrays"><a:double>1</a:double><a:double>1</a:double><a:double>1</a:double><a:double>1</a:double></Value></Attribute></Attributes><ChildElements/><ElementName>color</ElementName><required>false</required><RGBAAttribute z:Ref="i294"/></URDFElement><URDFElement z:Id="i295" i:type="Texture"><Attributes><Attribute z:Id="i296"><AttributeType>filename</AttributeType><IsRequired>true</IsRequired><Value i:nil="true"/></Attribute></Attributes><ChildElements/><ElementName>texture</ElementName><required>false</required><FilenameAttribute z:Ref="i296"/><wFilename/></URDFElement></ChildElements><ElementName>material</ElementName><required>false</required><Color z:Ref="i293"/><NameAttribute z:Ref="i292"/><Texture z:Ref="i295"/></URDFElement></ChildElements><ElementName>visual</ElementName><required>false</required><Geometry z:Ref="i288"/><Material z:Ref="i291"/><Origin z:Ref="i285"/></URDFElement><URDFElement z:Id="i297" i:type="Collision"><Attributes/><ChildElements><URDFElement z:Id="i298" i:type="Origin"><Attributes><Attribute z:Id="i299"><AttributeType>xyz</AttributeType><IsRequired>true</IsRequired><Value i:type="a:ArrayOfdouble" xmlns:a="http://schemas.microsoft.com/2003/10/Serialization/Arrays"><a:double>0</a:double><a:double>0</a:double><a:double>0</a:double></Value></Attribute><Attribute z:Id="i300"><AttributeType>rpy</AttributeType><IsRequired>true</IsRequired><Value i:type="a:ArrayOfdouble" xmlns:a="http://schemas.microsoft.com/2003/10/Serialization/Arrays"><a:double>0</a:double><a:double>0</a:double><a:double>0</a:double></Value></Attribute></Attributes><ChildElements/><ElementName>origin</ElementName><required>false</required><RPYAttribute z:Ref="i300"/><XYZAttribute z:Ref="i299"/><isCustomized>false</isCustomized></URDFElement><URDFElement z:Id="i301" i:type="Geometry"><Attributes/><ChildElements><URDFElement z:Id="i302" i:type="Mesh"><Attributes><Attribute z:Id="i303"><AttributeType>filename</AttributeType><IsRequired>true</IsRequired><Value i:nil="true"/></Attribute></Attributes><ChildElements/><ElementName>mesh</ElementName><required>false</required><FilenameAttribute z:Ref="i303"/></URDFElement></ChildElements><ElementName>geometry</ElementName><required>true</required><Mesh z:Ref="i302"/></URDFElement></ChildElements><ElementName>collision</ElementName><required>false</required><Geometry z:Ref="i301"/><Origin z:Ref="i298"/></URDFElement><URDFElement z:Id="i304" i:type="Joint"><Attributes><Attribute z:Id="i305"><AttributeType>name</AttributeType><IsRequired>true</IsRequired><Value i:type="a:string" xmlns:a="http://www.w3.org/2001/XMLSchema">Sol Suspensiyon merkezi</Value></Attribute><Attribute z:Id="i306"><AttributeType>type</AttributeType><IsRequired>true</IsRequired><Value i:type="a:string" xmlns:a="http://www.w3.org/2001/XMLSchema">revolute</Value></Attribute></Attributes><ChildElements><URDFElement z:Id="i307" i:type="Origin"><Attributes><Attribute z:Id="i308"><AttributeType>xyz</AttributeType><IsRequired>true</IsRequired><Value i:type="a:ArrayOfdouble" xmlns:a="http://schemas.microsoft.com/2003/10/Serialization/Arrays"><a:double>0</a:double><a:double>0</a:double><a:double>0</a:double></Value></Attribute><Attribute z:Id="i309"><AttributeType>rpy</AttributeType><IsRequired>true</IsRequired><Value i:type="a:ArrayOfdouble" xmlns:a="http://schemas.microsoft.com/2003/10/Serialization/Arrays"><a:double>0</a:double><a:double>0</a:double><a:double>0</a:double></Value></Attribute></Attributes><ChildElements/><ElementName>origin</ElementName><required>false</required><RPYAttribute z:Ref="i309"/><XYZAttribute z:Ref="i308"/><isCustomized>false</isCustomized></URDFElement><URDFElement z:Id="i310" i:type="ParentLink"><Attributes><Attribute z:Id="i311"><AttributeType>link</AttributeType><IsRequired>true</IsRequired><Value i:type="a:string" xmlns:a="http://www.w3.org/2001/XMLSchema"/></Attribute></Attributes><ChildElements/><ElementName>parent</ElementName><required>true</required><NameAttribute z:Ref="i311"/></URDFElement><URDFElement z:Id="i312" i:type="ChildLink"><Attributes><Attribute z:Id="i313"><AttributeType>link</AttributeType><IsRequired>true</IsRequired><Value i:type="a:string" xmlns:a="http://www.w3.org/2001/XMLSchema"/></Attribute></Attributes><ChildElements/><ElementName>child</ElementName><required>true</required><NameAttribute z:Ref="i313"/></URDFElement><URDFElement z:Id="i314" i:type="Axis"><Attributes><Attribute z:Id="i315"><AttributeType>xyz</AttributeType><IsRequired>true</IsRequired><Value i:type="a:ArrayOfdouble" xmlns:a="http://schemas.microsoft.com/2003/10/Serialization/Arrays"><a:double>0</a:double><a:double>0</a:double><a:double>0</a:double></Value></Attribute></Attributes><ChildElements/><ElementName>axis</ElementName><required>false</required><XYZAttribute z:Ref="i315"/></URDFElement><URDFElement z:Id="i316" i:type="Limit"><Attributes><Attribute z:Id="i317"><AttributeType>lower</AttributeType><IsRequired>false</IsRequired><Value i:nil="true"/></Attribute><Attribute z:Id="i318"><AttributeType>upper</AttributeType><IsRequired>false</IsRequired><Value i:nil="true"/></Attribute><Attribute z:Id="i319"><AttributeType>effort</AttributeType><IsRequired>true</IsRequired><Value i:nil="true"/></Attribute><Attribute z:Id="i320"><AttributeType>velocity</AttributeType><IsRequired>true</IsRequired><Value i:nil="true"/></Attribute></Attributes><ChildElements/><ElementName>limit</ElementName><required>false</required><EffortAttribute z:Ref="i319"/><LowerAttribute z:Ref="i317"/><UpperAttribute z:Ref="i318"/><VelocityAttribute z:Ref="i320"/></URDFElement><URDFElement z:Id="i321" i:type="Calibration"><Attributes><Attribute z:Id="i322"><AttributeType>rising</AttributeType><IsRequired>false</IsRequired><Value i:nil="true"/></Attribute><Attribute z:Id="i323"><AttributeType>falling</AttributeType><IsRequired>false</IsRequired><Value i:nil="true"/></Attribute></Attributes><ChildElements/><ElementName>calibration</ElementName><required>false</required><FallingAttribute z:Ref="i323"/><RisingAttribute z:Ref="i322"/></URDFElement><URDFElement z:Id="i324" i:type="Dynamics"><Attributes><Attribute z:Id="i325"><AttributeType>damping</AttributeType><IsRequired>false</IsRequired><Value i:nil="true"/></Attribute><Attribute z:Id="i326"><AttributeType>friction</AttributeType><IsRequired>false</IsRequired><Value i:nil="true"/></Attribute></Attributes><ChildElements/><ElementName>dynamics</ElementName><required>false</required><DampingAttribute z:Ref="i325"/><FrictionAttribute z:Ref="i326"/></URDFElement><URDFElement z:Id="i327" i:type="SafetyController"><Attributes><Attribute z:Id="i328"><AttributeType>soft_upper_limit</AttributeType><IsRequired>false</IsRequired><Value i:nil="true"/></Attribute><Attribute z:Id="i329"><AttributeType>soft_lower_limit</AttributeType><IsRequired>false</IsRequired><Value i:nil="true"/></Attribute><Attribute z:Id="i330"><AttributeType>k_position</AttributeType><IsRequired>false</IsRequired><Value i:nil="true"/></Attribute><Attribute z:Id="i331"><AttributeType>k_velocity</AttributeType><IsRequired>true</IsRequired><Value i:nil="true"/></Attribute></Attributes><ChildElements/><ElementName>safety_controller</ElementName><required>false</required><KPositionAttribute z:Ref="i330"/><KVelocityAttribute z:Ref="i331"/><SoftLowerAttribute z:Ref="i329"/><SoftUpperAttribute z:Ref="i328"/></URDFElement><URDFElement z:Id="i332" i:type="Mimic"><Attributes><Attribute z:Id="i333"><AttributeType>joint</AttributeType><IsRequired>true</IsRequired><Value i:nil="true"/></Attribute><Attribute z:Id="i334"><AttributeType>multiplier</AttributeType><IsRequired>false</IsRequired><Value i:nil="true"/></Attribute><Attribute z:Id="i335"><AttributeType>offset</AttributeType><IsRequired>false</IsRequired><Value i:nil="true"/></Attribute></Attributes><ChildElements/><ElementName>mimic</ElementName><required>false</required><JointNameAttribute z:Ref="i333"/><MultiplierAttribute z:Ref="i334"/><OffsetAttribute z:Ref="i335"/></URDFElement></ChildElements><ElementName>joint</ElementName><required>false</required><Axis z:Ref="i314"/><AxisName>Automatically Generate</AxisName><Calibration z:Ref="i321"/><Child z:Ref="i312"/><CoordinateSystemName>Koordinat Sistemi2</CoordinateSystemName><Dynamics z:Ref="i324"/><Limit z:Ref="i316"/><Mimic z:Ref="i332"/><NameAttribute z:Ref="i305"/><Origin z:Ref="i307"/><Parent z:Ref="i310"/><Safety z:Ref="i327"/><TypeAttribute z:Ref="i306"/></URDFElement></ChildElements><ElementName>link</ElementName><required>true</required><Children><Link z:Id="i336"><Attributes><Attribute z:Id="i337"><AttributeType>name</AttributeType><IsRequired>true</IsRequired><Value i:type="a:string" xmlns:a="http://www.w3.org/2001/XMLSchema">Sol On</Value></Attribute></Attributes><ChildElements><URDFElement z:Id="i338" i:type="Inertial"><Attributes/><ChildElements><URDFElement z:Id="i339" i:type="Origin"><Attributes><Attribute z:Id="i340"><AttributeType>xyz</AttributeType><IsRequired>true</IsRequired><Value i:type="a:ArrayOfdouble" xmlns:a="http://schemas.microsoft.com/2003/10/Serialization/Arrays"><a:double>0</a:double><a:double>0</a:double><a:double>0</a:double></Value></Attribute><Attribute z:Id="i341"><AttributeType>rpy</AttributeType><IsRequired>true</IsRequired><Value i:type="a:ArrayOfdouble" xmlns:a="http://schemas.microsoft.com/2003/10/Serialization/Arrays"><a:double>0</a:double><a:double>0</a:double><a:double>0</a:double></Value></Attribute></Attributes><ChildElements/><ElementName>origin</ElementName><required>false</required><RPYAttribute z:Ref="i341"/><XYZAttribute z:Ref="i340"/><isCustomized>false</isCustomized></URDFElement><URDFElement z:Id="i342" i:type="Mass"><Attributes><Attribute z:Id="i343"><AttributeType>value</AttributeType><IsRequired>true</IsRequired><Value i:type="a:double" xmlns:a="http://www.w3.org/2001/XMLSchema">0</Value></Attribute></Attributes><ChildElements/><ElementName>mass</ElementName><required>false</required><ValueAttribute z:Ref="i343"/></URDFElement><URDFElement z:Id="i344" i:type="Inertia"><Attributes><Attribute z:Id="i345"><AttributeType>ixx</AttributeType><IsRequired>true</IsRequired><Value i:type="a:double" xmlns:a="http://www.w3.org/2001/XMLSchema">0</Value></Attribute><Attribute z:Id="i346"><AttributeType>ixy</AttributeType><IsRequired>true</IsRequired><Value i:type="a:double" xmlns:a="http://www.w3.org/2001/XMLSchema">0</Value></Attribute><Attribute z:Id="i347"><AttributeType>ixz</AttributeType><IsRequired>true</IsRequired><Value i:type="a:double" xmlns:a="http://www.w3.org/2001/XMLSchema">0</Value></Attribute><Attribute z:Id="i348"><AttributeType>iyy</AttributeType><IsRequired>true</IsRequired><Value i:type="a:double" xmlns:a="http://www.w3.org/2001/XMLSchema">0</Value></Attribute><Attribute z:Id="i349"><AttributeType>iyz</AttributeType><IsRequired>true</IsRequired><Value i:type="a:double" xmlns:a="http://www.w3.org/2001/XMLSchema">0</Value></Attribute><Attribute z:Id="i350"><AttributeType>izz</AttributeType><IsRequired>true</IsRequired><Value i:type="a:double" xmlns:a="http://www.w3.org/2001/XMLSchema">0</Value></Attribute></Attributes><ChildElements/><ElementName>inertia</ElementName><required>false</required><IxxAttribute z:Ref="i345"/><IxyAttribute z:Ref="i346"/><IxzAttribute z:Ref="i347"/><IyyAttribute z:Ref="i348"/><IyzAttribute z:Ref="i349"/><IzzAttribute z:Ref="i350"/></URDFElement></ChildElements><ElementName>inertial</ElementName><required>false</required><Inertia z:Ref="i344"/><Mass z:Ref="i342"/><Origin z:Ref="i339"/></URDFElement><URDFElement z:Id="i351" i:type="Visual"><Attributes/><ChildElements><URDFElement z:Id="i352" i:type="Origin"><Attributes><Attribute z:Id="i353"><AttributeType>xyz</AttributeType><IsRequired>true</IsRequired><Value i:type="a:ArrayOfdouble" xmlns:a="http://schemas.microsoft.com/2003/10/Serialization/Arrays"><a:double>0</a:double><a:double>0</a:double><a:double>0</a:double></Value></Attribute><Attribute z:Id="i354"><AttributeType>rpy</AttributeType><IsRequired>true</IsRequired><Value i:type="a:ArrayOfdouble" xmlns:a="http://schemas.microsoft.com/2003/10/Serialization/Arrays"><a:double>0</a:double><a:double>0</a:double><a:double>0</a:double></Value></Attribute></Attributes><ChildElements/><ElementName>origin</ElementName><required>false</required><RPYAttribute z:Ref="i354"/><XYZAttribute z:Ref="i353"/><isCustomized>false</isCustomized></URDFElement><URDFElement z:Id="i355" i:type="Geometry"><Attributes/><ChildElements><URDFElement z:Id="i356" i:type="Mesh"><Attributes><Attribute z:Id="i357"><AttributeType>filename</AttributeType><IsRequired>true</IsRequired><Value i:nil="true"/></Attribute></Attributes><ChildElements/><ElementName>mesh</ElementName><required>false</required><FilenameAttribute z:Ref="i357"/></URDFElement></ChildElements><ElementName>geometry</ElementName><required>true</required><Mesh z:Ref="i356"/></URDFElement><URDFElement z:Id="i358" i:type="Material"><Attributes><Attribute z:Id="i359"><AttributeType>name</AttributeType><IsRequired>true</IsRequired><Value i:type="a:string" xmlns:a="http://www.w3.org/2001/XMLSchema"/></Attribute></Attributes><ChildElements><URDFElement z:Id="i360" i:type="Color"><Attributes><Attribute z:Id="i361"><AttributeType>rgba</AttributeType><IsRequired>true</IsRequired><Value i:type="a:ArrayOfdouble" xmlns:a="http://schemas.microsoft.com/2003/10/Serialization/Arrays"><a:double>1</a:double><a:double>1</a:double><a:double>1</a:double><a:double>1</a:double></Value></Attribute></Attributes><ChildElements/><ElementName>color</ElementName><required>false</required><RGBAAttribute z:Ref="i361"/></URDFElement><URDFElement z:Id="i362" i:type="Texture"><Attributes><Attribute z:Id="i363"><AttributeType>filename</AttributeType><IsRequired>true</IsRequired><Value i:nil="true"/></Attribute></Attributes><ChildElements/><ElementName>texture</ElementName><required>false</required><FilenameAttribute z:Ref="i363"/><wFilename/></URDFElement></ChildElements><ElementName>material</ElementName><required>false</required><Color z:Ref="i360"/><NameAttribute z:Ref="i359"/><Texture z:Ref="i362"/></URDFElement></ChildElements><ElementName>visual</ElementName><required>false</required><Geometry z:Ref="i355"/><Material z:Ref="i358"/><Origin z:Ref="i352"/></URDFElement><URDFElement z:Id="i364" i:type="Collision"><Attributes/><ChildElements><URDFElement z:Id="i365" i:type="Origin"><Attributes><Attribute z:Id="i366"><AttributeType>xyz</AttributeType><IsRequired>true</IsRequired><Value i:type="a:ArrayOfdouble" xmlns:a="http://schemas.microsoft.com/2003/10/Serialization/Arrays"><a:double>0</a:double><a:double>0</a:double><a:double>0</a:double></Value></Attribute><Attribute z:Id="i367"><AttributeType>rpy</AttributeType><IsRequired>true</IsRequired><Value i:type="a:ArrayOfdouble" xmlns:a="http://schemas.microsoft.com/2003/10/Serialization/Arrays"><a:double>0</a:double><a:double>0</a:double><a:double>0</a:double></Value></Attribute></Attributes><ChildElements/><ElementName>origin</ElementName><required>false</required><RPYAttribute z:Ref="i367"/><XYZAttribute z:Ref="i366"/><isCustomized>false</isCustomized></URDFElement><URDFElement z:Id="i368" i:type="Geometry"><Attributes/><ChildElements><URDFElement z:Id="i369" i:type="Mesh"><Attributes><Attribute z:Id="i370"><AttributeType>filename</AttributeType><IsRequired>true</IsRequired><Value i:nil="true"/></Attribute></Attributes><ChildElements/><ElementName>mesh</ElementName><required>false</required><FilenameAttribute z:Ref="i370"/></URDFElement></ChildElements><ElementName>geometry</ElementName><required>true</required><Mesh z:Ref="i369"/></URDFElement></ChildElements><ElementName>collision</ElementName><required>false</required><Geometry z:Ref="i368"/><Origin z:Ref="i365"/></URDFElement><URDFElement z:Id="i371" i:type="Joint"><Attributes><Attribute z:Id="i372"><AttributeType>name</AttributeType><IsRequired>true</IsRequired><Value i:type="a:string" xmlns:a="http://www.w3.org/2001/XMLSchema">Sol On </Value></Attribute><Attribute z:Id="i373"><AttributeType>type</AttributeType><IsRequired>true</IsRequired><Value i:type="a:string" xmlns:a="http://www.w3.org/2001/XMLSchema">continuous</Value></Attribute></Attributes><ChildElements><URDFElement z:Id="i374" i:type="Origin"><Attributes><Attribute z:Id="i375"><AttributeType>xyz</AttributeType><IsRequired>true</IsRequired><Value i:type="a:ArrayOfdouble" xmlns:a="http://schemas.microsoft.com/2003/10/Serialization/Arrays"><a:double>0</a:double><a:double>0</a:double><a:double>0</a:double></Value></Attribute><Attribute z:Id="i376"><AttributeType>rpy</AttributeType><IsRequired>true</IsRequired><Value i:type="a:ArrayOfdouble" xmlns:a="http://schemas.microsoft.com/2003/10/Serialization/Arrays"><a:double>0</a:double><a:double>0</a:double><a:double>0</a:double></Value></Attribute></Attributes><ChildElements/><ElementName>origin</ElementName><required>false</required><RPYAttribute z:Ref="i376"/><XYZAttribute z:Ref="i375"/><isCustomized>false</isCustomized></URDFElement><URDFElement z:Id="i377" i:type="ParentLink"><Attributes><Attribute z:Id="i378"><AttributeType>link</AttributeType><IsRequired>true</IsRequired><Value i:type="a:string" xmlns:a="http://www.w3.org/2001/XMLSchema"/></Attribute></Attributes><ChildElements/><ElementName>parent</ElementName><required>true</required><NameAttribute z:Ref="i378"/></URDFElement><URDFElement z:Id="i379" i:type="ChildLink"><Attributes><Attribute z:Id="i380"><AttributeType>link</AttributeType><IsRequired>true</IsRequired><Value i:type="a:string" xmlns:a="http://www.w3.org/2001/XMLSchema"/></Attribute></Attributes><ChildElements/><ElementName>child</ElementName><required>true</required><NameAttribute z:Ref="i380"/></URDFElement><URDFElement z:Id="i381" i:type="Axis"><Attributes><Attribute z:Id="i382"><AttributeType>xyz</AttributeType><IsRequired>true</IsRequired><Value i:type="a:ArrayOfdouble" xmlns:a="http://schemas.microsoft.com/2003/10/Serialization/Arrays"><a:double>0</a:double><a:double>0</a:double><a:double>0</a:double></Value></Attribute></Attributes><ChildElements/><ElementName>axis</ElementName><required>false</required><XYZAttribute z:Ref="i382"/></URDFElement><URDFElement z:Id="i383" i:type="Limit"><Attributes><Attribute z:Id="i384"><AttributeType>lower</AttributeType><IsRequired>false</IsRequired><Value i:nil="true"/></Attribute><Attribute z:Id="i385"><AttributeType>upper</AttributeType><IsRequired>false</IsRequired><Value i:nil="true"/></Attribute><Attribute z:Id="i386"><AttributeType>effort</AttributeType><IsRequired>true</IsRequired><Value i:nil="true"/></Attribute><Attribute z:Id="i387"><AttributeType>velocity</AttributeType><IsRequired>true</IsRequired><Value i:nil="true"/></Attribute></Attributes><ChildElements/><ElementName>limit</ElementName><required>false</required><EffortAttribute z:Ref="i386"/><LowerAttribute z:Ref="i384"/><UpperAttribute z:Ref="i385"/><VelocityAttribute z:Ref="i387"/></URDFElement><URDFElement z:Id="i388" i:type="Calibration"><Attributes><Attribute z:Id="i389"><AttributeType>rising</AttributeType><IsRequired>false</IsRequired><Value i:nil="true"/></Attribute><Attribute z:Id="i390"><AttributeType>falling</AttributeType><IsRequired>false</IsRequired><Value i:nil="true"/></Attribute></Attributes><ChildElements/><ElementName>calibration</ElementName><required>false</required><FallingAttribute z:Ref="i390"/><RisingAttribute z:Ref="i389"/></URDFElement><URDFElement z:Id="i391" i:type="Dynamics"><Attributes><Attribute z:Id="i392"><AttributeType>damping</AttributeType><IsRequired>false</IsRequired><Value i:nil="true"/></Attribute><Attribute z:Id="i393"><AttributeType>friction</AttributeType><IsRequired>false</IsRequired><Value i:nil="true"/></Attribute></Attributes><ChildElements/><ElementName>dynamics</ElementName><required>false</required><DampingAttribute z:Ref="i392"/><FrictionAttribute z:Ref="i393"/></URDFElement><URDFElement z:Id="i394" i:type="SafetyController"><Attributes><Attribute z:Id="i395"><AttributeType>soft_upper_limit</AttributeType><IsRequired>false</IsRequired><Value i:nil="true"/></Attribute><Attribute z:Id="i396"><AttributeType>soft_lower_limit</AttributeType><IsRequired>false</IsRequired><Value i:nil="true"/></Attribute><Attribute z:Id="i397"><AttributeType>k_position</AttributeType><IsRequired>false</IsRequired><Value i:nil="true"/></Attribute><Attribute z:Id="i398"><AttributeType>k_velocity</AttributeType><IsRequired>true</IsRequired><Value i:nil="true"/></Attribute></Attributes><ChildElements/><ElementName>safety_controller</ElementName><required>false</required><KPositionAttribute z:Ref="i397"/><KVelocityAttribute z:Ref="i398"/><SoftLowerAttribute z:Ref="i396"/><SoftUpperAttribute z:Ref="i395"/></URDFElement><URDFElement z:Id="i399" i:type="Mimic"><Attributes><Attribute z:Id="i400"><AttributeType>joint</AttributeType><IsRequired>true</IsRequired><Value i:nil="true"/></Attribute><Attribute z:Id="i401"><AttributeType>multiplier</AttributeType><IsRequired>false</IsRequired><Value i:nil="true"/></Attribute><Attribute z:Id="i402"><AttributeType>offset</AttributeType><IsRequired>false</IsRequired><Value i:nil="true"/></Attribute></Attributes><ChildElements/><ElementName>mimic</ElementName><required>false</required><JointNameAttribute z:Ref="i400"/><MultiplierAttribute z:Ref="i401"/><OffsetAttribute z:Ref="i402"/></URDFElement></ChildElements><ElementName>joint</ElementName><required>false</required><Axis z:Ref="i381"/><AxisName>Eksen5</AxisName><Calibration z:Ref="i388"/><Child z:Ref="i379"/><CoordinateSystemName>Koordinat Sistemi6</CoordinateSystemName><Dynamics z:Ref="i391"/><Limit z:Ref="i383"/><Mimic z:Ref="i399"/><NameAttribute z:Ref="i372"/><Origin z:Ref="i374"/><Parent z:Ref="i377"/><Safety z:Ref="i394"/><TypeAttribute z:Ref="i373"/></URDFElement></ChildElements><ElementName>link</ElementName><required>true</required><Children/><Collision z:Ref="i364"/><Inertial z:Ref="i338"/><Joint z:Ref="i371"/><NameAttribute z:Ref="i337"/><Parent z:Ref="i269"/><STLQualityFine>false</STLQualityFine><SWComponentPIDs xmlns:a="http://schemas.microsoft.com/2003/10/Serialization/Arrays"><a:base64Binary>gD4AAAUAAAD//v8hdABlAGsAZQByAGwAZQBrACAAKAAyACkALQAzAEAAZwD2AHYAZABlACAAVQByAGQAZgAgAE0AbwBuAHQAYQBqADEBBAAAABAAAAABAAAAAQAAAMEAAAA=</a:base64Binary></SWComponentPIDs><SWMainComponentPID i:nil="true"/><Visual z:Ref="i351"/><isFixedFrame>false</isFixedFrame><isIncomplete>false</isIncomplete></Link><Link z:Id="i403"><Attributes><Attribute z:Id="i404"><AttributeType>name</AttributeType><IsRequired>true</IsRequired><Value i:type="a:string" xmlns:a="http://www.w3.org/2001/XMLSchema">Sol Arka</Value></Attribute></Attributes><ChildElements><URDFElement z:Id="i405" i:type="Inertial"><Attributes/><ChildElements><URDFElement z:Id="i406" i:type="Origin"><Attributes><Attribute z:Id="i407"><AttributeType>xyz</AttributeType><IsRequired>true</IsRequired><Value i:type="a:ArrayOfdouble" xmlns:a="http://schemas.microsoft.com/2003/10/Serialization/Arrays"><a:double>0</a:double><a:double>0</a:double><a:double>0</a:double></Value></Attribute><Attribute z:Id="i408"><AttributeType>rpy</AttributeType><IsRequired>true</IsRequired><Value i:type="a:ArrayOfdouble" xmlns:a="http://schemas.microsoft.com/2003/10/Serialization/Arrays"><a:double>0</a:double><a:double>0</a:double><a:double>0</a:double></Value></Attribute></Attributes><ChildElements/><ElementName>origin</ElementName><required>false</required><RPYAttribute z:Ref="i408"/><XYZAttribute z:Ref="i407"/><isCustomized>false</isCustomized></URDFElement><URDFElement z:Id="i409" i:type="Mass"><Attributes><Attribute z:Id="i410"><AttributeType>value</AttributeType><IsRequired>true</IsRequired><Value i:type="a:double" xmlns:a="http://www.w3.org/2001/XMLSchema">0</Value></Attribute></Attributes><ChildElements/><ElementName>mass</ElementName><required>false</required><ValueAttribute z:Ref="i410"/></URDFElement><URDFElement z:Id="i411" i:type="Inertia"><Attributes><Attribute z:Id="i412"><AttributeType>ixx</AttributeType><IsRequired>true</IsRequired><Value i:type="a:double" xmlns:a="http://www.w3.org/2001/XMLSchema">0</Value></Attribute><Attribute z:Id="i413"><AttributeType>ixy</AttributeType><IsRequired>true</IsRequired><Value i:type="a:double" xmlns:a="http://www.w3.org/2001/XMLSchema">0</Value></Attribute><Attribute z:Id="i414"><AttributeType>ixz</AttributeType><IsRequired>true</IsRequired><Value i:type="a:double" xmlns:a="http://www.w3.org/2001/XMLSchema">0</Value></Attribute><Attribute z:Id="i415"><AttributeType>iyy</AttributeType><IsRequired>true</IsRequired><Value i:type="a:double" xmlns:a="http://www.w3.org/2001/XMLSchema">0</Value></Attribute><Attribute z:Id="i416"><AttributeType>iyz</AttributeType><IsRequired>true</IsRequired><Value i:type="a:double" xmlns:a="http://www.w3.org/2001/XMLSchema">0</Value></Attribute><Attribute z:Id="i417"><AttributeType>izz</AttributeType><IsRequired>true</IsRequired><Value i:type="a:double" xmlns:a="http://www.w3.org/2001/XMLSchema">0</Value></Attribute></Attributes><ChildElements/><ElementName>inertia</ElementName><required>false</required><IxxAttribute z:Ref="i412"/><IxyAttribute z:Ref="i413"/><IxzAttribute z:Ref="i414"/><IyyAttribute z:Ref="i415"/><IyzAttribute z:Ref="i416"/><IzzAttribute z:Ref="i417"/></URDFElement></ChildElements><ElementName>inertial</ElementName><required>false</required><Inertia z:Ref="i411"/><Mass z:Ref="i409"/><Origin z:Ref="i406"/></URDFElement><URDFElement z:Id="i418" i:type="Visual"><Attributes/><ChildElements><URDFElement z:Id="i419" i:type="Origin"><Attributes><Attribute z:Id="i420"><AttributeType>xyz</AttributeType><IsRequired>true</IsRequired><Value i:type="a:ArrayOfdouble" xmlns:a="http://schemas.microsoft.com/2003/10/Serialization/Arrays"><a:double>0</a:double><a:double>0</a:double><a:double>0</a:double></Value></Attribute><Attribute z:Id="i421"><AttributeType>rpy</AttributeType><IsRequired>true</IsRequired><Value i:type="a:ArrayOfdouble" xmlns:a="http://schemas.microsoft.com/2003/10/Serialization/Arrays"><a:double>0</a:double><a:double>0</a:double><a:double>0</a:double></Value></Attribute></Attributes><ChildElements/><ElementName>origin</ElementName><required>false</required><RPYAttribute z:Ref="i421"/><XYZAttribute z:Ref="i420"/><isCustomized>false</isCustomized></URDFElement><URDFElement z:Id="i422" i:type="Geometry"><Attributes/><ChildElements><URDFElement z:Id="i423" i:type="Mesh"><Attributes><Attribute z:Id="i424"><AttributeType>filename</AttributeType><IsRequired>true</IsRequired><Value i:nil="true"/></Attribute></Attributes><ChildElements/><ElementName>mesh</ElementName><required>false</required><FilenameAttribute z:Ref="i424"/></URDFElement></ChildElements><ElementName>geometry</ElementName><required>true</required><Mesh z:Ref="i423"/></URDFElement><URDFElement z:Id="i425" i:type="Material"><Attributes><Attribute z:Id="i426"><AttributeType>name</AttributeType><IsRequired>true</IsRequired><Value i:type="a:string" xmlns:a="http://www.w3.org/2001/XMLSchema"/></Attribute></Attributes><ChildElements><URDFElement z:Id="i427" i:type="Color"><Attributes><Attribute z:Id="i428"><AttributeType>rgba</AttributeType><IsRequired>true</IsRequired><Value i:type="a:ArrayOfdouble" xmlns:a="http://schemas.microsoft.com/2003/10/Serialization/Arrays"><a:double>1</a:double><a:double>1</a:double><a:double>1</a:double><a:double>1</a:double></Value></Attribute></Attributes><ChildElements/><ElementName>color</ElementName><required>false</required><RGBAAttribute z:Ref="i428"/></URDFElement><URDFElement z:Id="i429" i:type="Texture"><Attributes><Attribute z:Id="i430"><AttributeType>filename</AttributeType><IsRequired>true</IsRequired><Value i:nil="true"/></Attribute></Attributes><ChildElements/><ElementName>texture</ElementName><required>false</required><FilenameAttribute z:Ref="i430"/><wFilename/></URDFElement></ChildElements><ElementName>material</ElementName><required>false</required><Color z:Ref="i427"/><NameAttribute z:Ref="i426"/><Texture z:Ref="i429"/></URDFElement></ChildElements><ElementName>visual</ElementName><required>false</required><Geometry z:Ref="i422"/><Material z:Ref="i425"/><Origin z:Ref="i419"/></URDFElement><URDFElement z:Id="i431" i:type="Collision"><Attributes/><ChildElements><URDFElement z:Id="i432" i:type="Origin"><Attributes><Attribute z:Id="i433"><AttributeType>xyz</AttributeType><IsRequired>true</IsRequired><Value i:type="a:ArrayOfdouble" xmlns:a="http://schemas.microsoft.com/2003/10/Serialization/Arrays"><a:double>0</a:double><a:double>0</a:double><a:double>0</a:double></Value></Attribute><Attribute z:Id="i434"><AttributeType>rpy</AttributeType><IsRequired>true</IsRequired><Value i:type="a:ArrayOfdouble" xmlns:a="http://schemas.microsoft.com/2003/10/Serialization/Arrays"><a:double>0</a:double><a:double>0</a:double><a:double>0</a:double></Value></Attribute></Attributes><ChildElements/><ElementName>origin</ElementName><required>false</required><RPYAttribute z:Ref="i434"/><XYZAttribute z:Ref="i433"/><isCustomized>false</isCustomized></URDFElement><URDFElement z:Id="i435" i:type="Geometry"><Attributes/><ChildElements><URDFElement z:Id="i436" i:type="Mesh"><Attributes><Attribute z:Id="i437"><AttributeType>filename</AttributeType><IsRequired>true</IsRequired><Value i:nil="true"/></Attribute></Attributes><ChildElements/><ElementName>mesh</ElementName><required>false</required><FilenameAttribute z:Ref="i437"/></URDFElement></ChildElements><ElementName>geometry</ElementName><required>true</required><Mesh z:Ref="i436"/></URDFElement></ChildElements><ElementName>collision</ElementName><required>false</required><Geometry z:Ref="i435"/><Origin z:Ref="i432"/></URDFElement><URDFElement z:Id="i438" i:type="Joint"><Attributes><Attribute z:Id="i439"><AttributeType>name</AttributeType><IsRequired>true</IsRequired><Value i:type="a:string" xmlns:a="http://www.w3.org/2001/XMLSchema">Sol Arka</Value></Attribute><Attribute z:Id="i440"><AttributeType>type</AttributeType><IsRequired>true</IsRequired><Value i:type="a:string" xmlns:a="http://www.w3.org/2001/XMLSchema">continuous</Value></Attribute></Attributes><ChildElements><URDFElement z:Id="i441" i:type="Origin"><Attributes><Attribute z:Id="i442"><AttributeType>xyz</AttributeType><IsRequired>true</IsRequired><Value i:type="a:ArrayOfdouble" xmlns:a="http://schemas.microsoft.com/2003/10/Serialization/Arrays"><a:double>0</a:double><a:double>0</a:double><a:double>0</a:double></Value></Attribute><Attribute z:Id="i443"><AttributeType>rpy</AttributeType><IsRequired>true</IsRequired><Value i:type="a:ArrayOfdouble" xmlns:a="http://schemas.microsoft.com/2003/10/Serialization/Arrays"><a:double>0</a:double><a:double>0</a:double><a:double>0</a:double></Value></Attribute></Attributes><ChildElements/><ElementName>origin</ElementName><required>false</required><RPYAttribute z:Ref="i443"/><XYZAttribute z:Ref="i442"/><isCustomized>false</isCustomized></URDFElement><URDFElement z:Id="i444" i:type="ParentLink"><Attributes><Attribute z:Id="i445"><AttributeType>link</AttributeType><IsRequired>true</IsRequired><Value i:type="a:string" xmlns:a="http://www.w3.org/2001/XMLSchema"/></Attribute></Attributes><ChildElements/><ElementName>parent</ElementName><required>true</required><NameAttribute z:Ref="i445"/></URDFElement><URDFElement z:Id="i446" i:type="ChildLink"><Attributes><Attribute z:Id="i447"><AttributeType>link</AttributeType><IsRequired>true</IsRequired><Value i:type="a:string" xmlns:a="http://www.w3.org/2001/XMLSchema"/></Attribute></Attributes><ChildElements/><ElementName>child</ElementName><required>true</required><NameAttribute z:Ref="i447"/></URDFElement><URDFElement z:Id="i448" i:type="Axis"><Attributes><Attribute z:Id="i449"><AttributeType>xyz</AttributeType><IsRequired>true</IsRequired><Value i:type="a:ArrayOfdouble" xmlns:a="http://schemas.microsoft.com/2003/10/Serialization/Arrays"><a:double>0</a:double><a:double>0</a:double><a:double>0</a:double></Value></Attribute></Attributes><ChildElements/><ElementName>axis</ElementName><required>false</required><XYZAttribute z:Ref="i449"/></URDFElement><URDFElement z:Id="i450" i:type="Limit"><Attributes><Attribute z:Id="i451"><AttributeType>lower</AttributeType><IsRequired>false</IsRequired><Value i:nil="true"/></Attribute><Attribute z:Id="i452"><AttributeType>upper</AttributeType><IsRequired>false</IsRequired><Value i:nil="true"/></Attribute><Attribute z:Id="i453"><AttributeType>effort</AttributeType><IsRequired>true</IsRequired><Value i:nil="true"/></Attribute><Attribute z:Id="i454"><AttributeType>velocity</AttributeType><IsRequired>true</IsRequired><Value i:nil="true"/></Attribute></Attributes><ChildElements/><ElementName>limit</ElementName><required>false</required><EffortAttribute z:Ref="i453"/><LowerAttribute z:Ref="i451"/><UpperAttribute z:Ref="i452"/><VelocityAttribute z:Ref="i454"/></URDFElement><URDFElement z:Id="i455" i:type="Calibration"><Attributes><Attribute z:Id="i456"><AttributeType>rising</AttributeType><IsRequired>false</IsRequired><Value i:nil="true"/></Attribute><Attribute z:Id="i457"><AttributeType>falling</AttributeType><IsRequired>false</IsRequired><Value i:nil="true"/></Attribute></Attributes><ChildElements/><ElementName>calibration</ElementName><required>false</required><FallingAttribute z:Ref="i457"/><RisingAttribute z:Ref="i456"/></URDFElement><URDFElement z:Id="i458" i:type="Dynamics"><Attributes><Attribute z:Id="i459"><AttributeType>damping</AttributeType><IsRequired>false</IsRequired><Value i:nil="true"/></Attribute><Attribute z:Id="i460"><AttributeType>friction</AttributeType><IsRequired>false</IsRequired><Value i:nil="true"/></Attribute></Attributes><ChildElements/><ElementName>dynamics</ElementName><required>false</required><DampingAttribute z:Ref="i459"/><FrictionAttribute z:Ref="i460"/></URDFElement><URDFElement z:Id="i461" i:type="SafetyController"><Attributes><Attribute z:Id="i462"><AttributeType>soft_upper_limit</AttributeType><IsRequired>false</IsRequired><Value i:nil="true"/></Attribute><Attribute z:Id="i463"><AttributeType>soft_lower_limit</AttributeType><IsRequired>false</IsRequired><Value i:nil="true"/></Attribute><Attribute z:Id="i464"><AttributeType>k_position</AttributeType><IsRequired>false</IsRequired><Value i:nil="true"/></Attribute><Attribute z:Id="i465"><AttributeType>k_velocity</AttributeType><IsRequired>true</IsRequired><Value i:nil="true"/></Attribute></Attributes><ChildElements/><ElementName>safety_controller</ElementName><required>false</required><KPositionAttribute z:Ref="i464"/><KVelocityAttribute z:Ref="i465"/><SoftLowerAttribute z:Ref="i463"/><SoftUpperAttribute z:Ref="i462"/></URDFElement><URDFElement z:Id="i466" i:type="Mimic"><Attributes><Attribute z:Id="i467"><AttributeType>joint</AttributeType><IsRequired>true</IsRequired><Value i:nil="true"/></Attribute><Attribute z:Id="i468"><AttributeType>multiplier</AttributeType><IsRequired>false</IsRequired><Value i:nil="true"/></Attribute><Attribute z:Id="i469"><AttributeType>offset</AttributeType><IsRequired>false</IsRequired><Value i:nil="true"/></Attribute></Attributes><ChildElements/><ElementName>mimic</ElementName><required>false</required><JointNameAttribute z:Ref="i467"/><MultiplierAttribute z:Ref="i468"/><OffsetAttribute z:Ref="i469"/></URDFElement></ChildElements><ElementName>joint</ElementName><required>false</required><Axis z:Ref="i448"/><AxisName>Eksen3</AxisName><Calibration z:Ref="i455"/><Child z:Ref="i446"/><CoordinateSystemName>Koordinat Sistemi3</CoordinateSystemName><Dynamics z:Ref="i458"/><Limit z:Ref="i450"/><Mimic z:Ref="i466"/><NameAttribute z:Ref="i439"/><Origin z:Ref="i441"/><Parent z:Ref="i444"/><Safety z:Ref="i461"/><TypeAttribute z:Ref="i440"/></URDFElement></ChildElements><ElementName>link</ElementName><required>true</required><Children/><Collision z:Ref="i431"/><Inertial z:Ref="i405"/><Joint z:Ref="i438"/><NameAttribute z:Ref="i404"/><Parent z:Ref="i269"/><STLQualityFine>false</STLQualityFine><SWComponentPIDs xmlns:a="http://schemas.microsoft.com/2003/10/Serialization/Arrays"><a:base64Binary>gD4AAAUAAAD//v8hdABlAGsAZQByAGwAZQBrACAAKAAyACkALQAyAEAAZwD2AHYAZABlACAAVQByAGQAZgAgAE0AbwBuAHQAYQBqADEBBAAAABAAAAABAAAAAQAAAMAAAAA=</a:base64Binary></SWComponentPIDs><SWMainComponentPID i:nil="true"/><Visual z:Ref="i418"/><isFixedFrame>false</isFixedFrame><isIncomplete>false</isIncomplete></Link></Children><Collision z:Ref="i297"/><Inertial z:Ref="i271"/><Joint z:Ref="i304"/><NameAttribute z:Ref="i270"/><Parent z:Ref="i1"/><STLQualityFine>false</STLQualityFine><SWComponentPIDs xmlns:a="http://schemas.microsoft.com/2003/10/Serialization/Arrays"><a:base64Binary>gD4AAAUAAAD//v9uXwFpAG0AZABpAGwAaQBrACAAbQBvAG4AdABhAGoAIABnAPYAdgBkAGUAIABkADEBXwEuAHMAdABlAHAALQAxAEAAZwD2AHYAZABlACAAVQByAGQAZgAgAE0AbwBuAHQAYQBqADEBLwBiAGEAHwFsAGEAbgB0ADEBIABwAGEAcgBfAFgAXwBFADcAYQBzADEBLgBzAHQAZQBwAC0AMQBAAF8BaQBtAGQAaQBsAGkAawAgAG0AbwBuAHQAYQBqACAAZwD2AHYAZABlACAAZAAxAV8BLgBzAHQAZQBwAAQAAAAQAAAAAQAAAAIAAABvAAAAGQAAAA==</a:base64Binary><a:base64Binary>gD4AAAUAAAD//v8lTQBvAG4AdABhAGoANgAgACgAMQApAC4AcwB0AGUAcAAtADMAQABnAPYAdgBkAGUAIABVAHIAZABmACAATQBvAG4AdABhAGoAMQEEAAAAEAAAAAEAAAABAAAAtAAAAA==</a:base64Binary><a:base64Binary>gD4AAAUAAAD//v8lTQBvAG4AdABhAGoANgAgACgAMQApAC4AcwB0AGUAcAAtADQAQABnAPYAdgBkAGUAIABVAHIAZABmACAATQBvAG4AdABhAGoAMQEEAAAAEAAAAAEAAAABAAAAtQAAAA==</a:base64Binary><a:base64Binary>gD4AAAUAAAD//v9uXwFpAG0AZABpAGwAaQBrACAAbQBvAG4AdABhAGoAIABnAPYAdgBkAGUAIABkADEBXwEuAHMAdABlAHAALQAyAEAAZwD2AHYAZABlACAAVQByAGQAZgAgAE0AbwBuAHQAYQBqADEBLwBiAGEAHwFsAGEAbgB0ADEBIABwAGEAcgBfAFgAXwBFADcAYQBzADEBLgBzAHQAZQBwAC0AMQBAAF8BaQBtAGQAaQBsAGkAawAgAG0AbwBuAHQAYQBqACAAZwD2AHYAZABlACAAZAAxAV8BLgBzAHQAZQBwAAQAAAAQAAAAAQAAAAIAAAB+AAAAGQAAAA==</a:base64Binary><a:base64Binary>gD4AAAUAAAD//v9oXwFpAG0AZABpAGwAaQBrACAAbQBvAG4AdABhAGoAIABnAPYAdgBkAGUAIABkADEBXwEuAHMAdABlAHAALQAyAEAAZwD2AHYAZABlACAAVQByAGQAZgAgAE0AbwBuAHQAYQBqADEBLwBTAEsARgBfAEYAWQBUAEIAIAAyADAAIABUAEYALgBzAHQAZQBwAC0AMQBAAF8BaQBtAGQAaQBsAGkAawAgAG0AbwBuAHQAYQBqACAAZwD2AHYAZABlACAAZAAxAV8BLgBzAHQAZQBwAAQAAAAQAAAAAQAAAAIAAAB+AAAAGAAAAA==</a:base64Binary><a:base64Binary>gD4AAAUAAAD//v8zXwFpAG0AZABpAGwAaQBrACAAbQBvAG4AdABhAGoAIABnAPYAdgBkAGUAIABkADEBXwEuAHMAdABlAHAALQAyAEAAZwD2AHYAZABlACAAVQByAGQAZgAgAE0AbwBuAHQAYQBqADEBBAAAABAAAAABAAAAAQAAAH4AAAA=</a:base64Binary><a:base64Binary>gD4AAAUAAAD//v8oMwAwACAAeAAgADMAMAAgAHAAcgBvAGYAaQBsAC4AcwB0AGUAcAAtADIAQABnAPYAdgBkAGUAIABVAHIAZABmACAATQBvAG4AdABhAGoAMQEEAAAAEAAAAAEAAAABAAAAcQAAAA==</a:base64Binary><a:base64Binary>gD4AAAUAAAD//v8oMwAwACAAeAAgADMAMAAgAHAAcgBvAGYAaQBsAC4AcwB0AGUAcAAtADEAQABnAPYAdgBkAGUAIABVAHIAZABmACAATQBvAG4AdABhAGoAMQEEAAAAEAAAAAEAAAABAAAAcAAAAA==</a:base64Binary><a:base64Binary>gD4AAAUAAAD//v8zXwFpAG0AZABpAGwAaQBrACAAbQBvAG4AdABhAGoAIABnAPYAdgBkAGUAIABkADEBXwEuAHMAdABlAHAALQAxAEAAZwD2AHYAZABlACAAVQByAGQAZgAgAE0AbwBuAHQAYQBqADEBBAAAABAAAAABAAAAAQAAAG8AAAA=</a:base64Binary></SWComponentPIDs><SWMainComponentPID i:nil="true"/><Visual z:Ref="i284"/><isFixedFrame>false</isFixedFrame><isIncomplete>false</isIncomplete></Link></Children><Collision z:Ref="i29"/><Inertial z:Ref="i3"/><Joint z:Ref="i36"/><NameAttribute z:Ref="i2"/><Parent i:nil="true"/><STLQualityFine>false</STLQualityFine><SWComponentPIDs xmlns:a="http://schemas.microsoft.com/2003/10/Serialization/Arrays"><a:base64Binary>gD4AAAUAAAD//v8aaABhAHoAbgBlAC0AMQBAAGcA9gB2AGQAZQAgAFUAcgBkAGYAIABNAG8AbgB0AGEAagAxAQQAAAAQAAAAAQAAAAEAAAAYAAAA</a:base64Binary></SWComponentPIDs><SWMainComponentPID i:nil="true"/><Visual z:Ref="i16"/><isFixedFrame>false</isFixedFrame><isIncomplete>false</isIncomplete></Link>
2026-01-23 01:11:35,838 INFO  AssemblyExportForm.cs: 309 - Saving URDF package to C:\Users\strik\Desktop\Gövde Urdf\URDF\gövde Urdf Montajý
2026-01-23 01:11:35,840 INFO  ExportHelper.cs: 147 - Beginning the export process
2026-01-23 01:11:35,841 INFO  ExportHelper.cs: 153 - Creating package directories with name gövde Urdf Montajý and save path C:\Users\strik\Desktop\Gövde Urdf\URDF
2026-01-23 01:11:38,408 INFO  ExportHelper.cs: 162 - Creating CMakeLists.txt at C:\Users\strik\Desktop\Gövde Urdf\URDF\gövde Urdf Montajý\CMakeLists.txt
2026-01-23 01:11:38,410 INFO  ExportHelper.cs: 166 - Creating joint names config at C:\Users\strik\Desktop\Gövde Urdf\URDF\gövde Urdf Montajý\config\joint_names_gövde Urdf Montajý.yaml
2026-01-23 01:11:38,412 INFO  ExportHelper.cs: 170 - Creating package.xml at C:\Users\strik\Desktop\Gövde Urdf\URDF\gövde Urdf Montajý\package.xml
2026-01-23 01:11:38,415 INFO  PackageXMLWriter.cs: 21 - Creating package.xml at C:\Users\strik\Desktop\Gövde Urdf\URDF\gövde Urdf Montajý\package.xml
2026-01-23 01:11:38,424 INFO  ExportHelper.cs: 177 - Creating RVIZ launch file in C:\Users\strik\Desktop\Gövde Urdf\URDF\gövde Urdf Montajý\launch\
2026-01-23 01:11:38,429 INFO  ExportHelper.cs: 182 - Creating Gazebo launch file in C:\Users\strik\Desktop\Gövde Urdf\URDF\gövde Urdf Montajý\launch\
2026-01-23 01:11:38,431 INFO  ExportHelper.cs: 187 - Saving existing STL preferences
2026-01-23 01:11:38,431 INFO  ExportHelper.cs: 450 - Saving users preferences
2026-01-23 01:11:38,433 INFO  ExportHelper.cs: 190 - Modifying STL preferences
2026-01-23 01:11:38,435 INFO  ExportHelper.cs: 464 - Setting STL preferences
2026-01-23 01:11:38,447 INFO  ExportHelper.cs: 196 - Found 0 hidden components 
2026-01-23 01:11:38,447 INFO  ExportHelper.cs: 197 - Hiding all components
2026-01-23 01:11:38,997 INFO  ExportHelper.cs: 204 - Beginning individual files export
2026-01-23 01:11:38,999 INFO  ExportHelper.cs: 270 - Exporting link: base_link
2026-01-23 01:11:38,999 INFO  ExportHelper.cs: 272 - Link base_link has 2 children
2026-01-23 01:11:39,000 INFO  ExportHelper.cs: 270 - Exporting link: Sag suspansiyon merkezi
2026-01-23 01:11:39,001 INFO  ExportHelper.cs: 272 - Link Sag suspansiyon merkezi has 2 children
2026-01-23 01:11:39,001 INFO  ExportHelper.cs: 270 - Exporting link: Sag On
2026-01-23 01:11:39,001 INFO  ExportHelper.cs: 272 - Link Sag On has 0 children
2026-01-23 01:11:39,003 INFO  ExportHelper.cs: 317 - Sag On: Exporting STL with coordinate frame Koordinat Sistemi4
2026-01-23 01:11:39,003 INFO  ExportHelper.cs: 322 - Sag On: Reference geometry name 
2026-01-23 01:11:39,137 INFO  ExportHelper.cs: 330 - Saving STL to C:\Users\strik\Desktop\Gövde Urdf\URDF\gövde Urdf Montajý\meshes\Sag On.STL
2026-01-23 01:11:39,555 INFO  ExportHelper.cs: 405 - Removing SW header in STL file
2026-01-23 01:11:39,557 INFO  ExportHelper.cs: 270 - Exporting link: Sag Arka
2026-01-23 01:11:39,557 INFO  ExportHelper.cs: 272 - Link Sag Arka has 0 children
2026-01-23 01:11:39,557 INFO  ExportHelper.cs: 317 - Sag Arka: Exporting STL with coordinate frame Koordinat Sistemi5
2026-01-23 01:11:39,557 INFO  ExportHelper.cs: 322 - Sag Arka: Reference geometry name 
2026-01-23 01:11:39,580 INFO  ExportHelper.cs: 330 - Saving STL to C:\Users\strik\Desktop\Gövde Urdf\URDF\gövde Urdf Montajý\meshes\Sag Arka.STL
2026-01-23 01:11:39,791 INFO  ExportHelper.cs: 405 - Removing SW header in STL file
2026-01-23 01:11:39,793 INFO  ExportHelper.cs: 317 - Sag suspansiyon merkezi: Exporting STL with coordinate frame Koordinat Sistemi1
2026-01-23 01:11:39,793 INFO  ExportHelper.cs: 322 - Sag suspansiyon merkezi: Reference geometry name 
2026-01-23 01:11:40,144 INFO  ExportHelper.cs: 330 - Saving STL to C:\Users\strik\Desktop\Gövde Urdf\URDF\gövde Urdf Montajý\meshes\Sag suspansiyon merkezi.STL
2026-01-23 01:11:40,436 INFO  ExportHelper.cs: 405 - Removing SW header in STL file
2026-01-23 01:11:40,437 INFO  ExportHelper.cs: 270 - Exporting link: Sol Suspensiyon merkezi
2026-01-23 01:11:40,437 INFO  ExportHelper.cs: 272 - Link Sol Suspensiyon merkezi has 2 children
2026-01-23 01:11:40,438 INFO  ExportHelper.cs: 270 - Exporting link: Sol On
2026-01-23 01:11:40,438 INFO  ExportHelper.cs: 272 - Link Sol On has 0 children
2026-01-23 01:11:40,438 INFO  ExportHelper.cs: 317 - Sol On: Exporting STL with coordinate frame Koordinat Sistemi6
2026-01-23 01:11:40,438 INFO  ExportHelper.cs: 322 - Sol On: Reference geometry name 
2026-01-23 01:11:40,461 INFO  ExportHelper.cs: 330 - Saving STL to C:\Users\strik\Desktop\Gövde Urdf\URDF\gövde Urdf Montajý\meshes\Sol On.STL
2026-01-23 01:11:40,627 INFO  ExportHelper.cs: 405 - Removing SW header in STL file
2026-01-23 01:11:40,628 INFO  ExportHelper.cs: 270 - Exporting link: Sol Arka
2026-01-23 01:11:40,629 INFO  ExportHelper.cs: 272 - Link Sol Arka has 0 children
2026-01-23 01:11:40,629 INFO  ExportHelper.cs: 317 - Sol Arka: Exporting STL with coordinate frame Koordinat Sistemi3
2026-01-23 01:11:40,629 INFO  ExportHelper.cs: 322 - Sol Arka: Reference geometry name 
2026-01-23 01:11:40,653 INFO  ExportHelper.cs: 330 - Saving STL to C:\Users\strik\Desktop\Gövde Urdf\URDF\gövde Urdf Montajý\meshes\Sol Arka.STL
2026-01-23 01:11:40,820 INFO  ExportHelper.cs: 405 - Removing SW header in STL file
2026-01-23 01:11:40,821 INFO  ExportHelper.cs: 317 - Sol Suspensiyon merkezi: Exporting STL with coordinate frame Koordinat Sistemi2
2026-01-23 01:11:40,821 INFO  ExportHelper.cs: 322 - Sol Suspensiyon merkezi: Reference geometry name 
2026-01-23 01:11:41,072 INFO  ExportHelper.cs: 330 - Saving STL to C:\Users\strik\Desktop\Gövde Urdf\URDF\gövde Urdf Montajý\meshes\Sol Suspensiyon merkezi.STL
2026-01-23 01:11:42,467 INFO  ExportHelper.cs: 405 - Removing SW header in STL file
2026-01-23 01:11:42,467 INFO  ExportHelper.cs: 317 - base_link: Exporting STL with coordinate frame Koordinat Sistemi7
2026-01-23 01:11:42,468 INFO  ExportHelper.cs: 322 - base_link: Reference geometry name 
2026-01-23 01:11:42,494 INFO  ExportHelper.cs: 330 - Saving STL to C:\Users\strik\Desktop\Gövde Urdf\URDF\gövde Urdf Montajý\meshes\base_link.STL
2026-01-23 01:11:42,536 INFO  ExportHelper.cs: 405 - Removing SW header in STL file
2026-01-23 01:11:42,537 INFO  ExportHelper.cs: 145 - Showing all components except previously hidden components
2026-01-23 01:11:44,479 INFO  ExportHelper.cs: 145 - Resetting STL preferences
2026-01-23 01:11:44,480 INFO  ExportHelper.cs: 478 - Returning STL preferences to user preferences
2026-01-23 01:11:44,480 INFO  ExportHelper.cs: 228 - Writing URDF file to C:\Users\strik\Desktop\Gövde Urdf\URDF\gövde Urdf Montajý\urdf\gövde Urdf Montajý.urdf
2026-01-23 01:11:44,943 INFO  CSVImportExport.cs: 32 - Writing CSV file C:\Users\strik\Desktop\Gövde Urdf\URDF\gövde Urdf Montajý\urdf\gövde Urdf Montajý.csv
2026-01-23 01:11:44,973 ERROR CSVImportExport.cs: 130 - The following columns were not written to the CSV: Link.Joint.ChildLink.link,
2026-01-23 01:11:44,973 ERROR CSVImportExport.cs: 130 - The following columns were not written to the CSV: Link.Joint.ChildLink.link,
2026-01-23 01:11:44,973 ERROR CSVImportExport.cs: 130 - The following columns were not written to the CSV: Link.Joint.ChildLink.link,
2026-01-23 01:11:44,973 ERROR CSVImportExport.cs: 130 - The following columns were not written to the CSV: Link.Joint.ChildLink.link,
2026-01-23 01:11:44,973 ERROR CSVImportExport.cs: 130 - The following columns were not written to the CSV: Link.Joint.ChildLink.link,
2026-01-23 01:11:44,983 ERROR CSVImportExport.cs: 130 - The following columns were not written to the CSV: Link.Joint.ChildLink.link,
2026-01-23 01:11:44,983 ERROR CSVImportExport.cs: 130 - The following columns were not written to the CSV: Link.Joint.ChildLink.link,
2026-01-23 01:11:44,983 INFO  ExportHelper.cs: 234 - Copying log file
2026-01-23 01:11:44,991 INFO  ExportHelper.cs: 439 - Copying C:\Users\strik\sw2urdf_logs\sw2urdf.log to C:\Users\strik\Desktop\Gövde Urdf\URDF\gövde Urdf Montajý\export.log
